-- MySQL dump 10.13  Distrib 5.7.13, for linux-glibc2.5 (x86_64)
--
-- Host: localhost    Database: kts
-- ------------------------------------------------------
-- Server version	5.7.13

/*!40101 SET @OLD_CHARACTER_SET_CLIENT=@@CHARACTER_SET_CLIENT */;
/*!40101 SET @OLD_CHARACTER_SET_RESULTS=@@CHARACTER_SET_RESULTS */;
/*!40101 SET @OLD_COLLATION_CONNECTION=@@COLLATION_CONNECTION */;
/*!40101 SET NAMES utf8 */;
/*!40103 SET @OLD_TIME_ZONE=@@TIME_ZONE */;
/*!40103 SET TIME_ZONE='+00:00' */;
/*!40014 SET @OLD_UNIQUE_CHECKS=@@UNIQUE_CHECKS, UNIQUE_CHECKS=0 */;
/*!40014 SET @OLD_FOREIGN_KEY_CHECKS=@@FOREIGN_KEY_CHECKS, FOREIGN_KEY_CHECKS=0 */;
/*!40101 SET @OLD_SQL_MODE=@@SQL_MODE, SQL_MODE='NO_AUTO_VALUE_ON_ZERO' */;
/*!40111 SET @OLD_SQL_NOTES=@@SQL_NOTES, SQL_NOTES=0 */;

--
-- Table structure for table `kts_activity`
--

DROP TABLE IF EXISTS `kts_activity`;
/*!40101 SET @saved_cs_client     = @@character_set_client */;
/*!40101 SET character_set_client = utf8 */;
CREATE TABLE `kts_activity` (
  `act_id` mediumint(8) unsigned NOT NULL AUTO_INCREMENT COMMENT '自增ID号',
  `act_name` varchar(255) DEFAULT NULL COMMENT '促销活动的名称',
  `act_desc` text COMMENT '促销活动的描述',
  `act_stock` decimal(10,2) unsigned DEFAULT '0.00',
  `book_id` mediumint(8) unsigned DEFAULT NULL COMMENT '参加活动的id，取值于kts_book的book_id',
  `shop_id` int(10) unsigned DEFAULT NULL COMMENT '店铺ID',
  `shop_name` varchar(50) DEFAULT NULL COMMENT '店铺名称',
  `book_name` varchar(255) DEFAULT NULL COMMENT '商品的名称，取值于kts_book的name',
  `start_time` int(10) unsigned NOT NULL DEFAULT '0' COMMENT '活动开始时间',
  `end_time` int(10) unsigned NOT NULL DEFAULT '0' COMMENT '活动结束时间',
  `is_finished` tinyint(3) unsigned NOT NULL DEFAULT '1' COMMENT '活动是否结束，0，结束；1，未结束',
  `ext_info` decimal(10,2) DEFAULT '0.00' COMMENT '序列化后的促销活动的配置信息，包括最低价，最高价，出价幅度，保证金等',
  PRIMARY KEY (`act_id`),
  KEY `act_name` (`act_name`(191),`act_stock`,`book_id`) USING BTREE
) ENGINE=InnoDB DEFAULT CHARSET=utf8mb4 COMMENT='优惠促销活动详情表';
/*!40101 SET character_set_client = @saved_cs_client */;

--
-- Dumping data for table `kts_activity`
--

LOCK TABLES `kts_activity` WRITE;
/*!40000 ALTER TABLE `kts_activity` DISABLE KEYS */;
/*!40000 ALTER TABLE `kts_activity` ENABLE KEYS */;
UNLOCK TABLES;

--
-- Table structure for table `kts_answer`
--

DROP TABLE IF EXISTS `kts_answer`;
/*!40101 SET @saved_cs_client     = @@character_set_client */;
/*!40101 SET character_set_client = utf8 */;
CREATE TABLE `kts_answer` (
  `id` int(11) unsigned NOT NULL AUTO_INCREMENT,
  `fid` int(10) unsigned NOT NULL DEFAULT '0' COMMENT '父id',
  `type` tinyint(1) unsigned NOT NULL DEFAULT '0' COMMENT '类型：0话题,1书评',
  `three_id` int(11) unsigned NOT NULL DEFAULT '0' COMMENT '话题|书评id',
  `user_id` int(11) unsigned NOT NULL DEFAULT '0' COMMENT '发表人id',
  `user_name` varchar(50) NOT NULL COMMENT '发表人的昵称',
  `user_content` varchar(255) NOT NULL COMMENT '发表人发表的内容',
  `answer_user_id` int(11) unsigned NOT NULL DEFAULT '0' COMMENT '回复人id',
  `answer_user_name` varchar(50) NOT NULL COMMENT '回复人的昵称',
  `answer_content` varchar(255) NOT NULL COMMENT '回复人发的内容',
  `answer_time` int(11) NOT NULL COMMENT '回复时间',
  `is_show` tinyint(1) unsigned NOT NULL DEFAULT '1' COMMENT '是否显示:0隐藏,1显示',
  `answer_type` tinyint(2) NOT NULL DEFAULT '0' COMMENT '回复类型:0评论,1话题2书评',
  PRIMARY KEY (`id`),
  KEY `user_id` (`user_id`)
) ENGINE=InnoDB AUTO_INCREMENT=18 DEFAULT CHARSET=utf8mb4;
/*!40101 SET character_set_client = @saved_cs_client */;

--
-- Dumping data for table `kts_answer`
--

LOCK TABLES `kts_answer` WRITE;
/*!40000 ALTER TABLE `kts_answer` DISABLE KEYS */;
INSERT INTO `kts_answer` VALUES (1,0,0,1,2,'我是','最好是金融类的。。',2,'我是','有人在吗？',1484190800,1,0),(2,0,0,2,2,'我是','最好是金融类的。。',2,'我是','好书我也想知道在哪？',1484214997,1,0),(3,0,0,3,2,'我是','最好是金融类的。。',2,'我的肾','真的吗？介绍下哩',1484215090,1,0),(4,0,1,7,6,'仔仔细细','kts_0111693530814',3,'kts_01101904195320','回家姐姐',1484304245,1,2),(5,0,0,4,2,'我是','最好是金融类的。。',12,'','好看',1484306599,1,0),(6,0,1,8,3,'test','kts_01101904195320',3,'kts_01101904195320','?',1484317644,1,2),(7,6,1,9,3,'test','kts_01101904195320',3,'kts_01101904195320','给vvhjjjj',1484317673,1,2),(8,0,1,17,9,'电饭锅古古怪怪','kts_01111817917440',14,'萨瓦迪Krub ','这个好',1484536900,1,2),(9,0,0,5,2,'我是','最好是金融类的。。',3,'','dryy',1484537031,1,0),(10,0,0,6,2,'我是','最好是金融类的。。',14,'','拉拉淋出来',1484537063,1,0),(11,0,0,7,2,'我是','最好是金融类的。。',12,'','很好',1484537300,1,0),(12,3,0,8,2,'我是','最好是金融类的。。',8,'','评论哈哈哈',1484556776,1,0),(13,12,0,9,2,'我是','最好是金融类的。。',2,'','我也评论，哈哈',1484736507,1,0),(14,0,0,10,2,'我是','最好是金融类的。。',12,'','去去去！',1486108057,1,0),(15,0,0,11,2,'我是','最好是金融类的。。',12,'','找了很多年了',1486108284,1,0),(16,0,0,12,2,'我是','最好是金融类的。。',12,'','我在广州东圃一间书店好像看过',1486108321,1,0),(17,0,0,13,2,'我是','最好是金融类的。。',12,'','什么时候',1487511932,1,0);
/*!40000 ALTER TABLE `kts_answer` ENABLE KEYS */;
UNLOCK TABLES;

--
-- Table structure for table `kts_app_action_log`
--

DROP TABLE IF EXISTS `kts_app_action_log`;
/*!40101 SET @saved_cs_client     = @@character_set_client */;
/*!40101 SET character_set_client = utf8 */;
CREATE TABLE `kts_app_action_log` (
  `ac_id` int(11) NOT NULL DEFAULT '0',
  `user_id` int(5) NOT NULL COMMENT '用户ID',
  `user_name` varchar(30) NOT NULL COMMENT '用户名',
  `module` varchar(40) NOT NULL COMMENT '模块',
  `action` varchar(40) NOT NULL COMMENT '操作',
  `querystring` varchar(255) NOT NULL COMMENT 'URL',
  `ip` varchar(15) NOT NULL COMMENT 'IP',
  `time` datetime NOT NULL COMMENT '时间',
  `status` tinyint(1) NOT NULL COMMENT '0：操作失败; 1：操作成功；2：无权限',
  `del_status` tinyint(1) NOT NULL DEFAULT '0' COMMENT '0：正常状态; 1：逻辑删除'
) ENGINE=InnoDB DEFAULT CHARSET=utf8mb4;
/*!40101 SET character_set_client = @saved_cs_client */;

--
-- Dumping data for table `kts_app_action_log`
--

LOCK TABLES `kts_app_action_log` WRITE;
/*!40000 ALTER TABLE `kts_app_action_log` DISABLE KEYS */;
/*!40000 ALTER TABLE `kts_app_action_log` ENABLE KEYS */;
UNLOCK TABLES;

--
-- Table structure for table `kts_area`
--

DROP TABLE IF EXISTS `kts_area`;
/*!40101 SET @saved_cs_client     = @@character_set_client */;
/*!40101 SET character_set_client = utf8 */;
CREATE TABLE `kts_area` (
  `id` smallint(11) NOT NULL AUTO_INCREMENT,
  `area_id` varchar(6) NOT NULL COMMENT '区/县编号',
  `area` varchar(20) NOT NULL COMMENT '区/县名称',
  `father` varchar(6) NOT NULL COMMENT '上级市/区',
  `open` tinyint(1) DEFAULT '0' COMMENT '是否开放 0不开放，1开放',
  PRIMARY KEY (`id`)
) ENGINE=InnoDB AUTO_INCREMENT=3229 DEFAULT CHARSET=utf8mb4 COMMENT='区县表';
/*!40101 SET character_set_client = @saved_cs_client */;

--
-- Dumping data for table `kts_area`
--

LOCK TABLES `kts_area` WRITE;
/*!40000 ALTER TABLE `kts_area` DISABLE KEYS */;
INSERT INTO `kts_area` VALUES (1,'110101','东城区','110100',0),(2,'110102','西城区','110100',0),(5,'110105','朝阳区','110100',0),(6,'110106','丰台区','110100',0),(7,'110107','石景山区','110100',0),(8,'110108','海淀区','110100',0),(9,'110109','门头沟区','110100',0),(10,'110111','房山区','110100',0),(11,'110112','通州区','110100',0),(12,'110113','顺义区','110100',0),(13,'110114','昌平区','110100',0),(14,'110115','大兴区','110100',0),(15,'110116','怀柔区','110100',0),(16,'110117','平谷区','110100',0),(17,'110228','密云县','110100',0),(18,'110229','延庆县','110100',0),(19,'120101','和平区','120100',0),(20,'120102','河东区','120100',0),(21,'120103','河西区','120100',0),(22,'120104','南开区','120100',0),(23,'120105','河北区','120100',0),(24,'120106','红桥区','120100',0),(28,'120110','东丽区','120100',0),(29,'120111','西青区','120100',0),(30,'120112','津南区','120100',0),(31,'120113','北辰区','120100',0),(32,'120114','武清区','120100',0),(33,'120115','宝坻区','120100',0),(34,'120221','宁河县','120100',0),(35,'120223','静海县','120100',0),(36,'120225','蓟　县','120100',0),(37,'120116','滨海新区','120100',0),(38,'130102','长安区','130100',0),(39,'130103','桥东区','130100',0),(40,'130104','桥西区','130100',0),(41,'130105','新华区','130100',0),(42,'130107','井陉矿区','130100',0),(43,'130108','裕华区','130100',0),(44,'130121','井陉县','130100',0),(45,'130123','正定县','130100',0),(46,'130124','栾城县','130100',0),(47,'130125','行唐县','130100',0),(48,'130126','灵寿县','130100',0),(49,'130127','高邑县','130100',0),(50,'130128','深泽县','130100',0),(51,'130129','赞皇县','130100',0),(52,'130130','无极县','130100',0),(53,'130131','平山县','130100',0),(54,'130132','元氏县','130100',0),(55,'130133','赵　县','130100',0),(56,'130181','辛集市','130100',0),(57,'130182','藁城市','130100',0),(58,'130183','晋州市','130100',0),(59,'130184','新乐市','130100',0),(60,'130185','鹿泉市','130100',0),(62,'130202','路南区','130200',0),(63,'130203','路北区','130200',0),(64,'130204','古冶区','130200',0),(65,'130205','开平区','130200',0),(66,'130207','丰南区','130200',0),(67,'130208','丰润区','130200',0),(68,'130223','滦　县','130200',0),(69,'130224','滦南县','130200',0),(70,'130225','乐亭县','130200',0),(71,'130227','迁西县','130200',0),(72,'130229','玉田县','130200',0),(73,'130230','曹妃甸区','130200',0),(74,'130281','遵化市','130200',0),(75,'130283','迁安市','130200',0),(77,'130302','海港区','130300',0),(78,'130303','山海关区','130300',0),(79,'130304','北戴河区','130300',0),(80,'130321','青龙满族自治县','130300',0),(81,'130322','昌黎县','130300',0),(82,'130323','抚宁县','130300',0),(83,'130324','卢龙县','130300',0),(85,'130402','邯山区','130400',0),(86,'130403','丛台区','130400',0),(87,'130404','复兴区','130400',0),(88,'130406','峰峰矿区','130400',0),(89,'130421','邯郸县','130400',0),(90,'130423','临漳县','130400',0),(91,'130424','成安县','130400',0),(92,'130425','大名县','130400',0),(93,'130426','涉　县','130400',0),(94,'130427','磁　县','130400',0),(95,'130428','肥乡县','130400',0),(96,'130429','永年县','130400',0),(97,'130430','邱　县','130400',0),(98,'130431','鸡泽县','130400',0),(99,'130432','广平县','130400',0),(100,'130433','馆陶县','130400',0),(101,'130434','魏　县','130400',0),(102,'130435','曲周县','130400',0),(103,'130481','武安市','130400',0),(105,'130502','桥东区','130500',0),(106,'130503','桥西区','130500',0),(107,'130521','邢台县','130500',0),(108,'130522','临城县','130500',0),(109,'130523','内丘县','130500',0),(110,'130524','柏乡县','130500',0),(111,'130525','隆尧县','130500',0),(112,'130526','任　县','130500',0),(113,'130527','南和县','130500',0),(114,'130528','宁晋县','130500',0),(115,'130529','巨鹿县','130500',0),(116,'130530','新河县','130500',0),(117,'130531','广宗县','130500',0),(118,'130532','平乡县','130500',0),(119,'130533','威　县','130500',0),(120,'130534','清河县','130500',0),(121,'130535','临西县','130500',0),(122,'130581','南宫市','130500',0),(123,'130582','沙河市','130500',0),(125,'130602','新市区','130600',0),(126,'130603','北市区','130600',0),(127,'130604','南市区','130600',0),(128,'130621','满城县','130600',0),(129,'130622','清苑县','130600',0),(130,'130623','涞水县','130600',0),(131,'130624','阜平县','130600',0),(132,'130625','徐水县','130600',0),(133,'130626','定兴县','130600',0),(134,'130627','唐　县','130600',0),(135,'130628','高阳县','130600',0),(136,'130629','容城县','130600',0),(137,'130630','涞源县','130600',0),(138,'130631','望都县','130600',0),(139,'130632','安新县','130600',0),(140,'130633','易　县','130600',0),(141,'130634','曲阳县','130600',0),(142,'130635','蠡　县','130600',0),(143,'130636','顺平县','130600',0),(144,'130637','博野县','130600',0),(145,'130638','雄　县','130600',0),(146,'130681','涿州市','130600',0),(147,'130682','定州市','130600',0),(148,'130683','安国市','130600',0),(149,'130684','高碑店市','130600',0),(151,'130702','桥东区','130700',0),(152,'130703','桥西区','130700',0),(153,'130705','宣化区','130700',0),(154,'130706','下花园区','130700',0),(155,'130721','宣化县','130700',0),(156,'130722','张北县','130700',0),(157,'130723','康保县','130700',0),(158,'130724','沽源县','130700',0),(159,'130725','尚义县','130700',0),(160,'130726','蔚　县','130700',0),(161,'130727','阳原县','130700',0),(162,'130728','怀安县','130700',0),(163,'130729','万全县','130700',0),(164,'130730','怀来县','130700',0),(165,'130731','涿鹿县','130700',0),(166,'130732','赤城县','130700',0),(167,'130733','崇礼县','130700',0),(169,'130802','双桥区','130800',0),(170,'130803','双滦区','130800',0),(171,'130804','鹰手营子矿区','130800',0),(172,'130821','承德县','130800',0),(173,'130822','兴隆县','130800',0),(174,'130823','平泉县','130800',0),(175,'130824','滦平县','130800',0),(176,'130825','隆化县','130800',0),(177,'130826','丰宁满族自治县','130800',0),(178,'130827','宽城满族自治县','130800',0),(179,'130828','围场满族蒙古族自治县','130800',0),(181,'130902','新华区','130900',0),(182,'130903','运河区','130900',0),(183,'130921','沧　县','130900',0),(184,'130922','青　县','130900',0),(185,'130923','东光县','130900',0),(186,'130924','海兴县','130900',0),(187,'130925','盐山县','130900',0),(188,'130926','肃宁县','130900',0),(189,'130927','南皮县','130900',0),(190,'130928','吴桥县','130900',0),(191,'130929','献　县','130900',0),(192,'130930','孟村回族自治县','130900',0),(193,'130981','泊头市','130900',0),(194,'130982','任丘市','130900',0),(195,'130983','黄骅市','130900',0),(196,'130984','河间市','130900',0),(198,'131002','安次区','131000',0),(199,'131003','广阳区','131000',0),(200,'131022','固安县','131000',0),(201,'131023','永清县','131000',0),(202,'131024','香河县','131000',0),(203,'131025','大城县','131000',0),(204,'131026','文安县','131000',0),(205,'131028','大厂回族自治县','131000',0),(206,'131081','霸州市','131000',0),(207,'131082','三河市','131000',0),(209,'131102','桃城区','131100',0),(210,'131121','枣强县','131100',0),(211,'131122','武邑县','131100',0),(212,'131123','武强县','131100',0),(213,'131124','饶阳县','131100',0),(214,'131125','安平县','131100',0),(215,'131126','故城县','131100',0),(216,'131127','景　县','131100',0),(217,'131128','阜城县','131100',0),(218,'131181','冀州市','131100',0),(219,'131182','深州市','131100',0),(221,'140105','小店区','140100',0),(222,'140106','迎泽区','140100',0),(223,'140107','杏花岭区','140100',0),(224,'140108','尖草坪区','140100',0),(225,'140109','万柏林区','140100',0),(226,'140110','晋源区','140100',0),(227,'140121','清徐县','140100',0),(228,'140122','阳曲县','140100',0),(229,'140123','娄烦县','140100',0),(230,'140181','古交市','140100',0),(232,'140202','城　区','140200',0),(233,'140203','矿　区','140200',0),(234,'140211','南郊区','140200',0),(235,'140212','新荣区','140200',0),(236,'140221','阳高县','140200',0),(237,'140222','天镇县','140200',0),(238,'140223','广灵县','140200',0),(239,'140224','灵丘县','140200',0),(240,'140225','浑源县','140200',0),(241,'140226','左云县','140200',0),(242,'140227','大同县','140200',0),(244,'140302','城　区','140300',0),(245,'140303','矿　区','140300',0),(246,'140311','郊　区','140300',0),(247,'140321','平定县','140300',0),(248,'140322','盂　县','140300',0),(250,'140402','城　区','140400',0),(251,'140411','郊　区','140400',0),(252,'140421','长治县','140400',0),(253,'140423','襄垣县','140400',0),(254,'140424','屯留县','140400',0),(255,'140425','平顺县','140400',0),(256,'140426','黎城县','140400',0),(257,'140427','壶关县','140400',0),(258,'140428','长子县','140400',0),(259,'140429','武乡县','140400',0),(260,'140430','沁　县','140400',0),(261,'140431','沁源县','140400',0),(262,'140481','潞城市','140400',0),(264,'140502','城　区','140500',0),(265,'140521','沁水县','140500',0),(266,'140522','阳城县','140500',0),(267,'140524','陵川县','140500',0),(268,'140525','泽州县','140500',0),(269,'140581','高平市','140500',0),(271,'140602','朔城区','140600',0),(272,'140603','平鲁区','140600',0),(273,'140621','山阴县','140600',0),(274,'140622','应　县','140600',0),(275,'140623','右玉县','140600',0),(276,'140624','怀仁县','140600',0),(278,'140702','榆次区','140700',0),(279,'140721','榆社县','140700',0),(280,'140722','左权县','140700',0),(281,'140723','和顺县','140700',0),(282,'140724','昔阳县','140700',0),(283,'140725','寿阳县','140700',0),(284,'140726','太谷县','140700',0),(285,'140727','祁　县','140700',0),(286,'140728','平遥县','140700',0),(287,'140729','灵石县','140700',0),(288,'140781','介休市','140700',0),(290,'140802','盐湖区','140800',0),(291,'140821','临猗县','140800',0),(292,'140822','万荣县','140800',0),(293,'140823','闻喜县','140800',0),(294,'140824','稷山县','140800',0),(295,'140825','新绛县','140800',0),(296,'140826','绛　县','140800',0),(297,'140827','垣曲县','140800',0),(298,'140828','夏　县','140800',0),(299,'140829','平陆县','140800',0),(300,'140830','芮城县','140800',0),(301,'140881','永济市','140800',0),(302,'140882','河津市','140800',0),(304,'140902','忻府区','140900',0),(305,'140921','定襄县','140900',0),(306,'140922','五台县','140900',0),(307,'140923','代　县','140900',0),(308,'140924','繁峙县','140900',0),(309,'140925','宁武县','140900',0),(310,'140926','静乐县','140900',0),(311,'140927','神池县','140900',0),(312,'140928','五寨县','140900',0),(313,'140929','岢岚县','140900',0),(314,'140930','河曲县','140900',0),(315,'140931','保德县','140900',0),(316,'140932','偏关县','140900',0),(317,'140981','原平市','140900',0),(319,'141002','尧都区','141000',0),(320,'141021','曲沃县','141000',0),(321,'141022','翼城县','141000',0),(322,'141023','襄汾县','141000',0),(323,'141024','洪洞县','141000',0),(324,'141025','古　县','141000',0),(325,'141026','安泽县','141000',0),(326,'141027','浮山县','141000',0),(327,'141028','吉　县','141000',0),(328,'141029','乡宁县','141000',0),(329,'141030','大宁县','141000',0),(330,'141031','隰　县','141000',0),(331,'141032','永和县','141000',0),(332,'141033','蒲　县','141000',0),(333,'141034','汾西县','141000',0),(334,'141081','侯马市','141000',0),(335,'141082','霍州市','141000',0),(337,'141102','离石区','141100',0),(338,'141121','文水县','141100',0),(339,'141122','交城县','141100',0),(340,'141123','兴　县','141100',0),(341,'141124','临　县','141100',0),(342,'141125','柳林县','141100',0),(343,'141126','石楼县','141100',0),(344,'141127','岚　县','141100',0),(345,'141128','方山县','141100',0),(346,'141129','中阳县','141100',0),(347,'141130','交口县','141100',0),(348,'141181','孝义市','141100',0),(349,'141182','汾阳市','141100',0),(351,'150102','新城区','150100',0),(352,'150103','回民区','150100',0),(353,'150104','玉泉区','150100',0),(354,'150105','赛罕区','150100',0),(355,'150121','土默特左旗','150100',0),(356,'150122','托克托县','150100',0),(357,'150123','和林格尔县','150100',0),(358,'150124','清水河县','150100',0),(359,'150125','武川县','150100',0),(361,'150202','东河区','150200',0),(362,'150203','昆都仑区','150200',0),(363,'150204','青山区','150200',0),(364,'150205','石拐区','150200',0),(365,'150206','白云鄂博矿区','150200',0),(366,'150207','九原区','150200',0),(367,'150221','土默特右旗','150200',0),(368,'150222','固阳县','150200',0),(369,'150223','达尔罕茂明安联合旗','150200',0),(371,'150302','海勃湾区','150300',0),(372,'150303','海南区','150300',0),(373,'150304','乌达区','150300',0),(375,'150402','红山区','150400',0),(376,'150403','元宝山区','150400',0),(377,'150404','松山区','150400',0),(378,'150421','阿鲁科尔沁旗','150400',0),(379,'150422','巴林左旗','150400',0),(380,'150423','巴林右旗','150400',0),(381,'150424','林西县','150400',0),(382,'150425','克什克腾旗','150400',0),(383,'150426','翁牛特旗','150400',0),(384,'150428','喀喇沁旗','150400',0),(385,'150429','宁城县','150400',0),(386,'150430','敖汉旗','150400',0),(388,'150502','科尔沁区','150500',0),(389,'150521','科尔沁左翼中旗','150500',0),(390,'150522','科尔沁左翼后旗','150500',0),(391,'150523','开鲁县','150500',0),(392,'150524','库伦旗','150500',0),(393,'150525','奈曼旗','150500',0),(394,'150526','扎鲁特旗','150500',0),(395,'150581','霍林郭勒市','150500',0),(396,'150602','东胜区','150600',0),(397,'150621','达拉特旗','150600',0),(398,'150622','准格尔旗','150600',0),(399,'150623','鄂托克前旗','150600',0),(400,'150624','鄂托克旗','150600',0),(401,'150625','杭锦旗','150600',0),(402,'150626','乌审旗','150600',0),(403,'150627','伊金霍洛旗','150600',0),(405,'150702','海拉尔区','150700',0),(406,'150721','阿荣旗','150700',0),(407,'150722','莫力达瓦达斡尔族自治旗','150700',0),(408,'150723','鄂伦春自治旗','150700',0),(409,'150724','鄂温克族自治旗','150700',0),(410,'150725','陈巴尔虎旗','150700',0),(411,'150726','新巴尔虎左旗','150700',0),(412,'150727','新巴尔虎右旗','150700',0),(413,'150781','满洲里市','150700',0),(414,'150782','牙克石市','150700',0),(415,'150783','扎兰屯市','150700',0),(416,'150784','额尔古纳市','150700',0),(417,'150785','根河市','150700',0),(419,'150802','临河区','150800',0),(420,'150821','五原县','150800',0),(421,'150822','磴口县','150800',0),(422,'150823','乌拉特前旗','150800',0),(423,'150824','乌拉特中旗','150800',0),(424,'150825','乌拉特后旗','150800',0),(425,'150826','杭锦后旗','150800',0),(427,'150902','集宁区','150900',0),(428,'150921','卓资县','150900',0),(429,'150922','化德县','150900',0),(430,'150923','商都县','150900',0),(431,'150924','兴和县','150900',0),(432,'150925','凉城县','150900',0),(433,'150926','察哈尔右翼前旗','150900',0),(434,'150927','察哈尔右翼中旗','150900',0),(435,'150928','察哈尔右翼后旗','150900',0),(436,'150929','四子王旗','150900',0),(437,'150981','丰镇市','150900',0),(438,'152201','乌兰浩特市','152200',0),(439,'152202','阿尔山市','152200',0),(440,'152221','科尔沁右翼前旗','152200',0),(441,'152222','科尔沁右翼中旗','152200',0),(442,'152223','扎赉特旗','152200',0),(443,'152224','突泉县','152200',0),(444,'152501','二连浩特市','152500',0),(445,'152502','锡林浩特市','152500',0),(446,'152522','阿巴嘎旗','152500',0),(447,'152523','苏尼特左旗','152500',0),(448,'152524','苏尼特右旗','152500',0),(449,'152525','东乌珠穆沁旗','152500',0),(450,'152526','西乌珠穆沁旗','152500',0),(451,'152527','太仆寺旗','152500',0),(452,'152528','镶黄旗','152500',0),(453,'152529','正镶白旗','152500',0),(454,'152530','正蓝旗','152500',0),(455,'152531','多伦县','152500',0),(456,'152921','阿拉善左旗','152900',0),(457,'152922','阿拉善右旗','152900',0),(458,'152923','额济纳旗','152900',0),(460,'210102','和平区','210100',0),(461,'210103','沈河区','210100',0),(462,'210104','大东区','210100',0),(463,'210105','皇姑区','210100',0),(464,'210106','铁西区','210100',0),(465,'210111','苏家屯区','210100',0),(466,'210112','东陵区','210100',0),(467,'210113','新城子区','210100',0),(468,'210114','于洪区','210100',0),(469,'210122','辽中县','210100',0),(470,'210123','康平县','210100',0),(471,'210124','法库县','210100',0),(472,'210181','新民市','210100',0),(474,'210202','中山区','210200',0),(475,'210203','西岗区','210200',0),(476,'210204','沙河口区','210200',0),(477,'210211','甘井子区','210200',0),(478,'210212','旅顺口区','210200',0),(479,'210213','金州区','210200',0),(480,'210224','长海县','210200',0),(481,'210281','瓦房店市','210200',0),(482,'210282','普兰店市','210200',0),(483,'210283','庄河市','210200',0),(485,'210302','铁东区','210300',0),(486,'210303','铁西区','210300',0),(487,'210304','立山区','210300',0),(488,'210311','千山区','210300',0),(489,'210321','台安县','210300',0),(490,'210323','岫岩满族自治县','210300',0),(491,'210381','海城市','210300',0),(493,'210402','新抚区','210400',0),(494,'210403','东洲区','210400',0),(495,'210404','望花区','210400',0),(496,'210411','顺城区','210400',0),(497,'210421','抚顺县','210400',0),(498,'210422','新宾满族自治县','210400',0),(499,'210423','清原满族自治县','210400',0),(501,'210502','平山区','210500',0),(502,'210503','溪湖区','210500',0),(503,'210504','明山区','210500',0),(504,'210505','南芬区','210500',0),(505,'210521','本溪满族自治县','210500',0),(506,'210522','桓仁满族自治县','210500',0),(508,'210602','元宝区','210600',0),(509,'210603','振兴区','210600',0),(510,'210604','振安区','210600',0),(511,'210624','宽甸满族自治县','210600',0),(512,'210681','东港市','210600',0),(513,'210682','凤城市','210600',0),(515,'210702','古塔区','210700',0),(516,'210703','凌河区','210700',0),(517,'210711','太和区','210700',0),(518,'210726','黑山县','210700',0),(519,'210727','义　县','210700',0),(520,'210781','凌海市','210700',0),(521,'210782','北宁市','210700',0),(523,'210802','站前区','210800',0),(524,'210803','西市区','210800',0),(525,'210804','鲅鱼圈区','210800',0),(526,'210811','老边区','210800',0),(527,'210881','盖州市','210800',0),(528,'210882','大石桥市','210800',0),(530,'210902','海州区','210900',0),(531,'210903','新邱区','210900',0),(532,'210904','太平区','210900',0),(533,'210905','清河门区','210900',0),(534,'210911','细河区','210900',0),(535,'210921','阜新蒙古族自治县','210900',0),(536,'210922','彰武县','210900',0),(538,'211002','白塔区','211000',0),(539,'211003','文圣区','211000',0),(540,'211004','宏伟区','211000',0),(541,'211005','弓长岭区','211000',0),(542,'211011','太子河区','211000',0),(543,'211021','辽阳县','211000',0),(544,'211081','灯塔市','211000',0),(546,'211102','双台子区','211100',0),(547,'211103','兴隆台区','211100',0),(548,'211121','大洼县','211100',0),(549,'211122','盘山县','211100',0),(551,'211202','银州区','211200',0),(552,'211204','清河区','211200',0),(553,'211221','铁岭县','211200',0),(554,'211223','西丰县','211200',0),(555,'211224','昌图县','211200',0),(556,'211281','调兵山市','211200',0),(557,'211282','开原市','211200',0),(559,'211302','双塔区','211300',0),(560,'211303','龙城区','211300',0),(561,'211321','朝阳县','211300',0),(562,'211322','建平县','211300',0),(563,'211324','喀喇沁左翼蒙古族自治县','211300',0),(564,'211381','北票市','211300',0),(565,'211382','凌源市','211300',0),(567,'211402','连山区','211400',0),(568,'211403','龙港区','211400',0),(569,'211404','南票区','211400',0),(570,'211421','绥中县','211400',0),(571,'211422','建昌县','211400',0),(572,'211481','兴城市','211400',0),(574,'220102','南关区','220100',0),(575,'220103','宽城区','220100',0),(576,'220104','朝阳区','220100',0),(577,'220105','二道区','220100',0),(578,'220106','绿园区','220100',0),(579,'220112','双阳区','220100',0),(580,'220122','农安县','220100',0),(581,'220181','九台市','220100',0),(582,'220182','榆树市','220100',0),(583,'220183','德惠市','220100',0),(585,'220202','昌邑区','220200',0),(586,'220203','龙潭区','220200',0),(587,'220204','船营区','220200',0),(588,'220211','丰满区','220200',0),(589,'220221','永吉县','220200',0),(590,'220281','蛟河市','220200',0),(591,'220282','桦甸市','220200',0),(592,'220283','舒兰市','220200',0),(593,'220284','磐石市','220200',0),(595,'220302','铁西区','220300',0),(596,'220303','铁东区','220300',0),(597,'220322','梨树县','220300',0),(598,'220323','伊通满族自治县','220300',0),(599,'220381','公主岭市','220300',0),(600,'220382','双辽市','220300',0),(602,'220402','龙山区','220400',0),(603,'220403','西安区','220400',0),(604,'220421','东丰县','220400',0),(605,'220422','东辽县','220400',0),(607,'220502','东昌区','220500',0),(608,'220503','二道江区','220500',0),(609,'220521','通化县','220500',0),(610,'220523','辉南县','220500',0),(611,'220524','柳河县','220500',0),(612,'220581','梅河口市','220500',0),(613,'220582','集安市','220500',0),(615,'220602','八道江区','220600',0),(616,'220621','抚松县','220600',0),(617,'220622','靖宇县','220600',0),(618,'220623','长白朝鲜族自治县','220600',0),(619,'220625','江源县','220600',0),(620,'220681','临江市','220600',0),(622,'220702','宁江区','220700',0),(623,'220721','前郭尔罗斯蒙古族自治县','220700',0),(624,'220722','长岭县','220700',0),(625,'220723','乾安县','220700',0),(626,'220724','扶余县','220700',0),(628,'220802','洮北区','220800',0),(629,'220821','镇赉县','220800',0),(630,'220822','通榆县','220800',0),(631,'220881','洮南市','220800',0),(632,'220882','大安市','220800',0),(633,'222401','延吉市','222400',0),(634,'222402','图们市','222400',0),(635,'222403','敦化市','222400',0),(636,'222404','珲春市','222400',0),(637,'222405','龙井市','222400',0),(638,'222406','和龙市','222400',0),(639,'222424','汪清县','222400',0),(640,'222426','安图县','222400',0),(642,'230102','道里区','230100',0),(643,'230103','南岗区','230100',0),(644,'230104','道外区','230100',0),(645,'230108','平房区','230100',0),(646,'230109','松北区','230100',0),(647,'230110','香坊区','230100',0),(648,'230111','呼兰区','230100',0),(649,'230112','阿城区','230100',0),(650,'230123','依兰县','230100',0),(651,'230124','方正县','230100',0),(652,'230125','宾   县','230100',0),(653,'230126','巴彦县','230100',0),(654,'230127','木兰县','230100',0),(655,'230128','通河县','230100',0),(656,'230129','延寿县','230100',0),(657,'230182','双城市','230100',0),(658,'230183','尚志市','230100',0),(659,'230184','五常市','230100',0),(662,'230202','龙沙区','230200',0),(663,'230203','建华区','230200',0),(664,'230204','铁锋区','230200',0),(665,'230205','昂昂溪区','230200',0),(666,'230206','富拉尔基区','230200',0),(667,'230207','碾子山区','230200',0),(668,'230208','梅里斯达斡尔族区','230200',0),(669,'230221','龙江县','230200',0),(670,'230223','依安县','230200',0),(671,'230224','泰来县','230200',0),(672,'230225','甘南县','230200',0),(673,'230227','富裕县','230200',0),(674,'230229','克山县','230200',0),(675,'230230','克东县','230200',0),(676,'230231','拜泉县','230200',0),(677,'230281','讷河市','230200',0),(679,'230302','鸡冠区','230300',0),(680,'230303','恒山区','230300',0),(681,'230304','滴道区','230300',0),(682,'230305','梨树区','230300',0),(683,'230306','城子河区','230300',0),(684,'230307','麻山区','230300',0),(685,'230321','鸡东县','230300',0),(686,'230381','虎林市','230300',0),(687,'230382','密山市','230300',0),(689,'230402','向阳区','230400',0),(690,'230403','工农区','230400',0),(691,'230404','南山区','230400',0),(692,'230405','兴安区','230400',0),(693,'230406','东山区','230400',0),(694,'230407','兴山区','230400',0),(695,'230421','萝北县','230400',0),(696,'230422','绥滨县','230400',0),(698,'230502','尖山区','230500',0),(699,'230503','岭东区','230500',0),(700,'230505','四方台区','230500',0),(701,'230506','宝山区','230500',0),(702,'230521','集贤县','230500',0),(703,'230522','友谊县','230500',0),(704,'230523','宝清县','230500',0),(705,'230524','饶河县','230500',0),(707,'230602','萨尔图区','230600',0),(708,'230603','龙凤区','230600',0),(709,'230604','让胡路区','230600',0),(710,'230605','红岗区','230600',0),(711,'230606','大同区','230600',0),(712,'230621','肇州县','230600',0),(713,'230622','肇源县','230600',0),(714,'230623','林甸县','230600',0),(715,'230624','杜尔伯特蒙古族自治县','230600',0),(717,'230702','伊春区','230700',0),(718,'230703','南岔区','230700',0),(719,'230704','友好区','230700',0),(720,'230705','西林区','230700',0),(721,'230706','翠峦区','230700',0),(722,'230707','新青区','230700',0),(723,'230708','美溪区','230700',0),(724,'230709','金山屯区','230700',0),(725,'230710','五营区','230700',0),(726,'230711','乌马河区','230700',0),(727,'230712','汤旺河区','230700',0),(728,'230713','带岭区','230700',0),(729,'230714','乌伊岭区','230700',0),(730,'230715','红星区','230700',0),(731,'230716','上甘岭区','230700',0),(732,'230722','嘉荫县','230700',0),(733,'230781','铁力市','230700',0),(735,'230803','向阳区','230800',0),(736,'230804','前进区','230800',0),(737,'230805','东风区','230800',0),(738,'230811','郊区','230800',0),(739,'230822','桦南县','230800',0),(740,'230826','桦川县','230800',0),(741,'230828','汤原县','230800',0),(742,'230833','抚远县','230800',0),(743,'230881','同江市','230800',0),(744,'230882','富锦市','230800',0),(745,'230902','新兴区','230900',0),(746,'230903','桃山区','230900',0),(747,'230904','茄子河区','230900',0),(748,'230921','勃利县','230900',0),(749,'231002','东安区','231000',0),(750,'231003','阳明区','231000',0),(751,'231004','爱民区','231000',0),(752,'231005','西安区','231000',0),(753,'231024','东宁县','231000',0),(754,'231025','林口县','231000',0),(755,'231081','绥芬河市','231000',0),(756,'231083','海林市','231000',0),(757,'231084','宁安市','231000',0),(758,'231085','穆棱市','231000',0),(759,'231102','爱辉区','231100',0),(760,'231121','嫩江县','231100',0),(761,'231123','逊克县','231100',0),(762,'231124','孙吴县','231100',0),(763,'231181','北安市','231100',0),(764,'231182','五大连池市','231100',0),(765,'231202','北林区','231200',0),(766,'231221','望奎县','231200',0),(767,'231222','兰西县','231200',0),(768,'231223','青冈县','231200',0),(769,'231224','庆安县','231200',0),(770,'231225','明水县','231200',0),(771,'231226','绥棱县','231200',0),(772,'231281','安达市','231200',0),(773,'231282','肇东市','231200',0),(774,'231283','海伦市','231200',0),(775,'232701','加格达奇区','232700',0),(776,'232702','松岭区','232700',0),(777,'232703','新林区','232700',0),(778,'232704','呼中区','232700',0),(780,'232721','呼玛县','232700',0),(781,'232722','塔河县','232700',0),(782,'232723','漠河县','232700',0),(783,'310101','黄浦区','310100',0),(784,'310104','徐汇区','310100',0),(785,'310105','长宁区','310100',0),(786,'310106','静安区','310100',0),(787,'310107','普陀区','310100',0),(788,'310108','闸北区','310100',0),(789,'310109','虹口区','310100',0),(790,'310110','杨浦区','310100',0),(791,'310112','闵行区','310100',0),(792,'310113','宝山区','310100',0),(793,'310114','嘉定区','310100',0),(794,'310115','浦东新区','310100',0),(795,'310116','金山区','310100',0),(796,'310117','松江区','310100',0),(797,'310118','青浦区','310100',0),(798,'310120','奉贤区','310100',0),(799,'310230','崇明县','310100',0),(803,'320102','玄武区','320100',0),(804,'320103','白下区','320100',0),(805,'320104','秦淮区','320100',0),(806,'320105','建邺区','320100',0),(807,'320106','鼓楼区','320100',0),(808,'320107','下关区','320100',0),(809,'320111','浦口区','320100',0),(810,'320113','栖霞区','320100',0),(811,'320114','雨花台区','320100',0),(812,'320115','江宁区','320100',0),(813,'320116','六合区','320100',0),(814,'320124','溧水县','320100',0),(815,'320125','高淳县','320100',0),(817,'320202','崇安区','320200',0),(818,'320203','南长区','320200',0),(819,'320204','北塘区','320200',0),(820,'320205','锡山区','320200',0),(821,'320206','惠山区','320200',0),(822,'320211','滨湖区','320200',0),(823,'320281','江阴市','320200',0),(824,'320282','宜兴市','320200',0),(826,'320302','鼓楼区','320300',0),(827,'320303','云龙区','320300',0),(828,'320305','贾汪区','320300',0),(829,'320311','泉山区','320300',0),(830,'320312','铜山区','320300',0),(831,'320321','丰   县','320300',0),(832,'320322','沛   县','320300',0),(833,'320324','睢宁县','320300',0),(834,'320381','新沂市','320300',0),(835,'320382','邳州市','320300',0),(838,'320402','天宁区','320400',0),(839,'320404','钟楼区','320400',0),(840,'320405','戚墅堰区','320400',0),(841,'320411','新北区','320400',0),(842,'320412','武进区','320400',0),(843,'320481','溧阳市','320400',0),(844,'320482','金坛市','320400',0),(846,'320503','姑苏区','320500',0),(847,'320505','虎丘区','320500',0),(848,'320506','吴中区','320500',0),(849,'320507','相城区','320500',0),(850,'320584','吴江区','320500',0),(851,'320581','常熟市','320500',0),(852,'320582','张家港市','320500',0),(853,'320583','昆山市','320500',0),(854,'320585','太仓市','320500',0),(858,'320602','崇川区','320600',0),(859,'320611','港闸区','320600',0),(860,'320612','通州区','320600',0),(861,'320621','海安县','320600',0),(862,'320623','如东县','320600',0),(863,'320681','启东市','320600',0),(864,'320682','如皋市','320600',0),(865,'320684','海门市','320600',0),(867,'320703','连云区','320700',0),(868,'320705','新浦区','320700',0),(869,'320706','海州区','320700',0),(870,'320721','赣榆县','320700',0),(871,'320722','东海县','320700',0),(872,'320723','灌云县','320700',0),(873,'320724','灌南县','320700',0),(875,'320802','清河区','320800',0),(876,'320803','楚州区','320800',0),(877,'320804','淮阴区','320800',0),(878,'320811','清浦区','320800',0),(879,'320826','涟水县','320800',0),(880,'320829','洪泽县','320800',0),(881,'320830','盱眙县','320800',0),(882,'320831','金湖县','320800',0),(884,'320902','亭湖区','320900',0),(885,'320903','盐都区','320900',0),(886,'320921','响水县','320900',0),(887,'320922','滨海县','320900',0),(888,'320923','阜宁县','320900',0),(889,'320924','射阳县','320900',0),(890,'320925','建湖县','320900',0),(891,'320981','东台市','320900',0),(892,'320982','大丰市','320900',0),(894,'321002','广陵区','321000',0),(895,'321003','邗江区','321000',0),(896,'321088','江都市','321000',0),(897,'321023','宝应县','321000',0),(898,'321081','仪征市','321000',0),(899,'321084','高邮市','321000',0),(902,'321102','京口区','321100',0),(903,'321111','润州区','321100',0),(904,'321112','丹徒区','321100',0),(905,'321181','丹阳市','321100',0),(906,'321182','扬中市','321100',0),(907,'321183','句容市','321100',0),(909,'321202','海陵区','321200',0),(910,'321203','高港区','321200',0),(911,'321281','兴化市','321200',0),(912,'321282','靖江市','321200',0),(913,'321283','泰兴市','321200',0),(914,'321284','姜堰市','321200',0),(916,'321302','宿城区','321300',0),(917,'321311','宿豫区','321300',0),(918,'321322','沭阳县','321300',0),(919,'321323','泗阳县','321300',0),(920,'321324','泗洪县','321300',0),(922,'330102','上城区','330100',0),(923,'330103','下城区','330100',0),(924,'330104','江干区','330100',0),(925,'330105','拱墅区','330100',0),(926,'330106','西湖区','330100',0),(927,'330108','滨江区','330100',0),(928,'330109','萧山区','330100',0),(929,'330110','余杭区','330100',0),(930,'330122','桐庐县','330100',0),(931,'330127','淳安县','330100',0),(932,'330182','建德市','330100',0),(933,'330183','富阳市','330100',0),(934,'330185','临安市','330100',0),(936,'330203','海曙区','330200',0),(937,'330204','江东区','330200',0),(938,'330205','江北区','330200',0),(939,'330206','北仑区','330200',0),(940,'330211','镇海区','330200',0),(941,'330212','鄞州区','330200',0),(942,'330225','象山县','330200',0),(943,'330226','宁海县','330200',0),(944,'330281','余姚市','330200',0),(945,'330282','慈溪市','330200',0),(946,'330283','奉化市','330200',0),(948,'330302','鹿城区','330300',0),(949,'330303','龙湾区','330300',0),(950,'330304','瓯海区','330300',0),(951,'330322','洞头县','330300',0),(952,'330324','永嘉县','330300',0),(953,'330326','平阳县','330300',0),(954,'330327','苍南县','330300',0),(955,'330328','文成县','330300',0),(956,'330329','泰顺县','330300',0),(957,'330381','瑞安市','330300',0),(958,'330382','乐清市','330300',0),(960,'330402','秀城区','330400',0),(961,'330411','秀洲区','330400',0),(962,'330421','嘉善县','330400',0),(963,'330424','海盐县','330400',0),(964,'330481','海宁市','330400',0),(965,'330482','平湖市','330400',0),(966,'330483','桐乡市','330400',0),(968,'330502','吴兴区','330500',0),(969,'330503','南浔区','330500',0),(970,'330521','德清县','330500',0),(971,'330522','长兴县','330500',0),(972,'330523','安吉县','330500',0),(974,'330602','越城区','330600',0),(975,'330621','绍兴县','330600',0),(976,'330624','新昌县','330600',0),(977,'330681','诸暨市','330600',0),(978,'330682','上虞市','330600',0),(979,'330683','嵊州市','330600',0),(981,'330702','婺城区','330700',0),(982,'330703','金东区','330700',0),(983,'330723','武义县','330700',0),(984,'330726','浦江县','330700',0),(985,'330727','磐安县','330700',0),(986,'330781','兰溪市','330700',0),(987,'330782','义乌市','330700',0),(988,'330783','东阳市','330700',0),(989,'330784','永康市','330700',0),(991,'330802','柯城区','330800',0),(992,'330803','衢江区','330800',0),(993,'330822','常山县','330800',0),(994,'330824','开化县','330800',0),(995,'330825','龙游县','330800',0),(996,'330881','江山市','330800',0),(998,'330902','定海区','330900',0),(999,'330903','普陀区','330900',0),(1000,'330921','岱山县','330900',0),(1001,'330922','嵊泗县','330900',0),(1003,'331002','椒江区','331000',0),(1004,'331003','黄岩区','331000',0),(1005,'331004','路桥区','331000',0),(1006,'331021','玉环县','331000',0),(1007,'331022','三门县','331000',0),(1008,'331023','天台县','331000',0),(1009,'331024','仙居县','331000',0),(1010,'331081','温岭市','331000',0),(1011,'331082','临海市','331000',0),(1013,'331102','莲都区','331100',0),(1014,'331121','青田县','331100',0),(1015,'331122','缙云县','331100',0),(1016,'331123','遂昌县','331100',0),(1017,'331124','松阳县','331100',0),(1018,'331125','云和县','331100',0),(1019,'331126','庆元县','331100',0),(1020,'331127','景宁畲族自治县','331100',0),(1021,'331181','龙泉市','331100',0),(1022,'340102','瑶海区','340100',0),(1023,'340103','庐阳区','340100',0),(1024,'340104','蜀山区','340100',0),(1025,'340111','包河区','340100',0),(1026,'340121','长丰县','340100',0),(1027,'340122','肥东县','340100',0),(1028,'340123','肥西县','340100',0),(1029,'340124','庐江县','340100',0),(1030,'340181','巢湖市','340100',0),(1031,'340202','镜湖区','340200',0),(1032,'340203','弋江区','340200',0),(1033,'340207','鸠江区','340200',0),(1034,'340208','三山区','340200',0),(1035,'340221','芜湖县','340200',0),(1036,'340222','繁昌县','340200',0),(1037,'340223','南陵县','340200',0),(1038,'340225','无为县','340200',0),(1039,'340302','龙子湖区','340300',0),(1040,'340303','蚌山区','340300',0),(1041,'340304','禹会区','340300',0),(1042,'340311','淮上区','340300',0),(1043,'340321','怀远县','340300',0),(1044,'340322','五河县','340300',0),(1045,'340323','固镇县','340300',0),(1047,'340402','大通区','340400',0),(1048,'340403','田家庵区','340400',0),(1049,'340404','谢家集区','340400',0),(1050,'340405','八公山区','340400',0),(1051,'340406','潘集区','340400',0),(1052,'340421','凤台县','340400',0),(1053,'340503','花山区','340500',0),(1054,'340504','雨山区','340500',0),(1055,'340596','博望区','340500',0),(1056,'340521','当涂县','340500',0),(1057,'340522','含山县','340500',0),(1058,'340523','和   县','340500',0),(1059,'340602','杜集区','340600',0),(1060,'340603','相山区','340600',0),(1061,'340604','烈山区','340600',0),(1062,'340621','濉溪县','340600',0),(1064,'340702','铜官山区','340700',0),(1065,'340703','狮子山区','340700',0),(1066,'340711','郊　区','340700',0),(1067,'340721','铜陵县','340700',0),(1069,'340802','迎江区','340800',0),(1070,'340803','大观区','340800',0),(1071,'340811','郊　区','340800',0),(1072,'340822','怀宁县','340800',0),(1073,'340823','枞阳县','340800',0),(1074,'340824','潜山县','340800',0),(1075,'340825','太湖县','340800',0),(1076,'340826','宿松县','340800',0),(1077,'340827','望江县','340800',0),(1078,'340828','岳西县','340800',0),(1079,'340881','桐城市','340800',0),(1081,'341002','屯溪区','341000',0),(1082,'341003','黄山区','341000',0),(1083,'341004','徽州区','341000',0),(1084,'341021','歙　县','341000',0),(1085,'341022','休宁县','341000',0),(1086,'341023','黟　县','341000',0),(1087,'341024','祁门县','341000',0),(1089,'341102','琅琊区','341100',0),(1090,'341103','南谯区','341100',0),(1091,'341122','来安县','341100',0),(1092,'341124','全椒县','341100',0),(1093,'341125','定远县','341100',0),(1094,'341126','凤阳县','341100',0),(1095,'341181','天长市','341100',0),(1096,'341182','明光市','341100',0),(1098,'341202','颍州区','341200',0),(1099,'341203','颍东区','341200',0),(1100,'341204','颍泉区','341200',0),(1101,'341221','临泉县','341200',0),(1102,'341222','太和县','341200',0),(1103,'341225','阜南县','341200',0),(1104,'341226','颍上县','341200',0),(1105,'341282','界首市','341200',0),(1107,'341302','墉桥区','341300',0),(1108,'341321','砀山县','341300',0),(1109,'341322','萧　县','341300',0),(1110,'341323','灵璧县','341300',0),(1111,'341324','泗　县','341300',0),(1119,'341502','金安区','341500',0),(1120,'341503','裕安区','341500',0),(1121,'341521','寿　县','341500',0),(1122,'341522','霍邱县','341500',0),(1123,'341523','舒城县','341500',0),(1124,'341524','金寨县','341500',0),(1125,'341525','霍山县','341500',0),(1127,'341602','谯城区','341600',0),(1128,'341621','涡阳县','341600',0),(1129,'341622','蒙城县','341600',0),(1130,'341623','利辛县','341600',0),(1132,'341702','贵池区','341700',0),(1133,'341721','东至县','341700',0),(1134,'341722','石台县','341700',0),(1135,'341723','青阳县','341700',0),(1137,'341802','宣州区','341800',0),(1138,'341821','郎溪县','341800',0),(1139,'341822','广德县','341800',0),(1140,'341823','泾　县','341800',0),(1141,'341824','绩溪县','341800',0),(1142,'341825','旌德县','341800',0),(1143,'341881','宁国市','341800',0),(1145,'350102','鼓楼区','350100',0),(1146,'350103','台江区','350100',0),(1147,'350104','仓山区','350100',0),(1148,'350105','马尾区','350100',0),(1149,'350111','晋安区','350100',0),(1150,'350121','闽侯县','350100',0),(1151,'350122','连江县','350100',0),(1152,'350123','罗源县','350100',0),(1153,'350124','闽清县','350100',0),(1154,'350125','永泰县','350100',0),(1155,'350128','平潭县','350100',0),(1156,'350181','福清市','350100',0),(1157,'350182','长乐市','350100',0),(1159,'350203','思明区','350200',0),(1160,'350205','海沧区','350200',0),(1161,'350206','湖里区','350200',0),(1162,'350211','集美区','350200',0),(1163,'350212','同安区','350200',0),(1164,'350213','翔安区','350200',0),(1166,'350302','城厢区','350300',0),(1167,'350303','涵江区','350300',0),(1168,'350304','荔城区','350300',0),(1169,'350305','秀屿区','350300',0),(1170,'350322','仙游县','350300',0),(1172,'350402','梅列区','350400',0),(1173,'350403','三元区','350400',0),(1174,'350421','明溪县','350400',0),(1175,'350423','清流县','350400',0),(1176,'350424','宁化县','350400',0),(1177,'350425','大田县','350400',0),(1178,'350426','尤溪县','350400',0),(1179,'350427','沙　县','350400',0),(1180,'350428','将乐县','350400',0),(1181,'350429','泰宁县','350400',0),(1182,'350430','建宁县','350400',0),(1183,'350481','永安市','350400',0),(1185,'350502','鲤城区','350500',0),(1186,'350503','丰泽区','350500',0),(1187,'350504','洛江区','350500',0),(1188,'350505','泉港区','350500',0),(1189,'350521','惠安县','350500',0),(1190,'350524','安溪县','350500',0),(1191,'350525','永春县','350500',0),(1192,'350526','德化县','350500',0),(1193,'350527','金门县','350500',0),(1194,'350581','石狮市','350500',0),(1195,'350582','晋江市','350500',0),(1196,'350583','南安市','350500',0),(1198,'350602','芗城区','350600',0),(1199,'350603','龙文区','350600',0),(1200,'350622','云霄县','350600',0),(1201,'350623','漳浦县','350600',0),(1202,'350624','诏安县','350600',0),(1203,'350625','长泰县','350600',0),(1204,'350626','东山县','350600',0),(1205,'350627','南靖县','350600',0),(1206,'350628','平和县','350600',0),(1207,'350629','华安县','350600',0),(1208,'350681','龙海市','350600',0),(1210,'350702','延平区','350700',0),(1211,'350721','顺昌县','350700',0),(1212,'350722','浦城县','350700',0),(1213,'350723','光泽县','350700',0),(1214,'350724','松溪县','350700',0),(1215,'350725','政和县','350700',0),(1216,'350781','邵武市','350700',0),(1217,'350782','武夷山市','350700',0),(1218,'350783','建瓯市','350700',0),(1219,'350784','建阳市','350700',0),(1221,'350802','新罗区','350800',0),(1222,'350821','长汀县','350800',0),(1223,'350822','永定县','350800',0),(1224,'350823','上杭县','350800',0),(1225,'350824','武平县','350800',0),(1226,'350825','连城县','350800',0),(1227,'350881','漳平市','350800',0),(1229,'350902','蕉城区','350900',0),(1230,'350921','霞浦县','350900',0),(1231,'350922','古田县','350900',0),(1232,'350923','屏南县','350900',0),(1233,'350924','寿宁县','350900',0),(1234,'350925','周宁县','350900',0),(1235,'350926','柘荣县','350900',0),(1236,'350981','福安市','350900',0),(1237,'350982','福鼎市','350900',0),(1239,'360102','东湖区','360100',0),(1240,'360103','西湖区','360100',0),(1241,'360104','青云谱区','360100',0),(1242,'360105','湾里区','360100',0),(1243,'360111','青山湖区','360100',0),(1244,'360121','南昌县','360100',0),(1245,'360122','新建县','360100',0),(1246,'360123','安义县','360100',0),(1247,'360124','进贤县','360100',0),(1249,'360202','昌江区','360200',0),(1250,'360203','珠山区','360200',0),(1251,'360222','浮梁县','360200',0),(1252,'360281','乐平市','360200',0),(1254,'360302','安源区','360300',0),(1255,'360313','湘东区','360300',0),(1256,'360321','莲花县','360300',0),(1257,'360322','上栗县','360300',0),(1258,'360323','芦溪县','360300',0),(1259,'360402','庐山区','360400',0),(1260,'360403','浔阳区','360400',0),(1261,'360421','九江县','360400',0),(1262,'360423','武宁县','360400',0),(1263,'360424','修水县','360400',0),(1264,'360425','永修县','360400',0),(1265,'360426','德安县','360400',0),(1266,'360427','星子县','360400',0),(1267,'360428','都昌县','360400',0),(1268,'360429','湖口县','360400',0),(1269,'360430','彭泽县','360400',0),(1270,'360481','瑞昌市','360400',0),(1271,'360482','共青城市','360400',0),(1273,'360502','渝水区','360500',0),(1274,'360521','分宜县','360500',0),(1276,'360602','月湖区','360600',0),(1277,'360622','余江县','360600',0),(1278,'360681','贵溪市','360600',0),(1280,'360702','章贡区','360700',0),(1281,'360721','赣　县','360700',0),(1282,'360722','信丰县','360700',0),(1283,'360723','大余县','360700',0),(1284,'360724','上犹县','360700',0),(1285,'360725','崇义县','360700',0),(1286,'360726','安远县','360700',0),(1287,'360727','龙南县','360700',0),(1288,'360728','定南县','360700',0),(1289,'360729','全南县','360700',0),(1290,'360730','宁都县','360700',0),(1291,'360731','于都县','360700',0),(1292,'360732','兴国县','360700',0),(1293,'360733','会昌县','360700',0),(1294,'360734','寻乌县','360700',0),(1295,'360735','石城县','360700',0),(1296,'360781','瑞金市','360700',0),(1297,'360782','南康市','360700',0),(1299,'360802','吉州区','360800',0),(1300,'360803','青原区','360800',0),(1301,'360821','吉安县','360800',0),(1302,'360822','吉水县','360800',0),(1303,'360823','峡江县','360800',0),(1304,'360824','新干县','360800',0),(1305,'360825','永丰县','360800',0),(1306,'360826','泰和县','360800',0),(1307,'360827','遂川县','360800',0),(1308,'360828','万安县','360800',0),(1309,'360829','安福县','360800',0),(1310,'360830','永新县','360800',0),(1311,'360881','井冈山市','360800',0),(1313,'360902','袁州区','360900',0),(1314,'360921','奉新县','360900',0),(1315,'360922','万载县','360900',0),(1316,'360923','上高县','360900',0),(1317,'360924','宜丰县','360900',0),(1318,'360925','靖安县','360900',0),(1319,'360926','铜鼓县','360900',0),(1320,'360981','丰城市','360900',0),(1321,'360982','樟树市','360900',0),(1322,'360983','高安市','360900',0),(1324,'361002','临川区','361000',0),(1325,'361021','南城县','361000',0),(1326,'361022','黎川县','361000',0),(1327,'361023','南丰县','361000',0),(1328,'361024','崇仁县','361000',0),(1329,'361025','乐安县','361000',0),(1330,'361026','宜黄县','361000',0),(1331,'361027','金溪县','361000',0),(1332,'361028','资溪县','361000',0),(1333,'361029','东乡县','361000',0),(1334,'361030','广昌县','361000',0),(1336,'361102','信州区','361100',0),(1337,'361121','上饶县','361100',0),(1338,'361122','广丰县','361100',0),(1339,'361123','玉山县','361100',0),(1340,'361124','铅山县','361100',0),(1341,'361125','横峰县','361100',0),(1342,'361126','弋阳县','361100',0),(1343,'361127','余干县','361100',0),(1344,'361128','鄱阳县','361100',0),(1345,'361129','万年县','361100',0),(1346,'361130','婺源县','361100',0),(1347,'361181','德兴市','361100',0),(1349,'370102','历下区','370100',0),(1350,'370103','市中区','370100',0),(1351,'370104','槐荫区','370100',0),(1352,'370105','天桥区','370100',0),(1353,'370112','历城区','370100',0),(1354,'370113','长清区','370100',0),(1355,'370124','平阴县','370100',0),(1356,'370125','济阳县','370100',0),(1357,'370126','商河县','370100',0),(1358,'370181','章丘市','370100',0),(1360,'370202','市南区','370200',0),(1361,'370203','市北区','370200',0),(1362,'370205','四方区','370200',0),(1363,'370211','黄岛区','370200',0),(1364,'370212','崂山区','370200',0),(1365,'370213','李沧区','370200',0),(1366,'370214','城阳区','370200',0),(1367,'370281','胶州市','370200',0),(1368,'370282','即墨市','370200',0),(1369,'370283','平度市','370200',0),(1370,'370284','胶南市','370200',0),(1371,'370285','莱西市','370200',0),(1373,'370302','淄川区','370300',0),(1374,'370303','张店区','370300',0),(1375,'370304','博山区','370300',0),(1376,'370305','临淄区','370300',0),(1377,'370306','周村区','370300',0),(1378,'370321','桓台县','370300',0),(1379,'370322','高青县','370300',0),(1380,'370323','沂源县','370300',0),(1382,'370402','市中区','370400',0),(1383,'370403','薛城区','370400',0),(1384,'370404','峄城区','370400',0),(1385,'370405','台儿庄区','370400',0),(1386,'370406','山亭区','370400',0),(1387,'370481','滕州市','370400',0),(1389,'370502','东营区','370500',0),(1390,'370503','河口区','370500',0),(1391,'370521','垦利县','370500',0),(1392,'370522','利津县','370500',0),(1393,'370523','广饶县','370500',0),(1395,'370602','芝罘区','370600',0),(1396,'370611','福山区','370600',0),(1397,'370612','牟平区','370600',0),(1398,'370613','莱山区','370600',0),(1399,'370634','长岛县','370600',0),(1400,'370681','龙口市','370600',0),(1401,'370682','莱阳市','370600',0),(1402,'370683','莱州市','370600',0),(1403,'370684','蓬莱市','370600',0),(1404,'370685','招远市','370600',0),(1405,'370686','栖霞市','370600',0),(1406,'370687','海阳市','370600',0),(1408,'370702','潍城区','370700',0),(1409,'370703','寒亭区','370700',0),(1410,'370704','坊子区','370700',0),(1411,'370705','奎文区','370700',0),(1412,'370724','临朐县','370700',0),(1413,'370725','昌乐县','370700',0),(1414,'370781','青州市','370700',0),(1415,'370782','诸城市','370700',0),(1416,'370783','寿光市','370700',0),(1417,'370784','安丘市','370700',0),(1418,'370785','高密市','370700',0),(1419,'370786','昌邑市','370700',0),(1421,'370802','市中区','370800',0),(1422,'370811','任城区','370800',0),(1423,'370826','微山县','370800',0),(1424,'370827','鱼台县','370800',0),(1425,'370828','金乡县','370800',0),(1426,'370829','嘉祥县','370800',0),(1427,'370830','汶上县','370800',0),(1428,'370831','泗水县','370800',0),(1429,'370832','梁山县','370800',0),(1430,'370881','曲阜市','370800',0),(1431,'370882','兖州市','370800',0),(1432,'370883','邹城市','370800',0),(1434,'370902','泰山区','370900',0),(1435,'370903','岱岳区','370900',0),(1436,'370921','宁阳县','370900',0),(1437,'370923','东平县','370900',0),(1438,'370982','新泰市','370900',0),(1439,'370983','肥城市','370900',0),(1441,'371002','环翠区','371000',0),(1442,'371081','文登市','371000',0),(1443,'371082','荣成市','371000',0),(1444,'371083','乳山市','371000',0),(1446,'371102','东港区','371100',0),(1447,'371103','岚山区','371100',0),(1448,'371121','五莲县','371100',0),(1449,'371122','莒　县','371100',0),(1451,'371202','莱城区','371200',0),(1452,'371203','钢城区','371200',0),(1454,'371302','兰山区','371300',0),(1455,'371311','罗庄区','371300',0),(1456,'371312','河东区','371300',0),(1457,'371321','沂南县','371300',0),(1458,'371322','郯城县','371300',0),(1459,'371323','沂水县','371300',0),(1460,'371324','苍山县','371300',0),(1461,'371325','费　县','371300',0),(1462,'371326','平邑县','371300',0),(1463,'371327','莒南县','371300',0),(1464,'371328','蒙阴县','371300',0),(1465,'371329','临沭县','371300',0),(1467,'371402','德城区','371400',0),(1468,'371421','陵　县','371400',0),(1469,'371422','宁津县','371400',0),(1470,'371423','庆云县','371400',0),(1471,'371424','临邑县','371400',0),(1472,'371425','齐河县','371400',0),(1473,'371426','平原县','371400',0),(1474,'371427','夏津县','371400',0),(1475,'371428','武城县','371400',0),(1476,'371481','乐陵市','371400',0),(1477,'371482','禹城市','371400',0),(1479,'371502','东昌府区','371500',0),(1480,'371521','阳谷县','371500',0),(1481,'371522','莘　县','371500',0),(1482,'371523','茌平县','371500',0),(1483,'371524','东阿县','371500',0),(1484,'371525','冠　县','371500',0),(1485,'371526','高唐县','371500',0),(1486,'371581','临清市','371500',0),(1488,'371602','滨城区','371600',0),(1489,'371621','惠民县','371600',0),(1490,'371622','阳信县','371600',0),(1491,'371623','无棣县','371600',0),(1492,'371624','沾化县','371600',0),(1493,'371625','博兴县','371600',0),(1494,'371626','邹平县','371600',0),(1496,'371702','牡丹区','371700',0),(1497,'371721','曹　县','371700',0),(1498,'371722','单　县','371700',0),(1499,'371723','成武县','371700',0),(1500,'371724','巨野县','371700',0),(1501,'371725','郓城县','371700',0),(1502,'371726','鄄城县','371700',0),(1503,'371727','定陶县','371700',0),(1504,'371728','东明县','371700',0),(1506,'410102','中原区','410100',0),(1507,'410103','二七区','410100',0),(1508,'410104','管城回族区','410100',0),(1509,'410105','金水区','410100',0),(1510,'410106','上街区','410100',0),(1511,'410108','邙山区','410100',0),(1512,'410122','中牟县','410100',0),(1513,'410181','巩义市','410100',0),(1514,'410182','荥阳市','410100',0),(1515,'410183','新密市','410100',0),(1516,'410184','新郑市','410100',0),(1517,'410185','登封市','410100',0),(1519,'410202','龙亭区','410200',0),(1520,'410203','顺河回族区','410200',0),(1521,'410204','鼓楼区','410200',0),(1522,'410205','南关区','410200',0),(1523,'410211','郊　区','410200',0),(1524,'410221','杞　县','410200',0),(1525,'410222','通许县','410200',0),(1526,'410223','尉氏县','410200',0),(1527,'410224','开封县','410200',0),(1528,'410225','兰考县','410200',0),(1530,'410302','老城区','410300',0),(1531,'410303','西工区','410300',0),(1532,'410304','廛河回族区','410300',0),(1533,'410305','涧西区','410300',0),(1534,'410306','吉利区','410300',0),(1535,'410307','洛龙区','410300',0),(1536,'410322','孟津县','410300',0),(1537,'410323','新安县','410300',0),(1538,'410324','栾川县','410300',0),(1539,'410325','嵩　县','410300',0),(1540,'410326','汝阳县','410300',0),(1541,'410327','宜阳县','410300',0),(1542,'410328','洛宁县','410300',0),(1543,'410329','伊川县','410300',0),(1544,'410381','偃师市','410300',0),(1546,'410402','新华区','410400',0),(1547,'410403','卫东区','410400',0),(1548,'410404','石龙区','410400',0),(1549,'410411','湛河区','410400',0),(1550,'410421','宝丰县','410400',0),(1551,'410422','叶　县','410400',0),(1552,'410423','鲁山县','410400',0),(1553,'410425','郏　县','410400',0),(1554,'410481','舞钢市','410400',0),(1555,'410482','汝州市','410400',0),(1557,'410502','文峰区','410500',0),(1558,'410503','北关区','410500',0),(1559,'410505','殷都区','410500',0),(1560,'410506','龙安区','410500',0),(1561,'410522','安阳县','410500',0),(1562,'410523','汤阴县','410500',0),(1563,'410526','滑　县','410500',0),(1564,'410527','内黄县','410500',0),(1565,'410581','林州市','410500',0),(1567,'410602','鹤山区','410600',0),(1568,'410603','山城区','410600',0),(1569,'410611','淇滨区','410600',0),(1570,'410621','浚　县','410600',0),(1571,'410622','淇　县','410600',0),(1573,'410702','红旗区','410700',0),(1574,'410703','卫滨区','410700',0),(1575,'410704','凤泉区','410700',0),(1576,'410711','牧野区','410700',0),(1577,'410721','新乡县','410700',0),(1578,'410724','获嘉县','410700',0),(1579,'410725','原阳县','410700',0),(1580,'410726','延津县','410700',0),(1581,'410727','封丘县','410700',0),(1582,'410728','长垣县','410700',0),(1583,'410781','卫辉市','410700',0),(1584,'410782','辉县市','410700',0),(1586,'410802','解放区','410800',0),(1587,'410803','中站区','410800',0),(1588,'410804','马村区','410800',0),(1589,'410811','山阳区','410800',0),(1590,'410821','修武县','410800',0),(1591,'410822','博爱县','410800',0),(1592,'410823','武陟县','410800',0),(1593,'410825','温　县','410800',0),(1595,'410882','沁阳市','410800',0),(1596,'410883','孟州市','410800',0),(1598,'410902','华龙区','410900',0),(1599,'410922','清丰县','410900',0),(1600,'410923','南乐县','410900',0),(1601,'410926','范　县','410900',0),(1602,'410927','台前县','410900',0),(1603,'410928','濮阳县','410900',0),(1605,'411002','魏都区','411000',0),(1606,'411023','许昌县','411000',0),(1607,'411024','鄢陵县','411000',0),(1608,'411025','襄城县','411000',0),(1609,'411081','禹州市','411000',0),(1610,'411082','长葛市','411000',0),(1612,'411102','源汇区','411100',0),(1613,'411103','郾城区','411100',0),(1614,'411104','召陵区','411100',0),(1615,'411121','舞阳县','411100',0),(1616,'411122','临颍县','411100',0),(1618,'411202','湖滨区','411200',0),(1619,'411221','渑池县','411200',0),(1620,'411222','陕　县','411200',0),(1621,'411224','卢氏县','411200',0),(1622,'411281','义马市','411200',0),(1623,'411282','灵宝市','411200',0),(1625,'411302','宛城区','411300',0),(1626,'411303','卧龙区','411300',0),(1627,'411321','南召县','411300',0),(1628,'411322','方城县','411300',0),(1629,'411323','西峡县','411300',0),(1630,'411324','镇平县','411300',0),(1631,'411325','内乡县','411300',0),(1632,'411326','淅川县','411300',0),(1633,'411327','社旗县','411300',0),(1634,'411328','唐河县','411300',0),(1635,'411329','新野县','411300',0),(1636,'411330','桐柏县','411300',0),(1637,'411381','邓州市','411300',0),(1639,'411402','梁园区','411400',0),(1640,'411403','睢阳区','411400',0),(1641,'411421','民权县','411400',0),(1642,'411422','睢　县','411400',0),(1643,'411423','宁陵县','411400',0),(1644,'411424','柘城县','411400',0),(1645,'411425','虞城县','411400',0),(1646,'411426','夏邑县','411400',0),(1647,'411481','永城市','411400',0),(1649,'411502','师河区','411500',0),(1650,'411503','平桥区','411500',0),(1651,'411521','罗山县','411500',0),(1652,'411522','光山县','411500',0),(1653,'411523','新　县','411500',0),(1654,'411524','商城县','411500',0),(1655,'411525','固始县','411500',0),(1656,'411526','潢川县','411500',0),(1657,'411527','淮滨县','411500',0),(1658,'411528','息　县','411500',0),(1660,'411602','川汇区','411600',0),(1661,'411621','扶沟县','411600',0),(1662,'411622','西华县','411600',0),(1663,'411623','商水县','411600',0),(1664,'411624','沈丘县','411600',0),(1665,'411625','郸城县','411600',0),(1666,'411626','淮阳县','411600',0),(1667,'411627','太康县','411600',0),(1668,'411628','鹿邑县','411600',0),(1669,'411681','项城市','411600',0),(1671,'411702','驿城区','411700',0),(1672,'411721','西平县','411700',0),(1673,'411722','上蔡县','411700',0),(1674,'411723','平舆县','411700',0),(1675,'411724','正阳县','411700',0),(1676,'411725','确山县','411700',0),(1677,'411726','泌阳县','411700',0),(1678,'411727','汝南县','411700',0),(1679,'411728','遂平县','411700',0),(1680,'411729','新蔡县','411700',0),(1681,'419001','济源市','419000',0),(1682,'420102','江岸区','420100',0),(1683,'420103','江汉区','420100',0),(1684,'420104','乔口区','420100',0),(1685,'420105','汉阳区','420100',0),(1686,'420106','武昌区','420100',0),(1687,'420107','青山区','420100',0),(1688,'420111','洪山区','420100',0),(1689,'420112','东西湖区','420100',0),(1690,'420113','汉南区','420100',0),(1691,'420114','蔡甸区','420100',0),(1692,'420115','江夏区','420100',0),(1693,'420116','黄陂区','420100',0),(1694,'420117','新洲区','420100',0),(1696,'420202','黄石港区','420200',0),(1697,'420203','西塞山区','420200',0),(1698,'420204','下陆区','420200',0),(1699,'420205','铁山区','420200',0),(1700,'420222','阳新县','420200',0),(1701,'420281','大冶市','420200',0),(1703,'420302','茅箭区','420300',0),(1704,'420303','张湾区','420300',0),(1705,'420321','郧　县','420300',0),(1706,'420322','郧西县','420300',0),(1707,'420323','竹山县','420300',0),(1708,'420324','竹溪县','420300',0),(1709,'420325','房　县','420300',0),(1710,'420381','丹江口市','420300',0),(1712,'420502','西陵区','420500',0),(1713,'420503','伍家岗区','420500',0),(1714,'420504','点军区','420500',0),(1715,'420505','猇亭区','420500',0),(1716,'420506','夷陵区','420500',0),(1717,'420525','远安县','420500',0),(1718,'420526','兴山县','420500',0),(1719,'420527','秭归县','420500',0),(1720,'420528','长阳土家族自治县','420500',0),(1721,'420529','五峰土家族自治县','420500',0),(1722,'420581','宜都市','420500',0),(1723,'420582','当阳市','420500',0),(1724,'420583','枝江市','420500',0),(1726,'420602','襄城区','420600',0),(1727,'420606','樊城区','420600',0),(1728,'420607','襄阳区','420600',0),(1729,'420624','南漳县','420600',0),(1730,'420625','谷城县','420600',0),(1731,'420626','保康县','420600',0),(1732,'420682','老河口市','420600',0),(1733,'420683','枣阳市','420600',0),(1734,'420684','宜城市','420600',0),(1736,'420702','梁子湖区','420700',0),(1737,'420703','华容区','420700',0),(1738,'420704','鄂城区','420700',0),(1740,'420802','东宝区','420800',0),(1741,'420804','掇刀区','420800',0),(1742,'420821','京山县','420800',0),(1743,'420822','沙洋县','420800',0),(1744,'420881','钟祥市','420800',0),(1746,'420902','孝南区','420900',0),(1747,'420921','孝昌县','420900',0),(1748,'420922','大悟县','420900',0),(1749,'420923','云梦县','420900',0),(1750,'420981','应城市','420900',0),(1751,'420982','安陆市','420900',0),(1752,'420984','汉川市','420900',0),(1754,'421002','沙市区','421000',0),(1755,'421003','荆州区','421000',0),(1756,'421022','公安县','421000',0),(1757,'421023','监利县','421000',0),(1758,'421024','江陵县','421000',0),(1759,'421081','石首市','421000',0),(1760,'421083','洪湖市','421000',0),(1761,'421087','松滋市','421000',0),(1763,'421102','黄州区','421100',0),(1764,'421121','团风县','421100',0),(1765,'421122','红安县','421100',0),(1766,'421123','罗田县','421100',0),(1767,'421124','英山县','421100',0),(1768,'421125','浠水县','421100',0),(1769,'421126','蕲春县','421100',0),(1770,'421127','黄梅县','421100',0),(1771,'421181','麻城市','421100',0),(1772,'421182','武穴市','421100',0),(1774,'421202','咸安区','421200',0),(1775,'421221','嘉鱼县','421200',0),(1776,'421222','通城县','421200',0),(1777,'421223','崇阳县','421200',0),(1778,'421224','通山县','421200',0),(1779,'421281','赤壁市','421200',0),(1780,'421303','曾都区','421300',0),(1781,'421321','随   县','421300',0),(1782,'421381','广水市','421300',0),(1783,'422801','恩施市','422800',0),(1784,'422802','利川市','422800',0),(1785,'422822','建始县','422800',0),(1786,'422823','巴东县','422800',0),(1787,'422825','宣恩县','422800',0),(1788,'422826','咸丰县','422800',0),(1789,'422827','来凤县','422800',0),(1790,'422828','鹤峰县','422800',0),(1791,'429004','仙桃市','429100',0),(1792,'429005','潜江市','429200',0),(1793,'429006','天门市','429300',0),(1794,'429021','神农架林区','429400',0),(1796,'430102','芙蓉区','430100',0),(1797,'430103','天心区','430100',0),(1798,'430104','岳麓区','430100',0),(1799,'430105','开福区','430100',0),(1800,'430111','雨花区','430100',0),(1801,'430121','长沙县','430100',0),(1802,'430122','望城县','430100',0),(1803,'430124','宁乡县','430100',0),(1804,'430181','浏阳市','430100',0),(1806,'430202','荷塘区','430200',0),(1807,'430203','芦淞区','430200',0),(1808,'430204','石峰区','430200',0),(1809,'430211','天元区','430200',0),(1810,'430221','株洲县','430200',0),(1811,'430223','攸　县','430200',0),(1812,'430224','茶陵县','430200',0),(1813,'430225','炎陵县','430200',0),(1814,'430281','醴陵市','430200',0),(1816,'430302','雨湖区','430300',0),(1817,'430304','岳塘区','430300',0),(1818,'430321','湘潭县','430300',0),(1819,'430381','湘乡市','430300',0),(1820,'430382','韶山市','430300',0),(1822,'430405','珠晖区','430400',0),(1823,'430406','雁峰区','430400',0),(1824,'430407','石鼓区','430400',0),(1825,'430408','蒸湘区','430400',0),(1826,'430412','南岳区','430400',0),(1827,'430421','衡阳县','430400',0),(1828,'430422','衡南县','430400',0),(1829,'430423','衡山县','430400',0),(1830,'430424','衡东县','430400',0),(1831,'430426','祁东县','430400',0),(1832,'430481','耒阳市','430400',0),(1833,'430482','常宁市','430400',0),(1835,'430502','双清区','430500',0),(1836,'430503','大祥区','430500',0),(1837,'430511','北塔区','430500',0),(1838,'430521','邵东县','430500',0),(1839,'430522','新邵县','430500',0),(1840,'430523','邵阳县','430500',0),(1841,'430524','隆回县','430500',0),(1842,'430525','洞口县','430500',0),(1843,'430527','绥宁县','430500',0),(1844,'430528','新宁县','430500',0),(1845,'430529','城步苗族自治县','430500',0),(1846,'430581','武冈市','430500',0),(1848,'430602','岳阳楼区','430600',0),(1849,'430603','云溪区','430600',0),(1850,'430611','君山区','430600',0),(1851,'430621','岳阳县','430600',0),(1852,'430623','华容县','430600',0),(1853,'430624','湘阴县','430600',0),(1854,'430626','平江县','430600',0),(1855,'430681','汨罗市','430600',0),(1856,'430682','临湘市','430600',0),(1858,'430702','武陵区','430700',0),(1859,'430703','鼎城区','430700',0),(1860,'430721','安乡县','430700',0),(1861,'430722','汉寿县','430700',0),(1862,'430723','澧　县','430700',0),(1863,'430724','临澧县','430700',0),(1864,'430725','桃源县','430700',0),(1865,'430726','石门县','430700',0),(1866,'430781','津市市','430700',0),(1868,'430802','永定区','430800',0),(1869,'430811','武陵源区','430800',0),(1870,'430821','慈利县','430800',0),(1871,'430822','桑植县','430800',0),(1873,'430902','资阳区','430900',0),(1874,'430903','赫山区','430900',0),(1875,'430921','南　县','430900',0),(1876,'430922','桃江县','430900',0),(1877,'430923','安化县','430900',0),(1878,'430981','沅江市','430900',0),(1880,'431002','北湖区','431000',0),(1881,'431003','苏仙区','431000',0),(1882,'431021','桂阳县','431000',0),(1883,'431022','宜章县','431000',0),(1884,'431023','永兴县','431000',0),(1885,'431024','嘉禾县','431000',0),(1886,'431025','临武县','431000',0),(1887,'431026','汝城县','431000',0),(1888,'431027','桂东县','431000',0),(1889,'431028','安仁县','431000',0),(1890,'431081','资兴市','431000',0),(1892,'431102','芝山区','431100',0),(1893,'431103','冷水滩区','431100',0),(1894,'431121','祁阳县','431100',0),(1895,'431122','东安县','431100',0),(1896,'431123','双牌县','431100',0),(1897,'431124','道　县','431100',0),(1898,'431125','江永县','431100',0),(1899,'431126','宁远县','431100',0),(1900,'431127','蓝山县','431100',0),(1901,'431128','新田县','431100',0),(1902,'431129','江华瑶族自治县','431100',0),(1904,'431202','鹤城区','431200',0),(1905,'431221','中方县','431200',0),(1906,'431222','沅陵县','431200',0),(1907,'431223','辰溪县','431200',0),(1908,'431224','溆浦县','431200',0),(1909,'431225','会同县','431200',0),(1910,'431226','麻阳苗族自治县','431200',0),(1911,'431227','新晃侗族自治县','431200',0),(1912,'431228','芷江侗族自治县','431200',0),(1913,'431229','靖州苗族侗族自治县','431200',0),(1914,'431230','通道侗族自治县','431200',0),(1915,'431281','洪江市','431200',0),(1917,'431302','娄星区','431300',0),(1918,'431321','双峰县','431300',0),(1919,'431322','新化县','431300',0),(1920,'431381','冷水江市','431300',0),(1921,'431382','涟源市','431300',0),(1922,'433101','吉首市','433100',0),(1923,'433122','泸溪县','433100',0),(1924,'433123','凤凰县','433100',0),(1925,'433124','花垣县','433100',0),(1926,'433125','保靖县','433100',0),(1927,'433126','古丈县','433100',0),(1928,'433127','永顺县','433100',0),(1929,'433130','龙山县','433100',0),(1931,'440103','荔湾区','440100',0),(1932,'440104','越秀区','440100',0),(1933,'440105','海珠区','440100',0),(1934,'440106','天河区','440100',0),(1935,'440111','白云区','440100',0),(1936,'440112','黄埔区','440100',0),(1937,'440113','番禺区','440100',0),(1938,'440114','花都区','440100',0),(1939,'440115','南沙区','440100',0),(1940,'440116','萝岗区','440100',0),(1941,'440183','增城市','440100',0),(1942,'440184','从化市','440100',0),(1944,'440203','武江区','440200',0),(1945,'440204','浈江区','440200',0),(1946,'440205','曲江区','440200',0),(1947,'440222','始兴县','440200',0),(1948,'440224','仁化县','440200',0),(1949,'440229','翁源县','440200',0),(1950,'440232','乳源瑶族自治县','440200',0),(1951,'440233','新丰县','440200',0),(1952,'440281','乐昌市','440200',0),(1953,'440282','南雄市','440200',0),(1954,'440301','龙华新区','440300',0),(1955,'440303','罗湖区','440300',0),(1956,'440304','福田区','440300',0),(1957,'440305','南山区','440300',0),(1958,'440306','宝安区','440300',0),(1959,'440307','龙岗区','440300',0),(1960,'440308','盐田区','440300',0),(1962,'440402','香洲区','440400',0),(1963,'440403','斗门区','440400',0),(1964,'440404','金湾区','440400',0),(1966,'440507','龙湖区','440500',0),(1967,'440511','金平区','440500',0),(1968,'440512','濠江区','440500',0),(1969,'440513','潮阳区','440500',0),(1970,'440514','潮南区','440500',0),(1971,'440515','澄海区','440500',0),(1972,'440523','南澳县','440500',0),(1974,'440604','禅城区','440600',0),(1975,'440605','南海区','440600',0),(1976,'440606','顺德区','440600',0),(1977,'440607','三水区','440600',0),(1978,'440608','高明区','440600',0),(1980,'440703','蓬江区','440700',0),(1981,'440704','江海区','440700',0),(1982,'440705','新会区','440700',0),(1983,'440781','台山市','440700',0),(1984,'440783','开平市','440700',0),(1985,'440784','鹤山市','440700',0),(1986,'440785','恩平市','440700',0),(1988,'440802','赤坎区','440800',0),(1989,'440803','霞山区','440800',0),(1990,'440804','坡头区','440800',0),(1991,'440811','麻章区','440800',0),(1992,'440823','遂溪县','440800',0),(1993,'440825','徐闻县','440800',0),(1994,'440881','廉江市','440800',0),(1995,'440882','雷州市','440800',0),(1996,'440883','吴川市','440800',0),(1998,'440902','茂南区','440900',0),(1999,'440903','茂港区','440900',0),(2000,'440923','电白县','440900',0),(2001,'440981','高州市','440900',0),(2002,'440982','化州市','440900',0),(2003,'440983','信宜市','440900',0),(2005,'441202','端州区','441200',0),(2006,'441203','鼎湖区','441200',0),(2007,'441223','广宁县','441200',0),(2008,'441224','怀集县','441200',0),(2009,'441225','封开县','441200',0),(2010,'441226','德庆县','441200',0),(2011,'441283','高要市','441200',0),(2012,'441284','四会市','441200',0),(2014,'441302','惠城区','441300',0),(2015,'441303','惠阳区','441300',0),(2016,'441322','博罗县','441300',0),(2017,'441323','惠东县','441300',0),(2018,'441324','龙门县','441300',0),(2020,'441402','梅江区','441400',0),(2021,'441421','梅　县','441400',0),(2022,'441422','大埔县','441400',0),(2023,'441423','丰顺县','441400',0),(2024,'441424','五华县','441400',0),(2025,'441426','平远县','441400',0),(2026,'441427','蕉岭县','441400',0),(2027,'441481','兴宁市','441400',0),(2029,'441502','城　区','441500',0),(2030,'441521','海丰县','441500',0),(2031,'441523','陆河县','441500',0),(2032,'441581','陆丰市','441500',0),(2034,'441602','源城区','441600',0),(2035,'441621','紫金县','441600',0),(2036,'441622','龙川县','441600',0),(2037,'441623','连平县','441600',0),(2038,'441624','和平县','441600',0),(2039,'441625','东源县','441600',0),(2041,'441702','江城区','441700',0),(2042,'441721','阳西县','441700',0),(2043,'441723','阳东县','441700',0),(2044,'441781','阳春市','441700',0),(2046,'441802','清城区','441800',0),(2047,'441821','佛冈县','441800',0),(2048,'441823','阳山县','441800',0),(2049,'441825','连山壮族瑶族自治县','441800',0),(2050,'441826','连南瑶族自治县','441800',0),(2051,'441827','清新县','441800',0),(2052,'441881','英德市','441800',0),(2053,'441882','连州市','441800',0),(2054,'441901','东莞市','441900',0),(2055,'445102','湘桥区','445100',0),(2056,'445121','潮安区','445100',0),(2057,'445122','饶平县','445100',0),(2058,'445103','枫溪区','445100',0),(2059,'445202','榕城区','445200',0),(2060,'445221','揭东县','445200',0),(2061,'445222','揭西县','445200',0),(2062,'445224','惠来县','445200',0),(2063,'445281','普宁市','445200',0),(2065,'445302','云城区','445300',0),(2066,'445321','新兴县','445300',0),(2067,'445322','郁南县','445300',0),(2068,'445323','云安县','445300',0),(2069,'445381','罗定市','445300',0),(2070,'442001','中山市','442000',0),(2071,'450102','兴宁区','450100',0),(2072,'450103','青秀区','450100',0),(2073,'450105','江南区','450100',0),(2074,'450107','西乡塘区','450100',0),(2075,'450108','良庆区','450100',0),(2076,'450109','邕宁区','450100',0),(2077,'450122','武鸣县','450100',0),(2078,'450123','隆安县','450100',0),(2079,'450124','马山县','450100',0),(2080,'450125','上林县','450100',0),(2081,'450126','宾阳县','450100',0),(2082,'450127','横　县','450100',0),(2084,'450202','城中区','450200',0),(2085,'450203','鱼峰区','450200',0),(2086,'450204','柳南区','450200',0),(2087,'450205','柳北区','450200',0),(2088,'450221','柳江县','450200',0),(2089,'450222','柳城县','450200',0),(2090,'450223','鹿寨县','450200',0),(2091,'450224','融安县','450200',0),(2092,'450225','融水苗族自治县','450200',0),(2093,'450226','三江侗族自治县','450200',0),(2095,'450302','秀峰区','450300',0),(2096,'450303','叠彩区','450300',0),(2097,'450304','象山区','450300',0),(2098,'450305','七星区','450300',0),(2099,'450311','雁山区','450300',0),(2100,'450321','阳朔县','450300',0),(2101,'450322','临桂县','450300',0),(2102,'450323','灵川县','450300',0),(2103,'450324','全州县','450300',0),(2104,'450325','兴安县','450300',0),(2105,'450326','永福县','450300',0),(2106,'450327','灌阳县','450300',0),(2107,'450328','龙胜各族自治县','450300',0),(2108,'450329','资源县','450300',0),(2109,'450330','平乐县','450300',0),(2110,'450331','荔蒲县','450300',0),(2111,'450332','恭城瑶族自治县','450300',0),(2113,'450403','万秀区','450400',0),(2114,'450404','蝶山区','450400',0),(2115,'450405','长洲区','450400',0),(2116,'450421','苍梧县','450400',0),(2117,'450422','藤　县','450400',0),(2118,'450423','蒙山县','450400',0),(2119,'450481','岑溪市','450400',0),(2121,'450502','海城区','450500',0),(2122,'450503','银海区','450500',0),(2123,'450512','铁山港区','450500',0),(2124,'450521','合浦县','450500',0),(2126,'450602','港口区','450600',0),(2127,'450603','防城区','450600',0),(2128,'450621','上思县','450600',0),(2129,'450681','东兴市','450600',0),(2131,'450702','钦南区','450700',0),(2132,'450703','钦北区','450700',0),(2133,'450721','灵山县','450700',0),(2134,'450722','浦北县','450700',0),(2136,'450802','港北区','450800',0),(2137,'450803','港南区','450800',0),(2138,'450804','覃塘区','450800',0),(2139,'450821','平南县','450800',0),(2140,'450881','桂平市','450800',0),(2142,'450902','玉州区','450900',0),(2143,'450921','容　县','450900',0),(2144,'450922','陆川县','450900',0),(2145,'450923','博白县','450900',0),(2146,'450924','兴业县','450900',0),(2147,'450981','北流市','450900',0),(2149,'451002','右江区','451000',0),(2150,'451021','田阳县','451000',0),(2151,'451022','田东县','451000',0),(2152,'451023','平果县','451000',0),(2153,'451024','德保县','451000',0),(2154,'451025','靖西县','451000',0),(2155,'451026','那坡县','451000',0),(2156,'451027','凌云县','451000',0),(2157,'451028','乐业县','451000',0),(2158,'451029','田林县','451000',0),(2159,'451030','西林县','451000',0),(2160,'451031','隆林各族自治县','451000',0),(2161,'451119','平桂管理区','451100',0),(2162,'451102','八步区','451100',0),(2163,'451121','昭平县','451100',0),(2164,'451122','钟山县','451100',0),(2165,'451123','富川瑶族自治县','451100',0),(2167,'451202','金城江区','451200',0),(2168,'451221','南丹县','451200',0),(2169,'451222','天峨县','451200',0),(2170,'451223','凤山县','451200',0),(2171,'451224','东兰县','451200',0),(2172,'451225','罗城仫佬族自治县','451200',0),(2173,'451226','环江毛南族自治县','451200',0),(2174,'451227','巴马瑶族自治县','451200',0),(2175,'451228','都安瑶族自治县','451200',0),(2176,'451229','大化瑶族自治县','451200',0),(2177,'451281','宜州市','451200',0),(2179,'451302','兴宾区','451300',0),(2180,'451321','忻城县','451300',0),(2181,'451322','象州县','451300',0),(2182,'451323','武宣县','451300',0),(2183,'451324','金秀瑶族自治县','451300',0),(2184,'451381','合山市','451300',0),(2186,'451402','江洲区','451400',0),(2187,'451421','扶绥县','451400',0),(2188,'451422','宁明县','451400',0),(2189,'451423','龙州县','451400',0),(2190,'451424','大新县','451400',0),(2191,'451425','天等县','451400',0),(2192,'451481','凭祥市','451400',0),(2194,'460105','秀英区','460100',0),(2195,'460106','龙华区','460100',0),(2196,'460107','琼山区','460100',0),(2197,'460108','美兰区','460100',0),(2198,'460201','三亚市','460200',0),(2199,'460901','西沙群岛','460300',0),(2200,'460902','南沙群岛','460300',0),(2201,'460903','中沙群岛','460300',0),(2202,'469001','五指山市','469000',0),(2203,'469002','琼海市','469000',0),(2204,'469003','儋州市','469000',0),(2205,'469005','文昌市','469000',0),(2206,'469006','万宁市','469000',0),(2207,'469007','东方市','469000',0),(2208,'469021','定安县','469000',0),(2209,'469022','屯昌县','469000',0),(2210,'469023','澄迈县','469000',0),(2211,'469024','临高县','469000',0),(2212,'469025','白沙黎族自治县','469000',0),(2213,'469026','昌江黎族自治县','469000',0),(2214,'469027','乐东黎族自治县','469000',0),(2215,'469028','陵水黎族自治县','469000',0),(2216,'469029','保亭黎族苗族自治县','469000',0),(2217,'469030','琼中黎族苗族自治县','469000',0),(2218,'500101','万州区','500100',0),(2219,'500102','涪陵区','500100',0),(2220,'500103','渝中区','500100',0),(2221,'500104','大渡口区','500100',0),(2222,'500105','江北区','500100',0),(2223,'500106','沙坪坝区','500100',0),(2224,'500107','九龙坡区','500100',0),(2225,'500108','南岸区','500100',0),(2226,'500109','北碚区','500100',0),(2227,'500110','綦江区','500100',0),(2228,'500111','大足区','500100',0),(2229,'500112','渝北区','500100',0),(2230,'500113','巴南区','500100',0),(2231,'500114','黔江区','500100',0),(2232,'500115','长寿区','500100',0),(2233,'500116','江津区','500100',0),(2234,'500117','合川区','500100',0),(2235,'500118','永川区','500100',0),(2236,'500119','南川区','500100',0),(2237,'500223','潼南县','500100',0),(2238,'500224','铜梁县','500100',0),(2239,'500226','荣昌县','500100',0),(2240,'500227','璧山县','500100',0),(2241,'500228','梁平县','500100',0),(2242,'500229','城口县','500100',0),(2243,'500230','丰都县','500100',0),(2244,'500231','垫江县','500100',0),(2245,'500232','武隆县','500100',0),(2246,'500233','忠县','500100',0),(2247,'500234','开县','500100',0),(2248,'500235','云阳县','500100',0),(2249,'500236','奉节县','500100',0),(2250,'500237','巫山县','500100',0),(2251,'500238','巫溪县','500100',0),(2252,'500240','石柱土家族自治县','500100',0),(2253,'500241','秀山土家族苗族自治县','500100',0),(2254,'500242','酉阳土家族苗族自治县','500100',0),(2255,'500243','彭水苗族土家族自治县','500100',0),(2259,'510104','锦江区','510100',0),(2260,'510105','青羊区','510100',0),(2261,'510106','金牛区','510100',0),(2262,'510107','武侯区','510100',0),(2263,'510108','成华区','510100',0),(2264,'510112','龙泉驿区','510100',0),(2265,'510113','青白江区','510100',0),(2266,'510114','新都区','510100',0),(2267,'510115','温江区','510100',0),(2268,'510121','金堂县','510100',0),(2269,'510122','双流县','510100',0),(2270,'510124','郫　县','510100',0),(2271,'510129','大邑县','510100',0),(2272,'510131','蒲江县','510100',0),(2273,'510132','新津县','510100',0),(2274,'510181','都江堰市','510100',0),(2275,'510182','彭州市','510100',0),(2276,'510183','邛崃市','510100',0),(2277,'510184','崇州市','510100',0),(2279,'510302','自流井区','510300',0),(2280,'510303','贡井区','510300',0),(2281,'510304','大安区','510300',0),(2282,'510311','沿滩区','510300',0),(2283,'510321','荣　县','510300',0),(2284,'510322','富顺县','510300',0),(2286,'510402','东　区','510400',0),(2287,'510403','西　区','510400',0),(2288,'510411','仁和区','510400',0),(2289,'510421','米易县','510400',0),(2290,'510422','盐边县','510400',0),(2292,'510502','江阳区','510500',0),(2293,'510503','纳溪区','510500',0),(2294,'510504','龙马潭区','510500',0),(2295,'510521','泸　县','510500',0),(2296,'510522','合江县','510500',0),(2297,'510524','叙永县','510500',0),(2298,'510525','古蔺县','510500',0),(2300,'510603','旌阳区','510600',0),(2301,'510623','中江县','510600',0),(2302,'510626','罗江县','510600',0),(2303,'510681','广汉市','510600',0),(2304,'510682','什邡市','510600',0),(2305,'510683','绵竹市','510600',0),(2307,'510703','涪城区','510700',0),(2308,'510704','游仙区','510700',0),(2309,'510722','三台县','510700',0),(2310,'510723','盐亭县','510700',0),(2311,'510724','安　县','510700',0),(2312,'510725','梓潼县','510700',0),(2313,'510726','北川羌族自治县','510700',0),(2314,'510727','平武县','510700',0),(2315,'510781','江油市','510700',0),(2317,'510802','市中区','510800',0),(2318,'510811','元坝区','510800',0),(2319,'510812','朝天区','510800',0),(2320,'510821','旺苍县','510800',0),(2321,'510822','青川县','510800',0),(2322,'510823','剑阁县','510800',0),(2323,'510824','苍溪县','510800',0),(2325,'510903','船山区','510900',0),(2326,'510904','安居区','510900',0),(2327,'510921','蓬溪县','510900',0),(2328,'510922','射洪县','510900',0),(2329,'510923','大英县','510900',0),(2331,'511002','市中区','511000',0),(2332,'511011','东兴区','511000',0),(2333,'511024','威远县','511000',0),(2334,'511025','资中县','511000',0),(2335,'511028','隆昌县','511000',0),(2337,'511102','市中区','511100',0),(2338,'511111','沙湾区','511100',0),(2339,'511112','五通桥区','511100',0),(2340,'511113','金口河区','511100',0),(2341,'511123','犍为县','511100',0),(2342,'511124','井研县','511100',0),(2343,'511126','夹江县','511100',0),(2344,'511129','沐川县','511100',0),(2345,'511132','峨边彝族自治县','511100',0),(2346,'511133','马边彝族自治县','511100',0),(2347,'511181','峨眉山市','511100',0),(2349,'511302','顺庆区','511300',0),(2350,'511303','高坪区','511300',0),(2351,'511304','嘉陵区','511300',0),(2352,'511321','南部县','511300',0),(2353,'511322','营山县','511300',0),(2354,'511323','蓬安县','511300',0),(2355,'511324','仪陇县','511300',0),(2356,'511325','西充县','511300',0),(2357,'511381','阆中市','511300',0),(2359,'511402','东坡区','511400',0),(2360,'511421','仁寿县','511400',0),(2361,'511422','彭山县','511400',0),(2362,'511423','洪雅县','511400',0),(2363,'511424','丹棱县','511400',0),(2364,'511425','青神县','511400',0),(2366,'511502','翠屏区','511500',0),(2367,'511521','宜宾县','511500',0),(2368,'511522','南溪县','511500',0),(2369,'511523','江安县','511500',0),(2370,'511524','长宁县','511500',0),(2371,'511525','高　县','511500',0),(2372,'511526','珙　县','511500',0),(2373,'511527','筠连县','511500',0),(2374,'511528','兴文县','511500',0),(2375,'511529','屏山县','511500',0),(2377,'511602','广安区','511600',0),(2378,'511621','岳池县','511600',0),(2379,'511622','武胜县','511600',0),(2380,'511623','邻水县','511600',0),(2381,'511681','华莹市','511600',0),(2383,'511702','通川区','511700',0),(2384,'511721','达　县','511700',0),(2385,'511722','宣汉县','511700',0),(2386,'511723','开江县','511700',0),(2387,'511724','大竹县','511700',0),(2388,'511725','渠　县','511700',0),(2389,'511781','万源市','511700',0),(2391,'511802','雨城区','511800',0),(2392,'511821','名山县','511800',0),(2393,'511822','荥经县','511800',0),(2394,'511823','汉源县','511800',0),(2395,'511824','石棉县','511800',0),(2396,'511825','天全县','511800',0),(2397,'511826','芦山县','511800',0),(2398,'511827','宝兴县','511800',0),(2400,'511902','巴州区','511900',0),(2401,'511921','通江县','511900',0),(2402,'511922','南江县','511900',0),(2403,'511923','平昌县','511900',0),(2405,'512002','雁江区','512000',0),(2406,'512021','安岳县','512000',0),(2407,'512022','乐至县','512000',0),(2408,'512081','简阳市','512000',0),(2409,'513221','汶川县','513200',0),(2410,'513222','理　县','513200',0),(2411,'513223','茂　县','513200',0),(2412,'513224','松潘县','513200',0),(2413,'513225','九寨沟县','513200',0),(2414,'513226','金川县','513200',0),(2415,'513227','小金县','513200',0),(2416,'513228','黑水县','513200',0),(2417,'513229','马尔康县','513200',0),(2418,'513230','壤塘县','513200',0),(2419,'513231','阿坝县','513200',0),(2420,'513232','若尔盖县','513200',0),(2421,'513233','红原县','513200',0),(2422,'513321','康定县','513300',0),(2423,'513322','泸定县','513300',0),(2424,'513323','丹巴县','513300',0),(2425,'513324','九龙县','513300',0),(2426,'513325','雅江县','513300',0),(2427,'513326','道孚县','513300',0),(2428,'513327','炉霍县','513300',0),(2429,'513328','甘孜县','513300',0),(2430,'513329','新龙县','513300',0),(2431,'513330','德格县','513300',0),(2432,'513331','白玉县','513300',0),(2433,'513332','石渠县','513300',0),(2434,'513333','色达县','513300',0),(2435,'513334','理塘县','513300',0),(2436,'513335','巴塘县','513300',0),(2437,'513336','乡城县','513300',0),(2438,'513337','稻城县','513300',0),(2439,'513338','得荣县','513300',0),(2440,'513401','西昌市','513400',0),(2441,'513422','木里藏族自治县','513400',0),(2442,'513423','盐源县','513400',0),(2443,'513424','德昌县','513400',0),(2444,'513425','会理县','513400',0),(2445,'513426','会东县','513400',0),(2446,'513427','宁南县','513400',0),(2447,'513428','普格县','513400',0),(2448,'513429','布拖县','513400',0),(2449,'513430','金阳县','513400',0),(2450,'513431','昭觉县','513400',0),(2451,'513432','喜德县','513400',0),(2452,'513433','冕宁县','513400',0),(2453,'513434','越西县','513400',0),(2454,'513435','甘洛县','513400',0),(2455,'513436','美姑县','513400',0),(2456,'513437','雷波县','513400',0),(2458,'520102','南明区','520100',0),(2459,'520103','云岩区','520100',0),(2460,'520111','花溪区','520100',0),(2461,'520112','乌当区','520100',0),(2462,'520113','白云区','520100',0),(2463,'520114','小河区','520100',0),(2464,'520121','开阳县','520100',0),(2465,'520122','息烽县','520100',0),(2466,'520123','修文县','520100',0),(2467,'520181','清镇市','520100',0),(2468,'520201','钟山区','520200',0),(2469,'520203','六枝特区','520200',0),(2470,'520221','水城县','520200',0),(2471,'520222','盘　县','520200',0),(2473,'520302','红花岗区','520300',0),(2474,'520303','汇川区','520300',0),(2475,'520321','遵义县','520300',0),(2476,'520322','桐梓县','520300',0),(2477,'520323','绥阳县','520300',0),(2478,'520324','正安县','520300',0),(2479,'520325','道真仡佬族苗族自治县','520300',0),(2480,'520326','务川仡佬族苗族自治县','520300',0),(2481,'520327','凤冈县','520300',0),(2482,'520328','湄潭县','520300',0),(2483,'520329','余庆县','520300',0),(2484,'520330','习水县','520300',0),(2485,'520381','赤水市','520300',0),(2486,'520382','仁怀市','520300',0),(2488,'520402','西秀区','520400',0),(2489,'520421','平坝县','520400',0),(2490,'520422','普定县','520400',0),(2491,'520423','镇宁布依族苗族自治县','520400',0),(2492,'520424','关岭布依族苗族自治县','520400',0),(2493,'520425','紫云苗族布依族自治县','520400',0),(2494,'520501','七星关区','522400',0),(2495,'520522','大方县','522400',0),(2496,'520523','黔西县','522400',0),(2497,'520524','金沙县','522400',0),(2498,'520525','织金县','522400',0),(2499,'520526','纳雍县','522400',0),(2500,'520527','威宁彝族回族苗族自治县','522400',0),(2501,'520528','赫章县','522400',0),(2502,'520601','碧江区','522200',0),(2503,'520602','万山区','522200',0),(2504,'520622','江口县','522200',0),(2505,'520623','玉屏侗族自治县','522200',0),(2506,'520624','石阡县','522200',0),(2507,'520625','思南县','522200',0),(2508,'520626','印江土家族苗族自治县','522200',0),(2509,'520627','德江县','522200',0),(2510,'520628','沿河土家族自治县','522200',0),(2511,'520629','松桃苗族自治县','522200',0),(2512,'522301','兴义市','522300',0),(2513,'522322','兴仁县','522300',0),(2514,'522323','普安县','522300',0),(2515,'522324','晴隆县','522300',0),(2516,'522325','贞丰县','522300',0),(2517,'522326','望谟县','522300',0),(2518,'522327','册亨县','522300',0),(2519,'522328','安龙县','522300',0),(2520,'522601','凯里市','522600',0),(2521,'522622','黄平县','522600',0),(2522,'522623','施秉县','522600',0),(2523,'522624','三穗县','522600',0),(2524,'522625','镇远县','522600',0),(2525,'522626','岑巩县','522600',0),(2526,'522627','天柱县','522600',0),(2527,'522628','锦屏县','522600',0),(2528,'522629','剑河县','522600',0),(2529,'522630','台江县','522600',0),(2530,'522631','黎平县','522600',0),(2531,'522632','榕江县','522600',0),(2532,'522633','从江县','522600',0),(2533,'522634','雷山县','522600',0),(2534,'522635','麻江县','522600',0),(2535,'522636','丹寨县','522600',0),(2536,'522701','都匀市','522700',0),(2537,'522702','福泉市','522700',0),(2538,'522722','荔波县','522700',0),(2539,'522723','贵定县','522700',0),(2540,'522725','瓮安县','522700',0),(2541,'522726','独山县','522700',0),(2542,'522727','平塘县','522700',0),(2543,'522728','罗甸县','522700',0),(2544,'522729','长顺县','522700',0),(2545,'522730','龙里县','522700',0),(2546,'522731','惠水县','522700',0),(2547,'522732','三都水族自治县','522700',0),(2549,'530102','五华区','530100',0),(2550,'530103','盘龙区','530100',0),(2551,'530111','官渡区','530100',0),(2552,'530112','西山区','530100',0),(2553,'530113','东川区','530100',0),(2554,'530121','呈贡县','530100',0),(2555,'530122','晋宁县','530100',0),(2556,'530124','富民县','530100',0),(2557,'530125','宜良县','530100',0),(2558,'530126','石林彝族自治县','530100',0),(2559,'530127','嵩明县','530100',0),(2560,'530128','禄劝彝族苗族自治县','530100',0),(2561,'530129','寻甸回族彝族自治县','530100',0),(2562,'530181','安宁市','530100',0),(2564,'530302','麒麟区','530300',0),(2565,'530321','马龙县','530300',0),(2566,'530322','陆良县','530300',0),(2567,'530323','师宗县','530300',0),(2568,'530324','罗平县','530300',0),(2569,'530325','富源县','530300',0),(2570,'530326','会泽县','530300',0),(2571,'530328','沾益县','530300',0),(2572,'530381','宣威市','530300',0),(2574,'530402','红塔区','530400',0),(2575,'530421','江川县','530400',0),(2576,'530422','澄江县','530400',0),(2577,'530423','通海县','530400',0),(2578,'530424','华宁县','530400',0),(2579,'530425','易门县','530400',0),(2580,'530426','峨山彝族自治县','530400',0),(2581,'530427','新平彝族傣族自治县','530400',0),(2582,'530428','元江哈尼族彝族傣族自治县','530400',0),(2584,'530502','隆阳区','530500',0),(2585,'530521','施甸县','530500',0),(2586,'530522','腾冲县','530500',0),(2587,'530523','龙陵县','530500',0),(2588,'530524','昌宁县','530500',0),(2590,'530602','昭阳区','530600',0),(2591,'530621','鲁甸县','530600',0),(2592,'530622','巧家县','530600',0),(2593,'530623','盐津县','530600',0),(2594,'530624','大关县','530600',0),(2595,'530625','永善县','530600',0),(2596,'530626','绥江县','530600',0),(2597,'530627','镇雄县','530600',0),(2598,'530628','彝良县','530600',0),(2599,'530629','威信县','530600',0),(2600,'530630','水富县','530600',0),(2602,'530702','古城区','530700',0),(2603,'530721','玉龙纳西族自治县','530700',0),(2604,'530722','永胜县','530700',0),(2605,'530723','华坪县','530700',0),(2606,'530724','宁蒗彝族自治县','530700',0),(2608,'530802','翠云区','530800',0),(2609,'530821','普洱哈尼族彝族自治县','530800',0),(2610,'530822','墨江哈尼族自治县','530800',0),(2611,'530823','景东彝族自治县','530800',0),(2612,'530824','景谷傣族彝族自治县','530800',0),(2613,'530825','镇沅彝族哈尼族拉祜族自治县','530800',0),(2614,'530826','江城哈尼族彝族自治县','530800',0),(2615,'530827','孟连傣族拉祜族佤族自治县','530800',0),(2616,'530828','澜沧拉祜族自治县','530800',0),(2617,'530829','西盟佤族自治县','530800',0),(2619,'530902','临翔区','530900',0),(2620,'530921','凤庆县','530900',0),(2621,'530922','云　县','530900',0),(2622,'530923','永德县','530900',0),(2623,'530924','镇康县','530900',0),(2624,'530925','双江拉祜族佤族布朗族傣族自治县','530900',0),(2625,'530926','耿马傣族佤族自治县','530900',0),(2626,'530927','沧源佤族自治县','530900',0),(2627,'532301','楚雄市','532300',0),(2628,'532322','双柏县','532300',0),(2629,'532323','牟定县','532300',0),(2630,'532324','南华县','532300',0),(2631,'532325','姚安县','532300',0),(2632,'532326','大姚县','532300',0),(2633,'532327','永仁县','532300',0),(2634,'532328','元谋县','532300',0),(2635,'532329','武定县','532300',0),(2636,'532331','禄丰县','532300',0),(2637,'532501','个旧市','532500',0),(2638,'532502','开远市','532500',0),(2639,'532522','蒙自县','532500',0),(2640,'532523','屏边苗族自治县','532500',0),(2641,'532524','建水县','532500',0),(2642,'532525','石屏县','532500',0),(2643,'532526','弥勒县','532500',0),(2644,'532527','泸西县','532500',0),(2645,'532528','元阳县','532500',0),(2646,'532529','红河县','532500',0),(2647,'532530','金平苗族瑶族傣族自治县','532500',0),(2648,'532531','绿春县','532500',0),(2649,'532532','河口瑶族自治县','532500',0),(2650,'532621','文山县','532600',0),(2651,'532622','砚山县','532600',0),(2652,'532623','西畴县','532600',0),(2653,'532624','麻栗坡县','532600',0),(2654,'532625','马关县','532600',0),(2655,'532626','丘北县','532600',0),(2656,'532627','广南县','532600',0),(2657,'532628','富宁县','532600',0),(2658,'532801','景洪市','532800',0),(2659,'532822','勐海县','532800',0),(2660,'532823','勐腊县','532800',0),(2661,'532901','大理市','532900',0),(2662,'532922','漾濞彝族自治县','532900',0),(2663,'532923','祥云县','532900',0),(2664,'532924','宾川县','532900',0),(2665,'532925','弥渡县','532900',0),(2666,'532926','南涧彝族自治县','532900',0),(2667,'532927','巍山彝族回族自治县','532900',0),(2668,'532928','永平县','532900',0),(2669,'532929','云龙县','532900',0),(2670,'532930','洱源县','532900',0),(2671,'532931','剑川县','532900',0),(2672,'532932','鹤庆县','532900',0),(2673,'533102','瑞丽市','533100',0),(2674,'533103','潞西市','533100',0),(2675,'533122','梁河县','533100',0),(2676,'533123','盈江县','533100',0),(2677,'533124','陇川县','533100',0),(2678,'533321','泸水县','533300',0),(2679,'533323','福贡县','533300',0),(2680,'533324','贡山独龙族怒族自治县','533300',0),(2681,'533325','兰坪白族普米族自治县','533300',0),(2682,'533421','香格里拉县','533400',0),(2683,'533422','德钦县','533400',0),(2684,'533423','维西傈僳族自治县','533400',0),(2686,'540102','城关区','540100',0),(2687,'540121','林周县','540100',0),(2688,'540122','当雄县','540100',0),(2689,'540123','尼木县','540100',0),(2690,'540124','曲水县','540100',0),(2691,'540125','堆龙德庆县','540100',0),(2692,'540126','达孜县','540100',0),(2693,'540127','墨竹工卡县','540100',0),(2694,'542121','昌都县','542100',0),(2695,'542122','江达县','542100',0),(2696,'542123','贡觉县','542100',0),(2697,'542124','类乌齐县','542100',0),(2698,'542125','丁青县','542100',0),(2699,'542126','察雅县','542100',0),(2700,'542127','八宿县','542100',0),(2701,'542128','左贡县','542100',0),(2702,'542129','芒康县','542100',0),(2703,'542132','洛隆县','542100',0),(2704,'542133','边坝县','542100',0),(2705,'542221','乃东县','542200',0),(2706,'542222','扎囊县','542200',0),(2707,'542223','贡嘎县','542200',0),(2708,'542224','桑日县','542200',0),(2709,'542225','琼结县','542200',0),(2710,'542226','曲松县','542200',0),(2711,'542227','措美县','542200',0),(2712,'542228','洛扎县','542200',0),(2713,'542229','加查县','542200',0),(2714,'542231','隆子县','542200',0),(2715,'542232','错那县','542200',0),(2716,'542233','浪卡子县','542200',0),(2717,'542301','日喀则市','542300',0),(2718,'542322','南木林县','542300',0),(2719,'542323','江孜县','542300',0),(2720,'542324','定日县','542300',0),(2721,'542325','萨迦县','542300',0),(2722,'542326','拉孜县','542300',0),(2723,'542327','昂仁县','542300',0),(2724,'542328','谢通门县','542300',0),(2725,'542329','白朗县','542300',0),(2726,'542330','仁布县','542300',0),(2727,'542331','康马县','542300',0),(2728,'542332','定结县','542300',0),(2729,'542333','仲巴县','542300',0),(2730,'542334','亚东县','542300',0),(2731,'542335','吉隆县','542300',0),(2732,'542336','聂拉木县','542300',0),(2733,'542337','萨嘎县','542300',0),(2734,'542338','岗巴县','542300',0),(2735,'542421','那曲县','542400',0),(2736,'542422','嘉黎县','542400',0),(2737,'542423','比如县','542400',0),(2738,'542424','聂荣县','542400',0),(2739,'542425','安多县','542400',0),(2740,'542426','申扎县','542400',0),(2741,'542427','索　县','542400',0),(2742,'542428','班戈县','542400',0),(2743,'542429','巴青县','542400',0),(2744,'542430','尼玛县','542400',0),(2745,'542521','普兰县','542500',0),(2746,'542522','札达县','542500',0),(2747,'542523','噶尔县','542500',0),(2748,'542524','日土县','542500',0),(2749,'542525','革吉县','542500',0),(2750,'542526','改则县','542500',0),(2751,'542527','措勤县','542500',0),(2752,'542621','林芝县','542600',0),(2753,'542622','工布江达县','542600',0),(2754,'542623','米林县','542600',0),(2755,'542624','墨脱县','542600',0),(2756,'542625','波密县','542600',0),(2757,'542626','察隅县','542600',0),(2758,'542627','朗　县','542600',0),(2760,'610102','新城区','610100',0),(2761,'610103','碑林区','610100',0),(2762,'610104','莲湖区','610100',0),(2763,'610111','灞桥区','610100',0),(2764,'610112','未央区','610100',0),(2765,'610113','雁塔区','610100',0),(2766,'610114','阎良区','610100',0),(2767,'610115','临潼区','610100',0),(2768,'610116','长安区','610100',0),(2769,'610122','蓝田县','610100',0),(2770,'610124','周至县','610100',0),(2771,'610125','户　县','610100',0),(2772,'610126','高陵县','610100',0),(2774,'610202','王益区','610200',0),(2775,'610203','印台区','610200',0),(2776,'610204','耀州区','610200',0),(2777,'610222','宜君县','610200',0),(2779,'610302','渭滨区','610300',0),(2780,'610303','金台区','610300',0),(2781,'610304','陈仓区','610300',0),(2782,'610322','凤翔县','610300',0),(2783,'610323','岐山县','610300',0),(2784,'610324','扶风县','610300',0),(2785,'610326','眉　县','610300',0),(2786,'610327','陇　县','610300',0),(2787,'610328','千阳县','610300',0),(2788,'610329','麟游县','610300',0),(2789,'610330','凤　县','610300',0),(2790,'610331','太白县','610300',0),(2792,'610402','秦都区','610400',0),(2793,'610403','杨凌区','610400',0),(2794,'610404','渭城区','610400',0),(2795,'610422','三原县','610400',0),(2796,'610423','泾阳县','610400',0),(2797,'610424','乾　县','610400',0),(2798,'610425','礼泉县','610400',0),(2799,'610426','永寿县','610400',0),(2800,'610427','彬　县','610400',0),(2801,'610428','长武县','610400',0),(2802,'610429','旬邑县','610400',0),(2803,'610430','淳化县','610400',0),(2804,'610431','武功县','610400',0),(2805,'610481','兴平市','610400',0),(2807,'610502','临渭区','610500',0),(2808,'610521','华　县','610500',0),(2809,'610522','潼关县','610500',0),(2810,'610523','大荔县','610500',0),(2811,'610524','合阳县','610500',0),(2812,'610525','澄城县','610500',0),(2813,'610526','蒲城县','610500',0),(2814,'610527','白水县','610500',0),(2815,'610528','富平县','610500',0),(2816,'610581','韩城市','610500',0),(2817,'610582','华阴市','610500',0),(2819,'610602','宝塔区','610600',0),(2820,'610621','延长县','610600',0),(2821,'610622','延川县','610600',0),(2822,'610623','子长县','610600',0),(2823,'610624','安塞县','610600',0),(2824,'610625','志丹县','610600',0),(2825,'610626','吴旗县','610600',0),(2826,'610627','甘泉县','610600',0),(2827,'610628','富　县','610600',0),(2828,'610629','洛川县','610600',0),(2829,'610630','宜川县','610600',0),(2830,'610631','黄龙县','610600',0),(2831,'610632','黄陵县','610600',0),(2833,'610702','汉台区','610700',0),(2834,'610721','南郑县','610700',0),(2835,'610722','城固县','610700',0),(2836,'610723','洋　县','610700',0),(2837,'610724','西乡县','610700',0),(2838,'610725','勉　县','610700',0),(2839,'610726','宁强县','610700',0),(2840,'610727','略阳县','610700',0),(2841,'610728','镇巴县','610700',0),(2842,'610729','留坝县','610700',0),(2843,'610730','佛坪县','610700',0),(2845,'610802','榆阳区','610800',0),(2846,'610821','神木县','610800',0),(2847,'610822','府谷县','610800',0),(2848,'610823','横山县','610800',0),(2849,'610824','靖边县','610800',0),(2850,'610825','定边县','610800',0),(2851,'610826','绥德县','610800',0),(2852,'610827','米脂县','610800',0),(2853,'610828','佳　县','610800',0),(2854,'610829','吴堡县','610800',0),(2855,'610830','清涧县','610800',0),(2856,'610831','子洲县','610800',0),(2858,'610902','汉滨区','610900',0),(2859,'610921','汉阴县','610900',0),(2860,'610922','石泉县','610900',0),(2861,'610923','宁陕县','610900',0),(2862,'610924','紫阳县','610900',0),(2863,'610925','岚皋县','610900',0),(2864,'610926','平利县','610900',0),(2865,'610927','镇坪县','610900',0),(2866,'610928','旬阳县','610900',0),(2867,'610929','白河县','610900',0),(2869,'611002','商州区','611000',0),(2870,'611021','洛南县','611000',0),(2871,'611022','丹凤县','611000',0),(2872,'611023','商南县','611000',0),(2873,'611024','山阳县','611000',0),(2874,'611025','镇安县','611000',0),(2875,'611026','柞水县','611000',0),(2877,'620102','城关区','620100',0),(2878,'620103','七里河区','620100',0),(2879,'620104','西固区','620100',0),(2880,'620105','安宁区','620100',0),(2881,'620111','红古区','620100',0),(2882,'620121','永登县','620100',0),(2883,'620122','皋兰县','620100',0),(2884,'620123','榆中县','620100',0),(2885,'620201','嘉峪关市','620200',0),(2887,'620302','金川区','620300',0),(2888,'620321','永昌县','620300',0),(2890,'620402','白银区','620400',0),(2891,'620403','平川区','620400',0),(2892,'620421','靖远县','620400',0),(2893,'620422','会宁县','620400',0),(2894,'620423','景泰县','620400',0),(2896,'620502','秦州区','620500',0),(2897,'620503','麦积区','620500',0),(2898,'620521','清水县','620500',0),(2899,'620522','秦安县','620500',0),(2900,'620523','甘谷县','620500',0),(2901,'620524','武山县','620500',0),(2902,'620525','张家川回族自治县','620500',0),(2904,'620602','凉州区','620600',0),(2905,'620621','民勤县','620600',0),(2906,'620622','古浪县','620600',0),(2907,'620623','天祝藏族自治县','620600',0),(2909,'620702','甘州区','620700',0),(2910,'620721','肃南裕固族自治县','620700',0),(2911,'620722','民乐县','620700',0),(2912,'620723','临泽县','620700',0),(2913,'620724','高台县','620700',0),(2914,'620725','山丹县','620700',0),(2916,'620802','崆峒区','620800',0),(2917,'620821','泾川县','620800',0),(2918,'620822','灵台县','620800',0),(2919,'620823','崇信县','620800',0),(2920,'620824','华亭县','620800',0),(2921,'620825','庄浪县','620800',0),(2922,'620826','静宁县','620800',0),(2924,'620902','肃州区','620900',0),(2925,'620921','金塔县','620900',0),(2926,'620922','瓜州县','620900',0),(2927,'620923','肃北蒙古族自治县','620900',0),(2928,'620924','阿克塞哈萨克族自治县','620900',0),(2929,'620981','玉门市','620900',0),(2930,'620982','敦煌市','620900',0),(2932,'621002','西峰区','621000',0),(2933,'621021','庆城县','621000',0),(2934,'621022','环　县','621000',0),(2935,'621023','华池县','621000',0),(2936,'621024','合水县','621000',0),(2937,'621025','正宁县','621000',0),(2938,'621026','宁　县','621000',0),(2939,'621027','镇原县','621000',0),(2941,'621102','安定区','621100',0),(2942,'621121','通渭县','621100',0),(2943,'621122','陇西县','621100',0),(2944,'621123','渭源县','621100',0),(2945,'621124','临洮县','621100',0),(2946,'621125','漳　县','621100',0),(2947,'621126','岷　县','621100',0),(2949,'621202','武都区','621200',0),(2950,'621221','成　县','621200',0),(2951,'621222','文　县','621200',0),(2952,'621223','宕昌县','621200',0),(2953,'621224','康　县','621200',0),(2954,'621225','西和县','621200',0),(2955,'621226','礼　县','621200',0),(2956,'621227','徽　县','621200',0),(2957,'621228','两当县','621200',0),(2958,'622901','临夏市','622900',0),(2959,'622921','临夏县','622900',0),(2960,'622922','康乐县','622900',0),(2961,'622923','永靖县','622900',0),(2962,'622924','广河县','622900',0),(2963,'622925','和政县','622900',0),(2964,'622926','东乡族自治县','622900',0),(2965,'622927','积石山保安族东乡族撒拉族自治县','622900',0),(2966,'623001','合作市','623000',0),(2967,'623021','临潭县','623000',0),(2968,'623022','卓尼县','623000',0),(2969,'623023','舟曲县','623000',0),(2970,'623024','迭部县','623000',0),(2971,'623025','玛曲县','623000',0),(2972,'623026','碌曲县','623000',0),(2973,'623027','夏河县','623000',0),(2975,'630102','城东区','630100',0),(2976,'630103','城中区','630100',0),(2977,'630104','城西区','630100',0),(2978,'630105','城北区','630100',0),(2979,'630121','大通回族土族自治县','630100',0),(2980,'630122','湟中县','630100',0),(2981,'630123','湟源县','630100',0),(2982,'632121','平安县','632100',0),(2983,'632122','民和回族土族自治县','632100',0),(2984,'632123','乐都县','632100',0),(2985,'632126','互助土族自治县','632100',0),(2986,'632127','化隆回族自治县','632100',0),(2987,'632128','循化撒拉族自治县','632100',0),(2988,'632221','门源回族自治县','632200',0),(2989,'632222','祁连县','632200',0),(2990,'632223','海晏县','632200',0),(2991,'632224','刚察县','632200',0),(2992,'632321','同仁县','632300',0),(2993,'632322','尖扎县','632300',0),(2994,'632323','泽库县','632300',0),(2995,'632324','河南蒙古族自治县','632300',0),(2996,'632521','共和县','632500',0),(2997,'632522','同德县','632500',0),(2998,'632523','贵德县','632500',0),(2999,'632524','兴海县','632500',0),(3000,'632525','贵南县','632500',0),(3001,'632621','玛沁县','632600',0),(3002,'632622','班玛县','632600',0),(3003,'632623','甘德县','632600',0),(3004,'632624','达日县','632600',0),(3005,'632625','久治县','632600',0),(3006,'632626','玛多县','632600',0),(3007,'632721','玉树县','632700',0),(3008,'632722','杂多县','632700',0),(3009,'632723','称多县','632700',0),(3010,'632724','治多县','632700',0),(3011,'632725','囊谦县','632700',0),(3012,'632726','曲麻莱县','632700',0),(3013,'632801','格尔木市','632800',0),(3014,'632802','德令哈市','632800',0),(3015,'632821','乌兰县','632800',0),(3016,'632822','都兰县','632800',0),(3017,'632823','天峻县','632800',0),(3019,'640104','兴庆区','640100',0),(3020,'640105','西夏区','640100',0),(3021,'640106','金凤区','640100',0),(3022,'640121','永宁县','640100',0),(3023,'640122','贺兰县','640100',0),(3024,'640181','灵武市','640100',0),(3026,'640202','大武口区','640200',0),(3027,'640205','惠农区','640200',0),(3028,'640221','平罗县','640200',0),(3029,'640302','利通区','640300',0),(3030,'640303','红寺堡区','640300',0),(3031,'640323','盐池县','640300',0),(3032,'640324','同心县','640300',0),(3033,'640381','青铜峡市','640300',0),(3035,'640402','原州区','640400',0),(3036,'640422','西吉县','640400',0),(3037,'640423','隆德县','640400',0),(3038,'640424','泾源县','640400',0),(3039,'640425','彭阳县','640400',0),(3041,'640502','沙坡头区','640500',0),(3042,'640521','中宁县','640500',0),(3043,'640522','海原县','640500',0),(3045,'650102','天山区','650100',0),(3046,'650103','沙依巴克区','650100',0),(3047,'650104','新市区','650100',0),(3048,'650105','水磨沟区','650100',0),(3049,'650106','头屯河区','650100',0),(3050,'650107','达坂城区','650100',0),(3051,'650108','米东区','650100',0),(3052,'650121','乌鲁木齐县','650100',0),(3054,'650202','独山子区','650200',0),(3055,'650203','克拉玛依区','650200',0),(3056,'650204','白碱滩区','650200',0),(3057,'650205','乌尔禾区','650200',0),(3058,'652101','吐鲁番市','652100',0),(3059,'652122','鄯善县','652100',0),(3060,'652123','托克逊县','652100',0),(3061,'652201','哈密市','652200',0),(3062,'652222','巴里坤哈萨克自治县','652200',0),(3063,'652223','伊吾县','652200',0),(3064,'652301','昌吉市','652300',0),(3065,'652302','阜康市','652300',0),(3067,'652323','呼图壁县','652300',0),(3068,'652324','玛纳斯县','652300',0),(3069,'652325','奇台县','652300',0),(3070,'652327','吉木萨尔县','652300',0),(3071,'652328','木垒哈萨克自治县','652300',0),(3072,'652701','博乐市','652700',0),(3073,'652722','精河县','652700',0),(3074,'652723','温泉县','652700',0),(3075,'652801','库尔勒市','652800',0),(3076,'652822','轮台县','652800',0),(3077,'652823','尉犁县','652800',0),(3078,'652824','若羌县','652800',0),(3079,'652825','且末县','652800',0),(3080,'652826','焉耆回族自治县','652800',0),(3081,'652827','和静县','652800',0),(3082,'652828','和硕县','652800',0),(3083,'652829','博湖县','652800',0),(3084,'652901','阿克苏市','652900',0),(3085,'652922','温宿县','652900',0),(3086,'652923','库车县','652900',0),(3087,'652924','沙雅县','652900',0),(3088,'652925','新和县','652900',0),(3089,'652926','拜城县','652900',0),(3090,'652927','乌什县','652900',0),(3091,'652928','阿瓦提县','652900',0),(3092,'652929','柯坪县','652900',0),(3093,'653001','阿图什市','653000',0),(3094,'653022','阿克陶县','653000',0),(3095,'653023','阿合奇县','653000',0),(3096,'653024','乌恰县','653000',0),(3097,'653101','喀什市','653100',0),(3098,'653121','疏附县','653100',0),(3099,'653122','疏勒县','653100',0),(3100,'653123','英吉沙县','653100',0),(3101,'653124','泽普县','653100',0),(3102,'653125','莎车县','653100',0),(3103,'653126','叶城县','653100',0),(3104,'653127','麦盖提县','653100',0),(3105,'653128','岳普湖县','653100',0),(3106,'653129','伽师县','653100',0),(3107,'653130','巴楚县','653100',0),(3108,'653131','塔什库尔干塔吉克自治县','653100',0),(3109,'653201','和田市','653200',0),(3110,'653221','和田县','653200',0),(3111,'653222','墨玉县','653200',0),(3112,'653223','皮山县','653200',0),(3113,'653224','洛浦县','653200',0),(3114,'653225','策勒县','653200',0),(3115,'653226','于田县','653200',0),(3116,'653227','民丰县','653200',0),(3117,'654002','伊宁市','654000',0),(3118,'654003','奎屯市','654000',0),(3119,'654021','伊宁县','654000',0),(3120,'654022','察布查尔锡伯自治县','654000',0),(3121,'654023','霍城县','654000',0),(3122,'654024','巩留县','654000',0),(3123,'654025','新源县','654000',0),(3124,'654026','昭苏县','654000',0),(3125,'654027','特克斯县','654000',0),(3126,'654028','尼勒克县','654000',0),(3127,'654201','塔城市','654200',0),(3128,'654202','乌苏市','654200',0),(3129,'654221','额敏县','654200',0),(3130,'654223','沙湾县','654200',0),(3131,'654224','托里县','654200',0),(3132,'654225','裕民县','654200',0),(3133,'654226','和布克赛尔蒙古自治县','654200',0),(3134,'654301','阿勒泰市','654300',0),(3135,'654321','布尔津县','654300',0),(3136,'654322','富蕴县','654300',0),(3137,'654323','福海县','654300',0),(3138,'654324','哈巴河县','654300',0),(3139,'654325','青河县','654300',0),(3140,'654326','吉木乃县','654300',0),(3141,'659001','石河子市','659000',0),(3142,'659002','阿拉尔市','659000',0),(3143,'659003','图木舒克市','659000',0),(3144,'659004','五家渠市','659000',0),(3145,'710101','中正区','710100',0),(3146,'710102','大同区','710100',0),(3147,'710103','中山区','710100',0),(3148,'710104','松山区','710100',0),(3149,'710105','大安区','710100',0),(3150,'710106','万华区','710100',0),(3151,'710107','信义区','710100',0),(3152,'710108','士林区','710100',0),(3153,'710109','北投区','710100',0),(3154,'710110','内湖区','710100',0),(3155,'710111','南港区','710100',0),(3156,'710112','文山区','710100',0),(3157,'710201','新兴区','710200',0),(3158,'710202','前金区','710200',0),(3159,'710203','芩雅区','710200',0),(3160,'710204','盐埕区','710200',0),(3161,'710205','鼓山区','710200',0),(3162,'710206','旗津区','710200',0),(3163,'710207','前镇区','710200',0),(3164,'710208','三民区','710200',0),(3165,'710209','左营区','710200',0),(3166,'710210','楠梓区','710200',0),(3167,'710211','小港区','710200',0),(3168,'710301','仁爱区','710300',0),(3169,'710302','信义区','710300',0),(3170,'710303','中正区','710300',0),(3171,'710304','中山区','710300',0),(3172,'710305','安乐区','710300',0),(3173,'710306','暖暖区','710300',0),(3174,'710307','七堵区','710300',0),(3175,'710401','中区','710400',0),(3176,'710402','东区','710400',0),(3177,'710403','南区','710400',0),(3178,'710404','西区','710400',0),(3179,'710405','北区','710400',0),(3180,'710406','北屯区','710400',0),(3181,'710407','西屯区','710400',0),(3182,'710408','南屯区','710400',0),(3183,'710501','中西区','710500',0),(3184,'710502','东区','710500',0),(3185,'710503','南区','710500',0),(3186,'710504','北区','710500',0),(3187,'710505','安平区','710500',0),(3188,'710506','安南区','710500',0),(3189,'710601','东区','710600',0),(3190,'710602','北区','710600',0),(3191,'710603','香山区','710600',0),(3192,'710701','东区','710700',0),(3193,'710702','西区','710700',0),(3194,'719001','台北县','719000',0),(3195,'719002','宜兰县','719000',0),(3196,'719003','新竹县','719000',0),(3197,'719004','桃园县','719000',0),(3198,'719005','苗栗县','719000',0),(3199,'719006','台中县','719000',0),(3200,'719007','彰化县','719000',0),(3201,'719008','南投县','719000',0),(3202,'719009','嘉义县','719000',0),(3203,'719010','云林县','719000',0),(3204,'719011','台南县','719000',0),(3205,'719012','高雄县','719000',0),(3206,'719013','屏东县','719000',0),(3207,'719014','台东县','719000',0),(3208,'719015','花莲县','719000',0),(3209,'719016','澎湖县','719000',0),(3210,'810101','中西区','810100',0),(3211,'810102','湾仔区 ','810100',0),(3212,'810103','东区 ','810100',0),(3213,'810104','南区','810100',0),(3214,'810201','油尖旺区 ','810200',0),(3215,'810202','深水埗区','810200',0),(3216,'810203','九龙城区','810200',0),(3217,'810204','黄大仙区','810200',0),(3218,'810205','观塘区','810200',0),(3219,'810301','北区 ','810300',0),(3220,'810302','大埔区','810300',0),(3221,'810303','沙田区 ','810300',0),(3222,'810304','西贡区','810300',0),(3223,'810305','荃湾区','810300',0),(3224,'810306','屯门区 ','810300',0),(3225,'810307','元朗区 ','810300',0),(3226,'810308','葵青区','810300',0),(3227,'810309','离岛区 ','810300',0),(3228,'820101','澳门','820100',0);
/*!40000 ALTER TABLE `kts_area` ENABLE KEYS */;
UNLOCK TABLES;

--
-- Table structure for table `kts_auth_group`
--

DROP TABLE IF EXISTS `kts_auth_group`;
/*!40101 SET @saved_cs_client     = @@character_set_client */;
/*!40101 SET character_set_client = utf8 */;
CREATE TABLE `kts_auth_group` (
  `id` smallint(8) unsigned NOT NULL AUTO_INCREMENT,
  `title` varchar(10) NOT NULL DEFAULT '',
  `status` tinyint(1) NOT NULL DEFAULT '1',
  `rules` text NOT NULL,
  `describe` varchar(15) NOT NULL DEFAULT '',
  PRIMARY KEY (`id`)
) ENGINE=InnoDB DEFAULT CHARSET=utf8mb4;
/*!40101 SET character_set_client = @saved_cs_client */;

--
-- Dumping data for table `kts_auth_group`
--

LOCK TABLES `kts_auth_group` WRITE;
/*!40000 ALTER TABLE `kts_auth_group` DISABLE KEYS */;
/*!40000 ALTER TABLE `kts_auth_group` ENABLE KEYS */;
UNLOCK TABLES;

--
-- Table structure for table `kts_auth_group_access`
--

DROP TABLE IF EXISTS `kts_auth_group_access`;
/*!40101 SET @saved_cs_client     = @@character_set_client */;
/*!40101 SET character_set_client = utf8 */;
CREATE TABLE `kts_auth_group_access` (
  `uid` int(8) unsigned NOT NULL,
  `group_id` smallint(8) unsigned NOT NULL,
  UNIQUE KEY `uid_group_id` (`uid`,`group_id`) USING BTREE,
  KEY `uid` (`uid`) USING BTREE,
  KEY `group_id` (`group_id`) USING BTREE
) ENGINE=InnoDB DEFAULT CHARSET=utf8mb4;
/*!40101 SET character_set_client = @saved_cs_client */;

--
-- Dumping data for table `kts_auth_group_access`
--

LOCK TABLES `kts_auth_group_access` WRITE;
/*!40000 ALTER TABLE `kts_auth_group_access` DISABLE KEYS */;
/*!40000 ALTER TABLE `kts_auth_group_access` ENABLE KEYS */;
UNLOCK TABLES;

--
-- Table structure for table `kts_auth_modules`
--

DROP TABLE IF EXISTS `kts_auth_modules`;
/*!40101 SET @saved_cs_client     = @@character_set_client */;
/*!40101 SET character_set_client = utf8 */;
CREATE TABLE `kts_auth_modules` (
  `id` tinyint(4) unsigned NOT NULL AUTO_INCREMENT,
  `moduleName` varchar(20) NOT NULL DEFAULT '' COMMENT '模块名',
  PRIMARY KEY (`id`)
) ENGINE=InnoDB DEFAULT CHARSET=utf8mb4 COMMENT='模块表';
/*!40101 SET character_set_client = @saved_cs_client */;

--
-- Dumping data for table `kts_auth_modules`
--

LOCK TABLES `kts_auth_modules` WRITE;
/*!40000 ALTER TABLE `kts_auth_modules` DISABLE KEYS */;
/*!40000 ALTER TABLE `kts_auth_modules` ENABLE KEYS */;
UNLOCK TABLES;

--
-- Table structure for table `kts_auth_rule`
--

DROP TABLE IF EXISTS `kts_auth_rule`;
/*!40101 SET @saved_cs_client     = @@character_set_client */;
/*!40101 SET character_set_client = utf8 */;
CREATE TABLE `kts_auth_rule` (
  `rule_id` int(1) unsigned NOT NULL AUTO_INCREMENT,
  `name` varchar(80) NOT NULL DEFAULT '',
  `title` varchar(20) NOT NULL DEFAULT '',
  `type` tinyint(1) NOT NULL DEFAULT '1',
  `status` tinyint(1) NOT NULL DEFAULT '1',
  `condition` varchar(100) NOT NULL DEFAULT '' COMMENT '附加条件',
  `mid` tinyint(3) unsigned NOT NULL DEFAULT '0' COMMENT '外键,和auth_modules的id对应,对规则分类处理,方便管理',
  PRIMARY KEY (`rule_id`)
) ENGINE=InnoDB DEFAULT CHARSET=utf8mb4 COMMENT='权限表';
/*!40101 SET character_set_client = @saved_cs_client */;

--
-- Dumping data for table `kts_auth_rule`
--

LOCK TABLES `kts_auth_rule` WRITE;
/*!40000 ALTER TABLE `kts_auth_rule` DISABLE KEYS */;
/*!40000 ALTER TABLE `kts_auth_rule` ENABLE KEYS */;
UNLOCK TABLES;

--
-- Table structure for table `kts_banner`
--

DROP TABLE IF EXISTS `kts_banner`;
/*!40101 SET @saved_cs_client     = @@character_set_client */;
/*!40101 SET character_set_client = utf8 */;
CREATE TABLE `kts_banner` (
  `id` int(10) unsigned NOT NULL AUTO_INCREMENT,
  `title` varchar(255) DEFAULT NULL COMMENT '标题',
  `imageurl` varchar(200) DEFAULT NULL COMMENT '图片/视频地址',
  `url` varchar(200) DEFAULT NULL COMMENT '跳转地址',
  `desc` varchar(255) DEFAULT NULL COMMENT '简介',
  `content` text COMMENT '内容',
  `is_show` tinyint(1) NOT NULL DEFAULT '1' COMMENT '是否展示',
  `type` tinyint(1) NOT NULL DEFAULT '1' COMMENT '类型:1首页，2书评，3话题',
  PRIMARY KEY (`id`)
) ENGINE=InnoDB AUTO_INCREMENT=2 DEFAULT CHARSET=utf8mb4 COMMENT='banner表';
/*!40101 SET character_set_client = @saved_cs_client */;

--
-- Dumping data for table `kts_banner`
--

LOCK TABLES `kts_banner` WRITE;
/*!40000 ALTER TABLE `kts_banner` DISABLE KEYS */;
INSERT INTO `kts_banner` VALUES (1,'banner2','FhVZZLBrTTf8ocvHUUIoSwVvwLOI',NULL,'banner2','banner2',1,1);
/*!40000 ALTER TABLE `kts_banner` ENABLE KEYS */;
UNLOCK TABLES;

--
-- Table structure for table `kts_book`
--

DROP TABLE IF EXISTS `kts_book`;
/*!40101 SET @saved_cs_client     = @@character_set_client */;
/*!40101 SET character_set_client = utf8 */;
CREATE TABLE `kts_book` (
  `book_id` int(10) unsigned NOT NULL AUTO_INCREMENT,
  `book_number` varchar(255) NOT NULL DEFAULT '0' COMMENT '图书的书号',
  `type` tinyint(4) NOT NULL DEFAULT '1' COMMENT '图书类型1普通的书 0二手书 2分享的书,3电子书',
  `name` varchar(50) NOT NULL COMMENT '书名',
  `author` varchar(20) NOT NULL COMMENT '作者',
  `price` decimal(10,2) unsigned DEFAULT '0.00' COMMENT '出售价格',
  `isdelete` tinyint(4) NOT NULL DEFAULT '0' COMMENT '是否收回 0正常 1收回',
  `user_id` int(11) NOT NULL DEFAULT '0',
  `imageurl` varchar(255) NOT NULL DEFAULT '' COMMENT '用户头像',
  `shop_id` int(10) unsigned NOT NULL DEFAULT '0' COMMENT '店铺ID',
  `time` int(10) unsigned DEFAULT NULL COMMENT '上架时间',
  `cover_img` varchar(255) NOT NULL DEFAULT '' COMMENT '图书封面',
  `category_path` varchar(1024) DEFAULT NULL COMMENT '类别的id',
  `tag_id` int(10) unsigned DEFAULT NULL COMMENT '自定义id',
  `press` varchar(255) DEFAULT NULL COMMENT '出版社',
  PRIMARY KEY (`book_id`),
  KEY `f_id` (`price`) USING BTREE,
  KEY `user_id` (`user_id`) USING BTREE
) ENGINE=InnoDB AUTO_INCREMENT=81 DEFAULT CHARSET=utf8mb4 COMMENT='图书表';
/*!40101 SET character_set_client = @saved_cs_client */;

--
-- Dumping data for table `kts_book`
--

LOCK TABLES `kts_book` WRITE;
/*!40000 ALTER TABLE `kts_book` DISABLE KEYS */;
INSERT INTO `kts_book` VALUES (1,'9787807661979',2,'行走海南','陈莉',0.01,0,3,'',0,1484069349,'FlWBqtH6HSy8NDLy7ypNw8y5Mbyp','1|10|12|1|10|33',NULL,NULL),(2,'9787806536711',0,'酒店顾客抱怨管理','彭建军',0.01,0,4,'',0,1484070256,'FvMPjx0BY8b4TWs6eG4qsv95g8od','1|10|12',NULL,NULL),(3,'9787508620831',2,'经济解释卷一： 科学说需求 （神州增订版）','张五常',25.00,0,6,'',0,1484070760,'FkJcKxspz_TFSixC-ZyHGP3PGZEb','7',NULL,NULL),(4,'9787508644042',0,'经济解释卷四：制度的选择（神州增订版）','张五常',38.00,0,6,'',0,1484071888,'FqqZUtQ2gvNrbBkamUnWbhXEOLUS','7',NULL,NULL),(5,'9787119075341',2,'绣像全本西游记','吴承恩',29.80,0,6,'',0,1484104163,'FtzNBeRow7HFqgqy83drVysnAGjd','5',NULL,NULL),(6,'9787557000189',2,'法国旅本：一本有趣有逼格的笔记本书','番外旅本编辑部',148.00,0,1,'',0,1484105553,'FuBeGRNBSrEs091GBSsND3qvhWN6','4',NULL,NULL),(7,'9787806537053',0,'浙江福建古村落自助游','徐清祥',28.00,0,1,'',0,1484105940,'Fvb8wApV0TPcNwRsNb54vxUAgRV6','4|230',NULL,NULL),(8,'9787806538302',2,'成都魅力指引','本社',35.00,0,1,'',0,1484129318,'Ft_uLykNhnjL7EOS2MRw_8S9_kQp','4|230',NULL,NULL),(9,'9787544264600',2,'小豆豆丢失的记忆','黒柳彻子',28.00,0,6,'',0,1484143871,'FsDaKxj2MOqn9Fgix8AgAslZekDG','2|87|92',NULL,NULL),(10,'9787532767373',2,'夏洛的网','E·B·怀特',26.00,0,6,'',0,1484144146,'Fj02lSIOS2a5tEes95k3yYyAfnGL','2|87|88',NULL,NULL),(11,'9787508620831',2,'经济解释卷一： 科学说需求 （神州增订版）','张五常',25.00,0,11,'',0,1484145346,'FkvDFXaUXm2eWMzCmrmJ5gTQgUq2','7|701|719',NULL,NULL),(12,'780146284',2,'三国演义','罗贯中',1280.00,0,13,'',0,1484154018,'FluaN-SZd75alQFpJJwDnlzqMTXV','1|10',NULL,NULL),(13,'9787806538791',2,'大香格里拉-寻找消失的地平线','张广夏',39.00,0,1,'',0,1484210999,'FgdkURaSKlqIRrP6Q1jAzWhExL66','4|230',NULL,NULL),(14,'9787807660934',2,'职场柔道VS上司','朱复融',25.00,0,1,'',0,1484211735,'Fv0D83sUXytR5RvQCB-RdcF20Ydy','7|700',NULL,NULL),(15,'9787301171394',2,'《圣经》文学阐释教程','刘意青',48.00,0,6,'',0,1484217915,'Fk-UwvMvS9wyHZJVU03nnwZaxeIe','3',NULL,NULL),(16,'9787100085007',2,'发现之旅','托尼•赖斯',75.00,0,11,'',0,1484275435,'FiwEe1_41RGf0EFceWxqrUEh7_YR','5',NULL,NULL),(17,'9787100085007',2,'发现之旅','托尼•赖斯',75.00,0,6,'',0,1484275658,'Fq4_MLO7OQ5DmmEAN8qQSbeMc0b-','5',NULL,NULL),(18,'9787506087131',2,'最好的方法给孩子','王芳',39.90,0,14,'',0,1484277113,'FvJDpEd5jTYNoaVH9bOq_ZBuUeNo','4',NULL,NULL),(19,'9787532767373',0,'夏洛的网','E·B·怀特',26.00,0,6,'',0,1484326969,'FiqdqgJeIHav-DhoJijxGv7SLS_b','2|87|88',NULL,NULL),(20,'9787544264600',2,'小豆豆丢失的记忆','黒柳彻子',28.00,0,11,'',0,1484328135,'Fp9bd8KaiYysfY-WOxeWdbXnSh_S','2|87|88',NULL,NULL),(21,'9787508620831',0,'经济解释卷一： 科学说需求 （神州增订版）','张五常',25.00,0,11,'',0,1484328302,'FlR56oTu5S4be_vIPtxQme08L5aQ','7|701|719',NULL,NULL),(22,'9787806538791',2,'大香格里拉-寻找消失的地平线','张广夏',39.00,0,2,'',0,1484362415,'FrrY0NGZjtpbLaPZHKOZFcQahRI9','2',NULL,NULL),(23,'9787503412219',2,'孙子兵法智谋故事总集','王建民 编',26.50,0,13,'',0,1484373742,'FiG_UYv27IxntD188sUBJHJ4Osnw','8',NULL,NULL),(24,'9787806533918',2,'男女结婚医学手册','王毅,李晓琳,李达维',26.00,0,2,'',0,1484375510,'FqJ6KU9T2YSLBtycWj2gpMT2AM6s','1',NULL,NULL),(25,'9787557002145',2,'过好每一天','黄河',29.00,0,9,'',0,1484380770,'FlDxf943VZF3cYJKoGX0BvHRq2Z9','4',NULL,NULL),(26,'9787208061644',2,'追风筝的人','[美] 卡勒德·胡赛尼',29.00,0,1,'',0,1484384414,'FkWjgRo-NlG70cVaDfkD02zDMv5B','1|10',NULL,NULL),(27,'9787806538791',2,'大香格里拉-寻找消失的地平线','张广夏',39.00,0,9,'',0,1484389763,'Fs3d_3QYbWAZy3aI0WW7Iu0kGGhb','4',NULL,NULL),(28,'9787807661979',2,'行走海南','陈莉',28.00,0,6,'',0,1484391921,'FoPXBqVZSyms32iHgsiank8XuvkK','4|230',NULL,NULL),(29,'9787807661979',2,'行走海南','陈莉',28.00,0,11,'',0,1484392855,'Fr2vLnLhChFDSbVA7-symWAxPNvx','4|230',NULL,NULL),(30,'9787509786802',2,'版权法（全2册）','郑成思',298.00,0,13,'',0,1484454861,'FmMnt_P1-Ne1fIukIBuy9F9jnP9c','8|446',NULL,NULL),(31,'9787513038485',2,'知识产权法律概论','江苏省知识产权局',60.00,0,13,'',0,1484455196,'Fv3TLDRKFUXwfqlEZRrGmb0t7Uyz','8|446',NULL,NULL),(32,'9787510624537',2,'生命“阅读”越精彩','孙文燕',36.00,0,13,'',0,1484455670,'Fsvd6HRqVhUSV_aYhMX8MBySw8n5','8',NULL,NULL),(33,'9787513904995',2,'我曾走过','钱广书',36.00,0,13,'',0,1484455918,'FvmXAvopWbJikJkR59MfyowInG-2','8',NULL,NULL),(34,'9787562346050',2,'做最好的教育：小学、幼儿园教育研究与实践','曾用强',49.00,0,13,'',0,1484456136,'FnJIB4gu7Bg3uMZLWGP-vwkYJr5t','8',NULL,NULL),(35,'9787544750448',2,'全球经济史-牛津通识读本','[英]罗伯特·C.艾伦',25.00,0,13,'',0,1484456618,'FqQ-ZzH9Rt6WQnIA_ZRUOFHeEcqL','7|701|723',NULL,NULL),(36,'9787305144318',2,'中国经济发展：理论、实践、趋势','洪银兴、孙宁华',88.00,0,13,'',0,1484456983,'FlKaME4lTJnKSWLIFf1xAslnJ3Mf','7|701',NULL,NULL),(37,'9787509794194',2,'真实繁荣','潘向东',98.00,0,13,'',0,1484457150,'FgQpz5w3n_-KWn64dYqEUCDvxs5h','7|701',NULL,NULL),(38,'9787539864150',2,'西方风景画大师作品精选系列','武洪滨',98.00,0,13,'',0,1484460253,'FqnPx3GRSRaqwrg8Wr_ndXvNwQZx','5|327',NULL,NULL),(39,'9787512022300',2,'弘一法师手书金刚般若波罗蜜经','弘一法师',55.00,0,13,'',0,1484460564,'FtzeqsYF2wt6p9X0NgazLqf5JLit','5|329',NULL,NULL),(40,'9787506744393',2,'中华人民共和国药典','国家药典委员会',648.00,0,6,'',0,1484469434,'FiH6Oo2M4bCcIfu9e8Bp2yIRsrDi','6|562',NULL,NULL),(41,'9787514212549',2,'彼得兔全集(上)','比阿特丽克斯   .波特',58.00,0,6,'',0,1484497268,'FtuMXi0gMXLjOAQoRN1QIBbklb5D','2|87|88',NULL,NULL),(42,'9787530216224',0,'逃离','[加] 艾丽丝·门罗',49.50,0,6,'',0,1484498142,'Fur9N9fgSbp8DCaZ76b1jc6s943K','1|11|24',NULL,NULL),(43,'9787546336244',2,'不可能犯罪诊断书Ⅱ','爱德华·霍克',28.00,0,6,'',0,1484564142,'Fl6yBAJ4BSM7lOvAeGheG_iBsJO8','1|11',NULL,NULL),(44,'9787546336244',2,'不可能犯罪诊断书Ⅱ','爱德华·霍克',28.00,0,11,'',0,1484564513,'Fo5-I2uNsG0zLP_JhdJ362pcuy60','1|11|21',NULL,NULL),(45,'9787534256301',2,'狼王梦','沈石溪',18.00,0,6,'',0,1484578346,'Flo8DigI1d0kEecN_F1-yJxWW1dV','2|87|88',NULL,NULL),(46,'9787806825341',2,'现代汉语词典','汉语大字典编纂处',29.80,0,6,'',0,1484578799,'FnDbmPNQqumUc9AOOBsA2YivvNDF','3|135|169',NULL,NULL),(47,'9787546137735',2,'哥伦布','邱芬',12.00,0,6,'',0,1484580969,'FtSJWm-0gjIWws8iOuBxDnf85JwD','2|87|92',NULL,NULL),(48,'9787546137797',2,'苏轼','余志慧',12.00,0,11,'',0,1484581350,'FnVda1rnX4A_tPoE9Cm5oX9WxH8C','2|87|92',NULL,NULL),(49,'9787546336244',2,'不可能犯罪诊断书Ⅱ','爱德华·霍克',28.00,0,14,'',0,1484625094,'FulihIDszpeRh5kLkPC_cve2zCtt','1|10|12',NULL,NULL),(50,'0',2,'正能量','0',0.00,0,6,'',0,1484631789,'Fg3IHZfMrSIN1rooSGljeo6a0liB','9',NULL,NULL),(51,'9789573235156',2,'晚清七十年 【伍】','唐德剛',0.00,0,6,'',0,1484632113,'Fm9FpswAOvW2WuFipLpTlP-oFQW6','8|442',NULL,NULL),(52,'9787101100228',2,'论语心读','柳恩铭',38.00,0,6,'',0,1484632246,'FlAgytnzq2Ny3Y8Rlhw9ADtvfWKq','8|443',NULL,NULL),(53,'9787549111848',2,'中国红','杨洪编著',28.00,0,6,'',0,1484632348,'Fj9hEtvTVFJvIlMb2AkWfb36pjGe','7|700',NULL,NULL),(54,'9787532767373',2,'夏洛的网','E·B·怀特',26.00,0,11,'',0,1484741216,'FjyRp2aSIxCT1QNQWMzclNN1fn33','2|87|88',NULL,NULL),(55,'9787508620831',2,'经济解释卷一： 科学说需求 （神州增订版）','张五常',25.00,0,6,'',0,1484741941,'FmMyu1khh8eTZi3MwWVAAjoOL5ST','7|701|719',NULL,NULL),(56,'9787544264600',2,'小豆豆丢失的记忆','黒柳彻子',28.00,0,6,'',0,1484742726,'FlSbSGG65rY-sJL4o7ck55xa1pAT','2|87',NULL,NULL),(57,'9787806537053',2,'浙江福建古村落自助游','徐清祥',28.00,0,1,'',0,1484825421,'Fp7ZB4AyYLi-VwbaURieg95qV1t_','4|230',NULL,NULL),(58,'9787111444008',2,'如何高效学习','[美]斯科特·扬',35.00,0,13,'',0,1484826288,'Fit-7Agd0H4gJmew58b6f4apBDFV','9',NULL,NULL),(59,'9787534273131',2,'淘气包马小跳系列','杨红樱',16.00,0,11,'',0,1484830048,'Fnft5hfgu0AohvIjFQd4Yd5sAelB','2',NULL,NULL),(60,'9787806825341',2,'现代汉语词典','汉语大字典编纂处',29.80,0,11,'',0,1484830337,'FjrSx7ZrHEczVp7fH5zMCoANWppZ','3|135',NULL,NULL),(61,'9787806531094',2,'浙江福建古村落自助游','徐清祥',0.00,0,7,'',0,1484904401,'FiLlITDXl3u0oKO8dIR9FbUAwzJp','1|11|21',NULL,NULL),(62,'9787805217802',2,'幽默人生100','文龙',9.00,0,1,'',0,1484882153,'Fpb4f1a1cpxyBK-cGgyIgstszuAW','5',NULL,NULL),(63,'9787806531006',2,'旅游心理学','吕勤',0.00,0,1,'',0,1486371756,'Fh53q8hIuwkza4plnjY11_GIY_4-','4|230',NULL,NULL),(64,'9787806531094',0,'浙江福建古村落自助游','徐清祥',506.00,0,7,'',0,1484904306,'FiLlITDXl3u0oKO8dIR9FbUAwzJp','4|230|271',NULL,NULL),(65,'0',2,'过年回家','0',0.00,0,12,'',0,1486106685,'FgBSvBJbW4joLwPon0XbUb5se9Dn','1|10|12',NULL,NULL),(66,'9787302404330',2,'山海经','孙见坤',128.00,0,12,'',0,1486107879,'Fh2jbHIZgL6jiRPx9FHFgWnmp2aL','8|443|464',NULL,NULL),(67,'9787505735859',2,'关于我最喜欢的他','伟大的安妮',0.00,0,17,'',0,1486192611,'Fktk4SiCcrFmiGa0I30uZuYooigv','1|68|79',NULL,NULL),(68,'9787806535455',2,'内蒙古行知书','曹凤英',35.00,0,1,'',0,1486624512,'1486624255385','4|230|271',1,'广东旅游出版社'),(69,'9787557002145',2,'过好每一天','黄河',29.80,0,17,'',0,1487123314,'1487123062164','9|676|698',NULL,'广东旅游出版社'),(73,'9787806533925',0,'十月怀胎医学手册','李晓琳,李达维,王毅',26.00,0,1,'',0,1487142754,'1487140453302','4|226|240',NULL,'\n      广东旅游出版社'),(74,'9787806538302',2,'成都魅力指引','本社',35.00,0,18,'',0,1487216905,'book_cover_20170216114812669uxPvGce.jpg','1|11|24',NULL,'广东旅游'),(75,'9787546202273',2,'蔬果治百病','黄川',0.00,0,1,'',0,1487556284,'Fn6c8SqcAyKZVVfY5GWH76-3MjmS','4|234',NULL,'广州出版社'),(76,'97872080616445',2,'追风筝的人','[美] 卡勒德·胡赛尼',29.00,0,1,'',0,1487418093,'1487417840713','1|10',NULL,'上海人民出版社'),(77,'0',2,'哈哈哈','0',0.00,0,17,'',0,1487418391,'1487418373274','1',NULL,''),(78,'9787101114638',2,'诗经','0',0.00,0,6,'',0,1487439928,'1487439846893','1|10|15',NULL,''),(79,'0',2,'地方方法','0',0.00,0,1,'',0,1487558007,'Flgfpvid1z80GSiDxOq5vQ-vGaS6','2',NULL,''),(80,'0',2,'巛','0',0.00,0,17,'',0,1487553325,'1487553298974','1|10|15',NULL,'');
/*!40000 ALTER TABLE `kts_book` ENABLE KEYS */;
UNLOCK TABLES;

--
-- Table structure for table `kts_book_add`
--

DROP TABLE IF EXISTS `kts_book_add`;
/*!40101 SET @saved_cs_client     = @@character_set_client */;
/*!40101 SET character_set_client = utf8 */;
CREATE TABLE `kts_book_add` (
  `add_id` int(10) unsigned NOT NULL AUTO_INCREMENT,
  `book_number` bigint(22) unsigned NOT NULL,
  `sell_num` int(10) unsigned DEFAULT '0' COMMENT '出售次数',
  `share_num` int(10) unsigned DEFAULT '0' COMMENT '分享次数',
  `collect_num` int(10) unsigned DEFAULT '0' COMMENT '收藏次数',
  `click_num` int(10) unsigned DEFAULT '0' COMMENT '点赞次数',
  `comment_num` int(10) unsigned DEFAULT '0' COMMENT '评论次数',
  `isdelete` tinyint(4) NOT NULL DEFAULT '1' COMMENT '是否被回收，0/回收，1/正常',
  PRIMARY KEY (`add_id`),
  KEY `book_id` (`book_number`) USING BTREE
) ENGINE=InnoDB AUTO_INCREMENT=63 DEFAULT CHARSET=utf8mb4 COMMENT='图书附加表';
/*!40101 SET character_set_client = @saved_cs_client */;

--
-- Dumping data for table `kts_book_add`
--

LOCK TABLES `kts_book_add` WRITE;
/*!40000 ALTER TABLE `kts_book_add` DISABLE KEYS */;
INSERT INTO `kts_book_add` VALUES (1,9787807661979,0,3,6,0,8,1),(2,9787508620831,0,3,3,0,6,1),(3,9787806536711,4,0,3,0,3,1),(4,9787119075341,0,1,3,0,4,1),(5,9787557000189,0,1,2,0,3,1),(6,9787806538302,0,2,2,0,3,1),(7,9787544264600,0,3,2,0,3,1),(8,9787532767373,0,2,2,0,3,1),(9,780146284,0,1,2,0,3,1),(10,9787806538791,0,3,2,0,6,1),(11,9787807660934,0,1,2,0,3,1),(12,9787301171394,0,1,2,0,3,1),(13,9787100085007,0,2,2,0,4,1),(14,9787506087131,0,1,2,0,3,1),(15,9787503412219,0,1,2,0,3,1),(16,9787806533918,0,1,2,0,3,1),(17,9787557002145,0,2,2,0,4,1),(18,9787208061644,0,1,2,0,3,1),(19,9787509786802,0,1,2,0,3,1),(20,9787513038485,0,1,2,0,3,1),(21,9787510624537,0,1,2,0,3,1),(22,9787513904995,0,1,2,0,3,1),(23,9787562346050,0,1,2,0,3,1),(24,9787544750448,0,1,2,0,3,1),(25,9787305144318,0,1,2,0,3,1),(26,9787509794194,0,1,2,0,4,1),(27,9787539864150,0,1,2,0,3,1),(28,9787512022300,0,1,2,0,3,1),(29,9787506744393,0,1,2,0,3,1),(30,9787514212549,0,1,2,0,3,1),(31,9787546336244,0,3,2,0,4,1),(32,9787534256301,0,1,2,0,3,1),(33,9787806825341,0,2,2,0,3,1),(34,9787546137735,0,1,2,0,4,1),(35,9787546137797,0,1,2,0,5,1),(36,9789573235156,0,1,2,0,3,1),(37,9787101100228,0,1,2,0,3,1),(38,9787549111848,0,1,2,0,3,1),(39,9787532767373,0,1,2,0,3,1),(40,9787508620831,0,1,2,0,3,1),(41,9787544264600,0,1,2,0,2,1),(42,9787806537053,0,2,2,0,2,1),(43,9787111444008,0,1,2,0,2,1),(44,9787534273131,0,1,2,0,2,1),(45,9787806825341,0,1,2,0,2,1),(46,9787806537053,0,1,2,0,2,1),(47,9787805217802,0,1,2,0,2,1),(48,9787806531006,0,1,2,0,2,1),(49,9787806531094,0,0,2,0,2,1),(50,0,0,0,2,0,2,1),(51,9787302404330,0,1,2,0,2,1),(52,9787505735859,0,1,2,0,1,1),(53,9787806535455,0,1,1,0,0,1),(54,9787557002145,0,1,1,0,0,1),(55,9787806533925,0,0,1,0,0,1),(56,9787806538302,0,1,1,0,0,1),(57,9787546202273,0,1,0,0,0,1),(58,97872080616445,0,1,0,0,0,1),(59,0,0,0,0,0,0,1),(60,9787101114638,0,1,0,0,0,1),(61,0,0,0,0,0,0,1),(62,0,0,0,0,0,0,1);
/*!40000 ALTER TABLE `kts_book_add` ENABLE KEYS */;
UNLOCK TABLES;

--
-- Table structure for table `kts_book_aplic_age`
--

DROP TABLE IF EXISTS `kts_book_aplic_age`;
/*!40101 SET @saved_cs_client     = @@character_set_client */;
/*!40101 SET character_set_client = utf8 */;
CREATE TABLE `kts_book_aplic_age` (
  `id` int(10) unsigned NOT NULL AUTO_INCREMENT,
  `name` varchar(100) COLLATE utf8_bin NOT NULL COMMENT '名称',
  `sort` int(11) unsigned NOT NULL DEFAULT '0' COMMENT '排序 ',
  `addtime` int(11) unsigned NOT NULL COMMENT '添加时间',
  `is_show` tinyint(1) unsigned NOT NULL DEFAULT '1' COMMENT '是否删除 0表示删除 1正常',
  PRIMARY KEY (`id`)
) ENGINE=InnoDB AUTO_INCREMENT=6 DEFAULT CHARSET=utf8 COLLATE=utf8_bin COMMENT='图书适用年龄表';
/*!40101 SET character_set_client = @saved_cs_client */;

--
-- Dumping data for table `kts_book_aplic_age`
--

LOCK TABLES `kts_book_aplic_age` WRITE;
/*!40000 ALTER TABLE `kts_book_aplic_age` DISABLE KEYS */;
INSERT INTO `kts_book_aplic_age` VALUES (1,'0-3周岁',1,1477881491,1),(2,'3-6周岁',1,1477881491,1),(3,'6-11周岁',1,1477881491,1),(4,'11-18周岁',1,1477881491,1),(5,'18周岁以上',1,1477881491,1);
/*!40000 ALTER TABLE `kts_book_aplic_age` ENABLE KEYS */;
UNLOCK TABLES;

--
-- Table structure for table `kts_book_attr`
--

DROP TABLE IF EXISTS `kts_book_attr`;
/*!40101 SET @saved_cs_client     = @@character_set_client */;
/*!40101 SET character_set_client = utf8 */;
CREATE TABLE `kts_book_attr` (
  `id` int(10) unsigned NOT NULL AUTO_INCREMENT,
  `type` tinyint(3) unsigned DEFAULT '1' COMMENT '书类型 1表示普通书，0表示二手书',
  `book_id` int(10) unsigned NOT NULL DEFAULT '0' COMMENT '书ID',
  `is_new` tinyint(3) unsigned NOT NULL DEFAULT '1' COMMENT '1表示默认新书',
  `press` varchar(255) DEFAULT NULL COMMENT '出版社',
  `publish_price` decimal(10,2) unsigned DEFAULT '0.00' COMMENT '定价',
  `publish_time` date DEFAULT NULL COMMENT '出版时间',
  `clc` varchar(255) DEFAULT NULL COMMENT '中图法类目号',
  `edition` int(5) unsigned DEFAULT NULL COMMENT '版次',
  `impression` int(5) unsigned DEFAULT NULL COMMENT '印次',
  `page` int(10) unsigned DEFAULT NULL COMMENT '页数',
  `words` int(10) unsigned DEFAULT NULL COMMENT '字数',
  `format` varchar(255) DEFAULT NULL COMMENT '开本',
  `sheet` varchar(255) DEFAULT NULL COMMENT '印张',
  `paper` varchar(255) DEFAULT NULL COMMENT '纸张',
  `binding` varchar(200) DEFAULT NULL COMMENT '装帧',
  `language` varchar(50) DEFAULT '' COMMENT '语言种类',
  `introduce` text COMMENT '内容简介',
  `author_desc` text COMMENT '作者简介',
  `author_area` varchar(255) DEFAULT '中国大陆' COMMENT '作者地区',
  `applicable_age` varchar(255) DEFAULT '0' COMMENT '适用年龄',
  `cover_explain` varchar(255) DEFAULT NULL COMMENT '封面说明 没有为gg',
  `copyright` varchar(255) DEFAULT '0' COMMENT '版权',
  `other` varchar(1024) DEFAULT '0' COMMENT '其他图片 多个；间隔',
  `video_title` varchar(255) DEFAULT '0' COMMENT '视频标题',
  `video` varchar(255) DEFAULT '0' COMMENT '视频默认第一个为封面 多个；间隔',
  `address` varchar(255) DEFAULT '0' COMMENT '地址',
  `longitude` varchar(255) DEFAULT '0' COMMENT '经度',
  `latitude` varchar(255) DEFAULT '0' COMMENT '纬度',
  `geohash` varchar(200) DEFAULT NULL,
  `catalog` text COMMENT '目录',
  `cate_name` varchar(2048) DEFAULT NULL COMMENT '分类名称',
  `translator` varchar(255) DEFAULT NULL COMMENT '译者/编校者',
  `publishing_place` varchar(255) DEFAULT NULL COMMENT '出版地',
  `lunar_calendar` varchar(255) DEFAULT NULL COMMENT '农历',
  `calendar` varchar(2555) DEFAULT NULL COMMENT '纪年',
  `desc_video` varchar(255) DEFAULT NULL COMMENT '简介视频',
  `desc_images` varchar(1024) DEFAULT NULL COMMENT '简介图片',
  PRIMARY KEY (`id`),
  KEY `book_id` (`book_id`,`is_new`) USING BTREE
) ENGINE=InnoDB AUTO_INCREMENT=78 DEFAULT CHARSET=utf8mb4 COMMENT='图书属性表';
/*!40101 SET character_set_client = @saved_cs_client */;

--
-- Dumping data for table `kts_book_attr`
--

LOCK TABLES `kts_book_attr` WRITE;
/*!40000 ALTER TABLE `kts_book_attr` DISABLE KEYS */;
INSERT INTO `kts_book_attr` VALUES (1,2,1,1,'广东旅游出版社',0.01,'0000-00-00',NULL,0,0,0,0,'',NULL,'','','','','','','',NULL,'FnfrsTxpTaZ3-9GdXG1GWH-x4sFa','Fqzgrl0SuGLFgQ6N2dLaMK0Bbzg4','',';','0','0','0',NULL,NULL,NULL,NULL,NULL,NULL,NULL,NULL,NULL),(2,0,2,1,'广东旅游出版社',1.00,'0000-00-00',NULL,0,0,0,0,'',NULL,'','','','','','','',NULL,'FlKcPvBApoe8F_bdPwvBQSqqNeq-','FjtAZSfqElsDDWPtx_x5iViuUr1b;Fk8xU2HPb-qVt0RsppKxeHgk4vsy;Fk8xU2HPb-qVt0RsppKxeHgk4vsy;FmcHgYdKkTV_O_0LAr24K2E1Jbvg','',';','0','0','0',NULL,NULL,NULL,NULL,NULL,NULL,NULL,NULL,NULL),(3,2,3,1,'中信出版社',25.00,'0000-00-00',NULL,0,0,0,0,'',NULL,'','','','','','','',NULL,'FmxoDYDVMywhn3kDFi7cOlCNnm-F','','',';','0','0','0',NULL,NULL,NULL,NULL,NULL,NULL,NULL,NULL,NULL),(4,0,4,1,'中信出版社',38.00,'0000-00-00',NULL,0,0,0,0,'',NULL,'','','','','','','',NULL,'Fp0tTpa5KRMAy1cMnaDMpq5j14ss','','',';','0','0','0',NULL,NULL,NULL,NULL,NULL,NULL,NULL,NULL,NULL),(5,2,5,1,'外文',29.80,'0000-00-00',NULL,0,0,0,0,'',NULL,'','','','','','','',NULL,'Fs1K5x1avJ77gyG6zMpbvtFD5Vf1','','',';','0','0','0',NULL,NULL,NULL,NULL,NULL,NULL,NULL,NULL,NULL),(6,2,6,1,'广东旅游出版社',148.00,'2015-08-20',NULL,0,0,0,0,'',NULL,'','','','','','','',NULL,'FpR1m73iMbXacisctqsI0Wy6LUtF','','',';','0','0','0',NULL,NULL,NULL,NULL,NULL,NULL,NULL,NULL,NULL),(7,0,7,1,'广东旅游出版社',28.00,'0000-00-00',NULL,0,0,0,0,'',NULL,'','','','古村落自助游','杭州人','','',NULL,'FkPtXjPAbFKPTOo4ysUL1dnw11uN','Fgxv03-VMtrJrG2WEkl5-lFPEeJ1;FhVZZLBrTTf8ocvHUUIoSwVvwLOI','',';','0','0','0',NULL,NULL,NULL,NULL,NULL,NULL,NULL,NULL,NULL),(8,2,8,1,'广东旅游',35.00,'0000-00-00',NULL,0,0,0,0,'',NULL,'','','','','','','',NULL,'FvMCcSJEeFNUvA5uPi7B47jyXHKE','','',';','0','0','0',NULL,NULL,NULL,NULL,NULL,NULL,NULL,NULL,NULL),(9,2,9,1,'南海出版社',28.00,'0000-00-00',NULL,0,0,0,0,'',NULL,'','','','','','','',NULL,'FtnD36jI8HbPpzRRgYe5rZuoFZX6','','',';','0','0','0',NULL,NULL,NULL,NULL,NULL,NULL,NULL,NULL,NULL),(10,2,10,1,'上海译文出版社',26.00,'2014-08-01',NULL,0,0,0,0,'',NULL,'','','','','','','',NULL,'FqbiwKuoUo4cbgdPFTmrzs7DpQK2','','',';','0','0','0',NULL,NULL,NULL,NULL,NULL,NULL,NULL,NULL,NULL),(11,2,11,1,'中信出版社',25.00,'0000-00-00',NULL,0,0,0,0,'',NULL,'','','','','','','',NULL,'FsQQe_PHqp9XzLBwzwGm3rmershS','','',';','0','0','0',NULL,NULL,NULL,NULL,NULL,NULL,NULL,NULL,NULL),(12,2,12,1,'中国社会出版社',1280.00,'0000-00-00',NULL,0,0,0,0,'',NULL,'','','','','','','',NULL,'FvRkiY9E9GARDr5y63MAoNgxkMvb','','',';','0','0','0',NULL,'q\n',NULL,NULL,NULL,NULL,NULL,NULL,NULL),(13,2,13,1,'广东旅游',39.00,'0000-00-00',NULL,0,0,0,0,'',NULL,'','','','','','','',NULL,'/storage/emulated/0/ImageSelector/Pictures/20170112163720.jpg','FlQAEO7dzANBnkMI1_F3QNz0gs0S;FpzlCfk1gaZ1zkOG_S5SedW3HDgm','',';','0','0','0',NULL,NULL,NULL,NULL,NULL,NULL,NULL,NULL,NULL),(14,2,14,1,'广东出版社',25.00,'0000-00-00',NULL,0,0,0,0,'',NULL,'','','','','','','',NULL,'FhqRJwSmSHR6kq_oZ7if68YeoYzx','Foqx54ULxmzJmVp64Lrk04-F6kO6;Fsl0xdw7jx9ApmDVHh7je9ioeRrN','',';','0','0','0',NULL,NULL,NULL,NULL,NULL,NULL,NULL,NULL,NULL),(15,2,15,1,'北京大学出版社',48.00,'2010-06-21',NULL,0,0,0,0,'',NULL,'','','','','','','',NULL,'FvESwP6Hktzxsgkg_S7Tk2YRkq8n','','',';','0','0','0',NULL,NULL,NULL,NULL,NULL,NULL,NULL,NULL,NULL),(16,2,16,1,'商务印书馆',75.00,'2012-01-01',NULL,0,0,0,0,'',NULL,'','','','','','','',NULL,'Frgl8TAaew9lhKQJixRzSeJoI_0f','','',';','0','0','0',NULL,NULL,NULL,NULL,NULL,NULL,NULL,NULL,NULL),(17,2,17,1,'商务印书馆',75.00,'2012-01-01',NULL,0,0,0,0,'',NULL,'','','','','','','',NULL,'Fh8ErXDWXlPg_2RNsY8qRMK3LpVR','','',';','0','0','0',NULL,NULL,NULL,NULL,NULL,NULL,NULL,NULL,NULL),(18,2,18,1,'东方出版社',39.90,'2016-01-01',NULL,0,0,0,0,'',NULL,'','','','','','','',NULL,'FvKHelsmo-O5Vavk_wG2BUosWi1O','','',';','0','0','0',NULL,NULL,NULL,NULL,NULL,NULL,NULL,NULL,NULL),(19,0,19,1,'上海译文出版社',26.00,'2014-08-01',NULL,0,0,0,0,'',NULL,'','','','','','','',NULL,'FlJ8IyP117nx-zvHcU7CuMaRY3o4','','',';','0','0','0',NULL,NULL,NULL,NULL,NULL,NULL,NULL,NULL,NULL),(20,2,20,1,'南海出版社',28.00,'0000-00-00',NULL,0,0,0,0,'',NULL,'','','','','','','',NULL,'FrULE2Jr1QnXc0hrX_zIvsCGPMZy','','',';','0','0','0',NULL,NULL,NULL,NULL,NULL,NULL,NULL,NULL,NULL),(21,0,21,1,'中信出版社',25.00,'0000-00-00',NULL,0,0,0,0,'',NULL,'','','','','','','',NULL,'Fn9VpjeIHwD1bjtlBNt2UtKco-4I','','',';','0','0','0',NULL,NULL,NULL,NULL,NULL,NULL,NULL,NULL,NULL),(22,2,22,1,'广东旅游',39.00,'0000-00-00',NULL,0,0,0,0,'',NULL,'','','','','','','',NULL,'FjyTBKhs-a_porDXXWCubw347riM','','',';','0','0','0',NULL,NULL,NULL,NULL,NULL,NULL,NULL,NULL,NULL),(23,2,23,1,'中国文史',26.50,'2005-01-01',NULL,0,0,0,0,'',NULL,'','','','','','','',NULL,'Fs_qvpMTiVujmZRgAOapwtjcnD4F','','',';','nullnullnull',NULL,NULL,NULL,NULL,NULL,NULL,NULL,NULL,NULL,NULL,NULL),(24,2,24,1,'广东旅游出版社',26.00,'2003-04-01',NULL,0,0,0,0,'',NULL,'','','','','','','',NULL,'Fm0GbObofCSO85a1N77ZrkMuhSOw','','',';','0','0','0',NULL,NULL,NULL,NULL,NULL,NULL,NULL,NULL,NULL),(25,2,25,1,'广东省旅游出版社',29.00,'2015-11-01',NULL,1,11,162,700000,'16开',NULL,'轻型纸','平装','简体中文','过好每一天','黄河，生于1982年7月\n建国前在香港参加中共领导的进步青年运动，加入新民主主义青年团\n','请选择','',NULL,'Fv5wmLJyvCCt7OP691V3lzPUb8ek','FvQ9avNlrUh8VoLwe81HIESeDuTG;lp-JlLsY-xCUXUSgXSqkORL1W1Aw','',';','0','0','0',NULL,NULL,NULL,NULL,NULL,NULL,NULL,NULL,NULL),(26,2,26,1,'上海人民出版社',29.00,'2006-05-01',NULL,0,0,0,0,'',NULL,'铜版纸','平装','简体中文','','','中国大陆','',NULL,'Fu1fOZo-77VJi5rbFfg1R8NknUu8','FhavQSeKyP4mMW3V5sZmgkmiHLSW','',';','0','0','0',NULL,NULL,NULL,NULL,NULL,NULL,NULL,NULL,NULL),(27,2,27,1,'广东旅游',39.00,'2007-09-01',NULL,0,0,0,0,'',NULL,'','','','','','','',NULL,'FljTQnHAWTshtsNs4T4lfFtyLhdw','','',';','0','0','0',NULL,NULL,NULL,NULL,NULL,NULL,NULL,NULL,NULL),(28,2,28,1,'广东旅游出版社',28.00,'2011-01-01',NULL,0,0,0,0,'',NULL,'','','','','','','',NULL,'FhNomPE3dWsYlJGwF-zzIicJ45Z7','Fhx3btj2ht-2GCoT_OiatqNQWGpo','',';','0','0','0',NULL,NULL,NULL,NULL,NULL,NULL,NULL,NULL,NULL),(29,2,29,1,'广东旅游出版社',28.00,'2011-01-01',NULL,0,0,0,0,'',NULL,'','','','','','','',NULL,'FhYqOQJlFnlexSkXS_mRvPeF42WS','','',';','0','0','0',NULL,NULL,NULL,NULL,NULL,NULL,NULL,NULL,NULL),(30,2,30,1,'社会科学文献出版社',298.00,'2016-03-01',NULL,0,0,0,0,'',NULL,'','','','','','','',NULL,'FvpPs5uKbPkZn5JcdnmR7ynpnHbw','','',';','北京市131中国北京市海淀区中关村南大街甲33号214室',NULL,NULL,NULL,NULL,NULL,NULL,NULL,NULL,NULL,NULL,NULL),(31,2,31,1,'知识产权出版社',60.00,'2016-01-01',NULL,0,0,0,0,'',NULL,'','','','','','','',NULL,'FmKHdVEwzRS9Skg6WQpaYy9UlgQP','Fp0hsUhMNwyM2CR72UuDQepChfc3','',';','nullnullnull',NULL,NULL,NULL,NULL,NULL,NULL,NULL,NULL,NULL,NULL,NULL),(32,2,32,1,'现代教育出版社',36.00,'2014-08-01',NULL,0,0,0,0,'',NULL,'','','','','','','',NULL,'FjlD6_A4ZeHv4IddZ6njtSQwdbrK','FtvAvANe8orDF9NDY2w1sAIqb1PD','',';','nullnullnull',NULL,NULL,NULL,NULL,NULL,NULL,NULL,NULL,NULL,NULL,NULL),(33,2,33,1,'民主与建设出版社',36.00,'2014-11-01',NULL,0,0,0,0,'',NULL,'','','','','','','',NULL,'FvlC81-V-fdj_Exa3ntKJSPgt6X5','','',';','nullnullnull',NULL,NULL,NULL,NULL,NULL,NULL,NULL,NULL,NULL,NULL,NULL),(34,2,34,1,'华南理工大学出版社',49.00,'2015-05-01',NULL,0,0,0,0,'',NULL,'','','','','','','',NULL,'FqP-0JyPqIiEbyxrWfn32De-Nrkq','','',';','nullnullnull',NULL,NULL,NULL,NULL,NULL,NULL,NULL,NULL,NULL,NULL,NULL),(35,2,35,1,'译林出版社',25.00,'2015-03-01',NULL,0,0,0,0,'',NULL,'','','','','','','',NULL,'FoEqxV6AzZKCDqrmZ2nkGqjMAClZ','Fks-X0zbf92rBHL0VVYc0IdP92xI','',';','nullnullnull',NULL,NULL,NULL,NULL,NULL,NULL,NULL,NULL,NULL,NULL,NULL),(36,2,36,1,'南京大学出版社',88.00,'2016-03-01',NULL,0,0,0,0,'',NULL,'','','','','','','',NULL,'FkDTuAsZdNNRPGGoU8XDgJhgIFYJ','','',';','nullnullnull',NULL,NULL,NULL,NULL,NULL,NULL,NULL,NULL,NULL,NULL,NULL),(37,2,37,1,'社会科学文献出版社',98.00,'2016-08-01',NULL,0,0,0,0,'',NULL,'','','','','','','',NULL,'FoF7nqS_ux3oNR4wI59dXf1qjBqJ','','',';','nullnullnull',NULL,NULL,NULL,NULL,NULL,NULL,NULL,NULL,NULL,NULL,NULL),(38,2,38,1,'安徽美术出版社',98.00,'2016-01-01',NULL,0,0,0,0,'',NULL,'','','','','','','',NULL,'Fru8T36Yq-mwT53z-ZGy8p_oKOxq','FrUxXLwQJw_4Na2afywxioCng9KR','',';','0','0','0',NULL,NULL,NULL,NULL,NULL,NULL,NULL,NULL,NULL),(39,2,39,1,'线装书局',55.00,'2016-07-01',NULL,0,0,0,0,'',NULL,'','','','','','','',NULL,'Fk4dZ1LavjzG5D8qP-6vc3ejZ2Z1','FpJkhVHj7vouiNpaQk826w5c-B52','',';','0','0','0',NULL,NULL,NULL,NULL,NULL,NULL,NULL,NULL,NULL),(40,2,40,1,'中国医药科技出版社',648.00,'2010-01-01',NULL,0,0,0,0,'',NULL,'','','','','','','',NULL,'FhL1KSMCb_vNYfIQ7O_rRSMXFUac','','',';','0','0','0',NULL,NULL,NULL,NULL,NULL,NULL,NULL,NULL,NULL),(41,2,41,1,'文化发展出版社',58.00,'2016-01-01',NULL,0,0,0,0,'',NULL,'','','','','','','',NULL,'FnE5vUjPfxb8P78WJZq1TDp1DuRt','','',';','0','0','0',NULL,NULL,NULL,NULL,NULL,NULL,NULL,NULL,NULL),(42,0,42,1,'北京十月文艺出版社',49.50,'2016-10-01',NULL,0,0,0,0,'',NULL,'','','','','','','',NULL,'FmGXcQpZzhNEEMgJJiGdt_jnYpYx','','',';','0','0','0',NULL,NULL,NULL,NULL,NULL,NULL,NULL,NULL,NULL),(43,2,43,1,'吉林出版集团有限责任公司',28.00,'1970-01-01',NULL,0,0,0,0,'',NULL,'','','','','','','',NULL,'FueirDIJqC-n4VZyemE0TV1oRRAJ','','',';','0','0','0',NULL,NULL,NULL,NULL,NULL,NULL,NULL,NULL,NULL),(44,2,44,1,'吉林出版集团有限责任公司',28.00,'1970-01-01',NULL,0,0,0,0,'',NULL,'','','','','','','',NULL,'FjReSbRlG8BLcP9tSs3bqxlUKn4F','','',';','0','0','0',NULL,NULL,NULL,NULL,NULL,NULL,NULL,NULL,NULL),(45,2,45,1,'浙江少年儿童出版社',18.00,'2009-10-01',NULL,0,0,0,0,'',NULL,'','','','','','','',NULL,'FhgywLMeqFP9rLaBO9eL6QEj_R5c','','',';','中国广东省广州市天河区汇景路','113.372873','23.156902',NULL,NULL,NULL,NULL,NULL,NULL,NULL,NULL,NULL),(46,2,46,1,'四川辞书出版社',29.80,'2013-01-01',NULL,0,0,0,0,'',NULL,'','','','','','','',NULL,'FsSHIklOETh3b3U8J3kKDqr2dqF1','','',';','中国广东省广州市天河区汇景路','113.372799','23.156814',NULL,NULL,NULL,NULL,NULL,NULL,NULL,NULL,NULL),(47,2,47,1,'黄山书社',12.00,'1970-01-01',NULL,0,0,0,0,'',NULL,'','','','','','','',NULL,'FkTCK4PmVSC7DZaLdni1dSCjzbaD','','',';','0','0','0',NULL,NULL,NULL,NULL,NULL,NULL,NULL,NULL,NULL),(48,2,48,1,'黄山书社',12.00,'1970-01-01',NULL,0,0,0,0,'',NULL,'','','','','','','',NULL,'FvQKjEHm6vFKMm_tVsGw0bYgM_DN','','',';','0','0','0',NULL,NULL,NULL,NULL,NULL,NULL,NULL,NULL,NULL),(49,2,49,1,'吉林出版集团有限责任公司',28.00,'1970-01-01',NULL,0,0,0,0,'',NULL,'','','','','','','',NULL,'Firvoyp0NHpiTJp92z5Vt32T1JxC','FhL23lzIETDRKwxnUUeJpi6fTpU-','',';','0','0','0',NULL,NULL,NULL,NULL,NULL,NULL,NULL,NULL,NULL),(50,2,50,1,'',0.00,'1970-01-01',NULL,0,0,0,0,'',NULL,'','','','','','','',NULL,'Fv29eINTBbwSJ2Cpqlprad1ftKko','','',';','中国广东省广州市越秀区青龙坊106号','113.29643','23.14037',NULL,NULL,NULL,NULL,NULL,NULL,NULL,NULL,NULL),(51,2,51,1,'遠流出版社',0.00,'1998-06-01',NULL,0,0,0,0,'',NULL,'','','','','','','',NULL,'Fnq5JT1ycdi9jCgMs2IkmPhyATRe','','',';','中国广东省广州市越秀区青龙坊94号','113.296416','23.140339',NULL,NULL,NULL,NULL,NULL,NULL,NULL,NULL,NULL),(52,2,52,1,'中华书局',38.00,'2014-06-01',NULL,0,0,0,0,'',NULL,'','','','','','','',NULL,'FsOZF14SfzvsxZ04phJrIBcDYxHt','','',';','中国广东省广州市越秀区青龙坊94号','113.296414','23.140346',NULL,NULL,NULL,NULL,NULL,NULL,NULL,NULL,NULL),(53,2,53,1,'南方日报出版社',28.00,'2014-09-01',NULL,0,0,0,0,'',NULL,'','','','','','','',NULL,'Fu3mEXMW-8XSYiAKJLot3rM0DX6V','','',';','中国广东省广州市越秀区青龙坊106号','113.296456','23.140366',NULL,NULL,NULL,NULL,NULL,NULL,NULL,NULL,NULL),(54,2,54,1,'上海译文出版社',26.00,'2014-08-01',NULL,0,0,0,0,'',NULL,'','','','','','','',NULL,'Fu-TDirYjjZUtUp9OOGV-1WUZ21u','','',';','0','0','0',NULL,NULL,NULL,NULL,NULL,NULL,NULL,NULL,NULL),(55,2,55,1,'中信出版社',25.00,'2010-06-01',NULL,0,0,0,0,'',NULL,'','','','','','','',NULL,'FgdUyREtSTTMyL8_8k7eE81PIalE','','',';','0','0','0',NULL,NULL,NULL,NULL,NULL,NULL,NULL,NULL,NULL),(56,2,56,1,'南海出版社',28.00,'2013-03-01',NULL,0,0,0,0,'',NULL,'','','','','','','',NULL,'FkoOzXvBv18ghrgnCqUxY7N5rsKQ','','',';','0','0','0',NULL,NULL,NULL,NULL,NULL,NULL,NULL,NULL,NULL),(57,2,57,1,'广东旅游出版社',28.00,'2008-02-01',NULL,0,0,0,0,'',NULL,'','','','','','','',NULL,'FvNKSiTdXTY1p4X24--4XIL9y_d2','','',';','广东省广州市天河区黄埔大道东598号','113.41019026094588','23.114680589578896','ws0ekxyubbz09966r0fmwd00',NULL,'生活->旅游&&4|230',NULL,NULL,NULL,NULL,NULL,NULL),(58,2,58,1,'机械工业出版社',35.00,'2013-12-01',NULL,0,0,0,0,'',NULL,'','','','','','','',NULL,'Fs4fZkpeC-Qt7JqrfT4-q3iAWrnM','','',';','江西省九江市浔阳区十里大道119号','115.987506','29.715617','wt63p3ed0b2z',NULL,'励志成功&&9',NULL,NULL,NULL,NULL,NULL,NULL),(59,2,59,1,'',16.00,'2013-02-01',NULL,0,0,0,0,'',NULL,'','','','','','','',NULL,'FgVXCq1feEbsii-RVODMX_eEAQZm','','',';','0','0','0',NULL,NULL,'少儿&&2',NULL,NULL,NULL,NULL,NULL,NULL),(60,2,60,1,'四川辞书出版社',29.80,'2013-01-01',NULL,0,0,0,0,'',NULL,'','','','','','','',NULL,'Fg8xzboAopjcaS_D-dWXCKQZUbSK','','',';','0','0','0',NULL,NULL,'教育->字典词典&&3|135',NULL,NULL,NULL,NULL,NULL,NULL),(61,2,61,1,'广东旅游出版社',0.00,'2008-01-01',NULL,0,0,0,0,'0',NULL,'0','0','0','0','0','1','0',NULL,'FinRKswG0fWdIoFbG9GvSCabt0uQ','Fhpx6FyS37YLqcHMaf7fQCQ4JRnF;FmspvfcLS-032e-s8EEBd7qliqeO',NULL,';','0','0','0',NULL,NULL,'文学->小说->侦探悬疑推理',NULL,NULL,NULL,NULL,NULL,NULL),(62,2,62,1,'广东旅游出版社',9.00,'2001-05-01',NULL,0,0,0,0,'',NULL,'','','','','','','',NULL,'FkwIjTns8TccPGr-q32NFLYVJ_Vx','Fqh7tuHmwGg2v7fFz47kT68SZhFm;FsveK9MWGLjegiSHFfaple_S342W','0','0','广东省广州市天河区黄埔大道东598号','113.41019026094588','23.114680589578896','ws0ekxyubbz09966r0fmwd00',NULL,'艺术&&5',NULL,NULL,NULL,NULL,NULL,NULL),(63,2,63,1,'广东旅游出版社',0.00,'1970-01-01',NULL,0,0,0,0,'',NULL,'','','','0','','','',NULL,'FibGPVtlYfoGp2xQLPDFfRTNFumG','Fh9fApMZZCRUVUU1Sq9__8XYaBoB',NULL,';','广东省广州市天河区黄埔大道东555号','113.40917517571994','23.115561396827783','ws0es8n1ckfnu8q7mne5e0rz',NULL,'生活->旅游&&4|230',NULL,NULL,NULL,NULL,NULL,NULL),(64,0,64,1,'广东旅游出版社',0.00,'1970-01-01',NULL,0,0,0,0,'0',NULL,'0','0','0','0','0','1','0',NULL,'FinRKswG0fWdIoFbG9GvSCabt0uQ','Fhpx6FyS37YLqcHMaf7fQCQ4JRnF;FmspvfcLS-032e-s8EEBd7qliqeO',';',';;;','0','0','0',NULL,NULL,'生活->旅游->国内游',NULL,NULL,NULL,NULL,NULL,NULL),(65,2,65,1,'',0.00,'1970-01-01',NULL,0,0,0,0,'',NULL,'','','','','','','',NULL,'FvuXw26Dy-upRRQ0np5nE7X5h9hw','','0','0','广东省广州市天河区黄埔大道东598号','113.410041','23.114047','ws0ekxy9j6xv',NULL,'文学->文学->随笔散文&&1|10|12',NULL,NULL,NULL,NULL,NULL,NULL),(66,2,66,1,'清华大学出版社',128.00,'2017-02-03',NULL,201511,23,353,21000,'170mm*240mm',NULL,'轻型纸','其他','简体中文','','','8','',NULL,'FkFIVR639mQymkUbEjlNadp6LE4z','','0','0','广东省广州市天河区黄埔大道东598号','113.410041','23.114047','ws0ekxy9j6xv',NULL,'人文社科->文化->传统文化&&8|443|464',NULL,NULL,NULL,NULL,NULL,NULL),(67,2,67,1,'中国友谊出版公司',0.00,'2015-10-01',NULL,0,0,0,0,'',NULL,'','','','','','','',NULL,'','','',';','广东省广州市天河区黄埔大道东598号','113.409829','23.114102','ws0ekxy92sct',NULL,'文学->动漫->校园&&1|68|79',NULL,NULL,NULL,NULL,NULL,NULL),(68,2,68,1,'广东旅游出版社',35.00,'1970-01-01',NULL,2,2,297,170,'32开','','轻型纸','简裝','简体中文','喜欢喜欢谢谢姐继续继续打击都觉得经常出现游戏更新厚度','0','8','18周岁以上',NULL,'1486624277888','FlAVfI3pRbS0e7K8-0-sZ5hqlxTV;Fn5UnUuK1MHpSpyqyp4Rh1HcdlxE;FkdUnP42P-ECqprBWLcaKJvoRd6i;FhNMMycKZy7m5LLpHd97_3naSJ83','0','1486624506021;1486624506009','广东省广州市天河区黄埔大道东598号','113.41019026094588','23.114680589578896','ws0ekxyubbz09966r0fmwd00','1.有好处v还管饭悲剧地方不卡\n2.也还行额方便你还担心不卡',NULL,'','深圳',' 乙酉    年   5  月 ','一帝一年','1486624506018;1486624506014','3FoqkgCVtU3M8ijFQZuiC0HT6pup4;Fi0iNgdXRc-dUHoUb3ZWFbp3gs6s;FsQDr07pjt-EZtdwWw7Cx_cIVFIE;FiRqbj_Cx2ZYJDdViRh6np3VeSRM'),(69,2,69,1,'广东旅游出版社',29.80,'1970-01-01','82149',1,1,162,70,'16开','11','轻型纸','平装','简体中文','黄河，生于1928年7月。建国前在香港参加中共领导的进步青年运动，加入新民主主义青年团。建国后在团华南工委，共青团广东省委，中共海南澄迈县委工作，参加领导班子。历任宣传部长后，调广东省财政厅。1990年12月在中国建设银行广东省分行离休，亨受副厅医疗待遇。平时在工作之余，常关注医疗健康。离休后，在省市等老干大学学习过多种医疗课程。“过好每一天”是一句很普通的话。寻求简单一点的东西，或许更容易做到，简单的一句话，就是过好每一天。关于老人生活的自我调节。87岁离退休老干部的长寿体会，离退休的日子过得有质量，有作为，作息，饮食，运动有规律。能吃，能跑，能睡，能写，游水，登山，骑车，买菜，煮饭，洗碗，搞卫生，修家具样样可行。','0','8','18周岁以上','87岁离退休老干部的长寿体会，离退休的日子过得有质量，有作为，作息，饮食，运动有规律。能吃，能跑，能睡，能写，游水，登山，骑车，买菜，煮饭，洗碗，搞卫生，修家具样样可行','1487122738317=gg','/data/data/com.shijiabao.quickbook/cache/cropped_1487123210857.jpg=gg;/data/data/com.shijiabao.quickbook/cache/cropped_1487123241124.jpg=gg;/data/data/com.shijiabao.quickbook/cache/cropped_1487123193022.jpg=gg;/data/data/com.shijiabao.quickbook/cache/cropped_1487123172450.jpg=gg','0',';','广东省广州市天河区黄埔大道东598号','113.409885','23.114206','ws0ekxyd1b73',NULL,'励志成功->励志与成功->心灵鸡汤','','广东广州','乙酉年05月','一帝一年',NULL,''),(70,0,73,1,'\n      广东旅游出版社',26.00,'1970-01-01','',2,1,488,305,'32开','12','轻型纸','简装','简体中文','没看过真没看过','0','8','18周岁以上','gg','1487140506586=没看过','/data/user/0/com.shijiabao.quickbook/cache/cropped_1487140546879.jpg=真没看过;/data/user/0/com.shijiabao.quickbook/cache/cropped_1487140592143.jpg=确实没看过','0',';','广东省广州市天河区黄埔大道东598号','113.41019026094588','23.114680589578896','ws0ekxyubbz09966r0fmwd00',NULL,'生活->孕产知识->孕期','','','乙酉年05月','','Fi965dIg49qjRebK25OxaD-MLaM4;FgCAGSrRmokja1X2dvc2iyXZVY5H','过/storage/emulated/0/epubtemp/0/OPS/images/thumb.png;/storage/emulated/0/epubtemp/0/OPS/images/cover.jpg'),(71,2,74,1,'广东旅游',35.00,'1970-01-01','0',0,0,0,0,'0','0','0','0','0','0','0','1','0','gg','book_copyright_20170216114812155IuEhWLu.jpg','book_others_20170216114812304tfE2Nrk.jpg;book_others_2017021611481277KQlFpbKp.jpg','0','0','0','0','0',NULL,NULL,NULL,'','',NULL,NULL,NULL,'0'),(72,2,75,1,'广州出版社',0.00,'1970-01-01','0',1,1,340,2100,'32开','0','轻型纸','平装','简体中文','0','0','8','0','哈哈哈哈哈哈哈',NULL,'','0',';','0','0','0',NULL,NULL,'生活->烹饪/美食','','',NULL,NULL,NULL,'0'),(73,2,76,1,'上海人民出版社',29.00,'1970-01-01','',1,98,362,226,'32开','11.75','轻型纸','平装','简体中文','nullnull','0','8','0','..........','1487417907804=可以上传吗？','','0',';','0','0','0',NULL,NULL,'文学->文学','李继宏','','丙戌5','',NULL,''),(74,2,77,1,'',0.00,'1970-01-01','',0,0,0,0,'开','','','','','nullnull','0','1','0','gg','1487418376240=gg','','0',';','0','0','0',NULL,NULL,'文学','','','','',NULL,''),(75,2,78,1,'',0.00,'1970-01-01','',0,0,0,0,'开','','','','','nullnull','0','1','0','gg','1487439896643=gg','','0',';','0','0','0',NULL,NULL,'文学->文学->古诗词','','','','',NULL,''),(76,2,79,1,'',0.00,'1970-01-01','0',0,0,0,0,'开','0','','','','0','0','1','0','。。。。',NULL,'','0',';','0','0','0',NULL,NULL,'少儿','','',NULL,NULL,NULL,'0'),(77,2,80,1,'',0.00,'1970-01-01','',0,0,0,0,'开','','','','','nullnull','0','1','0','gg','1487553292237=gg','','0',';','0','0','0',NULL,NULL,'文学->文学->古诗词','','','','',NULL,'');
/*!40000 ALTER TABLE `kts_book_attr` ENABLE KEYS */;
UNLOCK TABLES;

--
-- Table structure for table `kts_book_click`
--

DROP TABLE IF EXISTS `kts_book_click`;
/*!40101 SET @saved_cs_client     = @@character_set_client */;
/*!40101 SET character_set_client = utf8 */;
CREATE TABLE `kts_book_click` (
  `id` int(10) unsigned NOT NULL,
  `book_id` int(10) unsigned NOT NULL COMMENT '图书ID',
  `sum` int(10) unsigned NOT NULL COMMENT '点赞总数',
  `is_show` tinyint(1) NOT NULL DEFAULT '1' COMMENT '是否展示',
  PRIMARY KEY (`id`)
) ENGINE=InnoDB DEFAULT CHARSET=utf8mb4 COMMENT='图书点赞变';
/*!40101 SET character_set_client = @saved_cs_client */;

--
-- Dumping data for table `kts_book_click`
--

LOCK TABLES `kts_book_click` WRITE;
/*!40000 ALTER TABLE `kts_book_click` DISABLE KEYS */;
/*!40000 ALTER TABLE `kts_book_click` ENABLE KEYS */;
UNLOCK TABLES;

--
-- Table structure for table `kts_book_collect`
--

DROP TABLE IF EXISTS `kts_book_collect`;
/*!40101 SET @saved_cs_client     = @@character_set_client */;
/*!40101 SET character_set_client = utf8 */;
CREATE TABLE `kts_book_collect` (
  `collect_id` mediumint(8) unsigned NOT NULL AUTO_INCREMENT COMMENT '表id',
  `user_id` mediumint(8) unsigned NOT NULL DEFAULT '0' COMMENT '用户id',
  `book_id` mediumint(8) unsigned NOT NULL DEFAULT '0' COMMENT '商品id',
  `book_name` varchar(50) NOT NULL DEFAULT '0' COMMENT '书号',
  `is_collect` tinyint(1) NOT NULL DEFAULT '1' COMMENT '是否收藏 1是 0 否',
  `add_time` int(11) unsigned NOT NULL DEFAULT '0' COMMENT '添加时间',
  PRIMARY KEY (`collect_id`),
  KEY `user_id` (`user_id`) USING BTREE,
  KEY `book_id` (`book_id`) USING BTREE
) ENGINE=InnoDB DEFAULT CHARSET=utf8mb4;
/*!40101 SET character_set_client = @saved_cs_client */;

--
-- Dumping data for table `kts_book_collect`
--

LOCK TABLES `kts_book_collect` WRITE;
/*!40000 ALTER TABLE `kts_book_collect` DISABLE KEYS */;
/*!40000 ALTER TABLE `kts_book_collect` ENABLE KEYS */;
UNLOCK TABLES;

--
-- Table structure for table `kts_book_comment`
--

DROP TABLE IF EXISTS `kts_book_comment`;
/*!40101 SET @saved_cs_client     = @@character_set_client */;
/*!40101 SET character_set_client = utf8 */;
CREATE TABLE `kts_book_comment` (
  `comment_id` int(11) NOT NULL AUTO_INCREMENT,
  `type` tinyint(3) unsigned DEFAULT '1' COMMENT '书类型 1表示普通书，0表示二手书',
  `book_id` int(10) unsigned NOT NULL COMMENT '图书ID',
  `user_id` int(10) unsigned DEFAULT '0' COMMENT '用户ID',
  `username` varchar(64) NOT NULL COMMENT '用户名',
  `imageurl` varchar(50) NOT NULL DEFAULT '0' COMMENT '头像',
  `comment_time` int(10) unsigned DEFAULT NULL COMMENT '评论时间',
  `content` varchar(255) NOT NULL COMMENT '评论内容',
  `book_number` varchar(2555) DEFAULT NULL COMMENT '书号',
  `book_name` varchar(64) DEFAULT NULL COMMENT '书名',
  `author` varchar(64) DEFAULT '小凯' COMMENT '作者',
  `image` varchar(255) DEFAULT NULL COMMENT '图书图片',
  `is_show` int(10) unsigned NOT NULL DEFAULT '1' COMMENT '是否显示 0隐藏 1展示',
  `grade` int(10) unsigned NOT NULL DEFAULT '0' COMMENT '评分等级 默认为 0 差评',
  `fid` int(10) unsigned NOT NULL DEFAULT '0',
  `reply` varchar(64) DEFAULT NULL COMMENT '回复人',
  `sums` int(11) NOT NULL DEFAULT '0' COMMENT '该下级评论数',
  `likes` int(11) NOT NULL DEFAULT '0' COMMENT '点赞人数',
  `is_secret` tinyint(1) unsigned NOT NULL DEFAULT '1' COMMENT '是否匿名，0：匿名，1展示',
  `shop_id` int(10) unsigned NOT NULL DEFAULT '0' COMMENT '店铺ID',
  `order_id` int(10) unsigned NOT NULL DEFAULT '0' COMMENT '订单id',
  PRIMARY KEY (`comment_id`)
) ENGINE=InnoDB AUTO_INCREMENT=27 DEFAULT CHARSET=utf8mb4 COMMENT='图书评论表';
/*!40101 SET character_set_client = @saved_cs_client */;

--
-- Dumping data for table `kts_book_comment`
--

LOCK TABLES `kts_book_comment` WRITE;
/*!40000 ALTER TABLE `kts_book_comment` DISABLE KEYS */;
INSERT INTO `kts_book_comment` VALUES (1,2,1,3,'kts_01101904195320','0',1484070094,'喜欢旅游?','9787807661979','行走海南','陈莉','FlWBqtH6HSy8NDLy7ypNw8y5Mbyp',1,2,0,NULL,0,0,1,0,0),(2,2,1,6,'kts_0111693530814','0',1484071349,'好好玩','9787807661979','行走海南','陈莉','FlWBqtH6HSy8NDLy7ypNw8y5Mbyp',1,4,0,NULL,0,1,1,0,0),(3,2,3,6,'kts_0111693530814','0',1484103320,'仔仔细细','9787508620831','经济解释卷一： 科学说需求 （神州增订版）','张五常','FkJcKxspz_TFSixC-ZyHGP3PGZEb',1,4,0,NULL,1,1,1,0,0),(4,2,5,14,'萨瓦迪Krub ','0',1484271909,'这个好','9787119075341','绣像全本西游记','吴承恩','FtzNBeRow7HFqgqy83drVysnAGjd',1,5,0,NULL,0,0,1,0,0),(5,2,11,3,'kts_01101904195320','0',1484304219,'测试单元','9787508620831','经济解释卷一： 科学说需求 （神州增订版）','张五常','FkvDFXaUXm2eWMzCmrmJ5gTQgUq2',1,0,0,NULL,0,0,1,0,0),(6,2,11,3,'kts_01101904195320','0',1484304234,'test','9787508620831','经济解释卷一： 科学说需求 （神州增订版）','张五常','FkvDFXaUXm2eWMzCmrmJ5gTQgUq2',1,0,0,NULL,1,0,1,0,0),(7,2,3,3,'kts_01101904195320','0',1484304245,'回家姐姐','9787508620831','经济解释卷一： 科学说需求 （神州增订版）','张五常','FkJcKxspz_TFSixC-ZyHGP3PGZEb',1,0,3,NULL,0,0,1,0,0),(8,2,11,3,'kts_01101904195320','0',1484317644,'?','9787508620831','经济解释卷一： 科学说需求 （神州增订版）','张五常','FkvDFXaUXm2eWMzCmrmJ5gTQgUq2',1,0,6,NULL,1,0,1,0,0),(9,2,11,3,'kts_01101904195320','0',1484317673,'给vvhjjjj','9787508620831','经济解释卷一： 科学说需求 （神州增订版）','张五常','FkvDFXaUXm2eWMzCmrmJ5gTQgUq2',1,0,8,NULL,0,0,1,0,0),(10,2,17,6,'心所欲不逾矩','0',1484327319,'仍有文章可做。','9787100085007','发现之旅','托尼•赖斯','Fq4_MLO7OQ5DmmEAN8qQSbeMc0b-',1,2,0,NULL,0,0,1,0,0),(11,2,27,6,'心所欲不逾矩','0',1484392013,'好好好','9787806538791','大香格里拉-寻找消失的地平线','张广夏','Fs3d_3QYbWAZy3aI0WW7Iu0kGGhb',1,2,0,NULL,0,0,1,0,0),(12,2,28,9,'kts_01111817917440','0',1484393661,'哈哈哈哈','9787807661979','行走海南','陈莉','FoPXBqVZSyms32iHgsiank8XuvkK',1,4,0,NULL,0,0,1,0,0),(13,2,27,3,'kts_01101904195320','0',1484393687,'我有自知之明','9787806538791','大香格里拉-寻找消失的地平线','张广夏','Fs3d_3QYbWAZy3aI0WW7Iu0kGGhb',1,4,0,NULL,0,0,1,0,0),(14,2,27,3,'kts_01101904195320','0',1484393703,'估计回来了','9787806538791','大香格里拉-寻找消失的地平线','张广夏','Fs3d_3QYbWAZy3aI0WW7Iu0kGGhb',1,4,0,NULL,0,0,1,0,0),(15,2,28,9,'kts_01111817917440','0',1484393707,'哥古古怪怪哈哈哈哈呵呵哈哈哈','9787807661979','行走海南','陈莉','FoPXBqVZSyms32iHgsiank8XuvkK',1,2,0,NULL,0,0,1,0,0),(16,2,28,9,'kts_01111817917440','0',1484394219,'电饭锅古古怪怪','9787807661979','行走海南','陈莉','FoPXBqVZSyms32iHgsiank8XuvkK',1,4,0,NULL,2,0,1,0,0),(17,2,28,14,'萨瓦迪Krub ','0',1484536900,'这个好','9787807661979','行走海南','陈莉','FoPXBqVZSyms32iHgsiank8XuvkK',1,0,16,NULL,0,0,1,0,0),(18,2,25,14,'萨瓦迪Krub ','0',1484538951,'满分5星','9787557002145','过好每一天','黄河','FlDxf943VZF3cYJKoGX0BvHRq2Z9',1,5,0,NULL,0,0,1,0,0),(19,2,43,11,'士加堡','0',1484564357,'写写书评','9787546336244','不可能犯罪诊断书Ⅱ','爱德华·霍克','Fl6yBAJ4BSM7lOvAeGheG_iBsJO8',1,4,0,NULL,0,0,1,0,0),(20,2,37,6,'心所欲不逾矩','0',1484579303,'这本书很好看！','9787509794194','真实繁荣','潘向东','FgQpz5w3n_-KWn64dYqEUCDvxs5h',1,5,0,NULL,0,0,1,0,0),(21,2,48,6,'心所欲不逾矩','0',1484581622,'买了书后觉得很好看，因为真实掩盖了虚假!','9787546137797','苏轼','余志慧','FnVda1rnX4A_tPoE9Cm5oX9WxH8C',1,5,0,NULL,0,0,1,0,0),(22,2,47,11,'士加堡','0',1484581735,'好书，','9787546137735','哥伦布','邱芬','FtSJWm-0gjIWws8iOuBxDnf85JwD',1,5,0,NULL,1,0,1,0,0),(23,2,48,14,'萨瓦迪Krub ','0',1484625213,'好，很好','9787546137797','苏轼','余志慧','FnVda1rnX4A_tPoE9Cm5oX9WxH8C',1,4,0,NULL,0,0,1,0,0),(24,2,54,6,'心所欲不逾矩','0',1484741975,'一本好书。','9787532767373','夏洛的网','E·B·怀特','FjyRp2aSIxCT1QNQWMzclNN1fn33',1,2,0,NULL,0,0,1,0,0),(25,2,66,12,'kts_011113479587','0',1486107935,'好看！','9787302404330','山海经','孙见坤','Fh2jbHIZgL6jiRPx9FHFgWnmp2aL',1,5,0,NULL,1,0,1,0,0),(26,2,22,2,'我的肾','0',1486519745,'香格里拉，解读中','9787806538791','大香格里拉-寻找消失的地平线','张广夏','FrrY0NGZjtpbLaPZHKOZFcQahRI9',1,4,0,NULL,0,0,1,0,0);
/*!40000 ALTER TABLE `kts_book_comment` ENABLE KEYS */;
UNLOCK TABLES;

--
-- Table structure for table `kts_book_comment_click`
--

DROP TABLE IF EXISTS `kts_book_comment_click`;
/*!40101 SET @saved_cs_client     = @@character_set_client */;
/*!40101 SET character_set_client = utf8 */;
CREATE TABLE `kts_book_comment_click` (
  `id` int(10) unsigned NOT NULL AUTO_INCREMENT,
  `book_id` int(10) unsigned DEFAULT NULL COMMENT '图书ID',
  `type` int(10) unsigned DEFAULT '0' COMMENT '默认0二手书 1新书',
  `user_id` int(10) unsigned NOT NULL COMMENT '用户ID',
  `username` varchar(50) DEFAULT NULL COMMENT '用户名',
  `addtime` int(10) unsigned NOT NULL COMMENT '点赞时间',
  `book_number` varchar(255) DEFAULT NULL COMMENT '书号',
  `comment_id` int(10) unsigned NOT NULL DEFAULT '0' COMMENT '评论点赞',
  `is_click` tinyint(1) unsigned NOT NULL DEFAULT '1' COMMENT '是否点赞 0否 1是',
  PRIMARY KEY (`id`),
  KEY `book_id` (`book_id`) USING BTREE
) ENGINE=InnoDB AUTO_INCREMENT=3 DEFAULT CHARSET=utf8mb4 COMMENT='帖子点赞表';
/*!40101 SET character_set_client = @saved_cs_client */;

--
-- Dumping data for table `kts_book_comment_click`
--

LOCK TABLES `kts_book_comment_click` WRITE;
/*!40000 ALTER TABLE `kts_book_comment_click` DISABLE KEYS */;
INSERT INTO `kts_book_comment_click` VALUES (1,1,2,2,'我是',1484080434,'9787807661979',2,1),(2,3,2,14,'萨瓦迪Krub ',1484536351,'9787508620831',3,1);
/*!40000 ALTER TABLE `kts_book_comment_click` ENABLE KEYS */;
UNLOCK TABLES;

--
-- Table structure for table `kts_book_comment_reply`
--

DROP TABLE IF EXISTS `kts_book_comment_reply`;
/*!40101 SET @saved_cs_client     = @@character_set_client */;
/*!40101 SET character_set_client = utf8 */;
CREATE TABLE `kts_book_comment_reply` (
  `reply_id` int(11) NOT NULL AUTO_INCREMENT,
  `comment_id` int(10) unsigned DEFAULT '0' COMMENT '书评评论的id',
  `user_id` int(10) unsigned DEFAULT '0' COMMENT '用户ID',
  `comment_time` int(10) unsigned DEFAULT NULL COMMENT '评论时间',
  `content` varchar(255) NOT NULL COMMENT '评论内容',
  `is_show` int(10) unsigned NOT NULL DEFAULT '1' COMMENT '是否显示 0隐藏 1展示',
  `fid` int(10) unsigned NOT NULL DEFAULT '0',
  `sums` int(11) NOT NULL DEFAULT '0' COMMENT '该下级评论数',
  `likes` int(11) NOT NULL DEFAULT '0' COMMENT '点赞人数',
  PRIMARY KEY (`reply_id`),
  KEY `comment_id` (`comment_id`) USING BTREE,
  KEY `user_id` (`user_id`) USING BTREE
) ENGINE=InnoDB AUTO_INCREMENT=4 DEFAULT CHARSET=utf8mb4 COMMENT='图书评论回复表';
/*!40101 SET character_set_client = @saved_cs_client */;

--
-- Dumping data for table `kts_book_comment_reply`
--

LOCK TABLES `kts_book_comment_reply` WRITE;
/*!40000 ALTER TABLE `kts_book_comment_reply` DISABLE KEYS */;
INSERT INTO `kts_book_comment_reply` VALUES (1,22,2,1484736536,'找个时间我也看看',1,0,0,0),(2,16,2,1486544638,'什么？',1,0,0,0),(3,25,17,1487155732,'??',1,0,0,0);
/*!40000 ALTER TABLE `kts_book_comment_reply` ENABLE KEYS */;
UNLOCK TABLES;

--
-- Table structure for table `kts_book_ebook`
--

DROP TABLE IF EXISTS `kts_book_ebook`;
/*!40101 SET @saved_cs_client     = @@character_set_client */;
/*!40101 SET character_set_client = utf8 */;
CREATE TABLE `kts_book_ebook` (
  `id` int(10) unsigned NOT NULL AUTO_INCREMENT,
  `book_id` int(10) unsigned NOT NULL COMMENT '书id',
  `book_number` varchar(50) COLLATE utf8mb4_bin NOT NULL COMMENT '书号',
  `book_name` varchar(50) COLLATE utf8mb4_bin NOT NULL COMMENT '书名',
  `cover_img` varchar(100) COLLATE utf8mb4_bin DEFAULT NULL COMMENT '封面',
  `author` varchar(50) COLLATE utf8mb4_bin NOT NULL COMMENT '作者',
  `size` varchar(50) COLLATE utf8mb4_bin NOT NULL COMMENT '大小',
  `addtime` int(10) unsigned NOT NULL COMMENT '添加时间',
  `is_allow` tinyint(1) unsigned NOT NULL DEFAULT '1' COMMENT '是否可以试读 1是 0否',
  `is_show` tinyint(1) unsigned NOT NULL DEFAULT '1' COMMENT '是否显示 1是 0 否',
  PRIMARY KEY (`id`)
) ENGINE=InnoDB DEFAULT CHARSET=utf8mb4 COLLATE=utf8mb4_bin COMMENT='电子书表';
/*!40101 SET character_set_client = @saved_cs_client */;

--
-- Dumping data for table `kts_book_ebook`
--

LOCK TABLES `kts_book_ebook` WRITE;
/*!40000 ALTER TABLE `kts_book_ebook` DISABLE KEYS */;
/*!40000 ALTER TABLE `kts_book_ebook` ENABLE KEYS */;
UNLOCK TABLES;

--
-- Table structure for table `kts_book_follow`
--

DROP TABLE IF EXISTS `kts_book_follow`;
/*!40101 SET @saved_cs_client     = @@character_set_client */;
/*!40101 SET character_set_client = utf8 */;
CREATE TABLE `kts_book_follow` (
  `follow_id` int(10) unsigned NOT NULL AUTO_INCREMENT,
  `user_id` int(10) unsigned NOT NULL COMMENT '用户的id',
  `follow_user` int(10) unsigned NOT NULL COMMENT '关注发布图书热门的用户id',
  `addtime` int(10) unsigned NOT NULL COMMENT '关注时间',
  PRIMARY KEY (`follow_id`),
  KEY `follow_user` (`follow_user`,`user_id`) USING BTREE
) ENGINE=InnoDB DEFAULT CHARSET=utf8mb4 COMMENT='图书用户关注表';
/*!40101 SET character_set_client = @saved_cs_client */;

--
-- Dumping data for table `kts_book_follow`
--

LOCK TABLES `kts_book_follow` WRITE;
/*!40000 ALTER TABLE `kts_book_follow` DISABLE KEYS */;
/*!40000 ALTER TABLE `kts_book_follow` ENABLE KEYS */;
UNLOCK TABLES;

--
-- Table structure for table `kts_book_inventory`
--

DROP TABLE IF EXISTS `kts_book_inventory`;
/*!40101 SET @saved_cs_client     = @@character_set_client */;
/*!40101 SET character_set_client = utf8 */;
CREATE TABLE `kts_book_inventory` (
  `id` int(10) unsigned NOT NULL AUTO_INCREMENT,
  `book_id` int(10) unsigned NOT NULL,
  `inventory` int(11) unsigned NOT NULL DEFAULT '0' COMMENT '库存',
  PRIMARY KEY (`id`)
) ENGINE=InnoDB DEFAULT CHARSET=utf8mb4;
/*!40101 SET character_set_client = @saved_cs_client */;

--
-- Dumping data for table `kts_book_inventory`
--

LOCK TABLES `kts_book_inventory` WRITE;
/*!40000 ALTER TABLE `kts_book_inventory` DISABLE KEYS */;
/*!40000 ALTER TABLE `kts_book_inventory` ENABLE KEYS */;
UNLOCK TABLES;

--
-- Table structure for table `kts_book_language`
--

DROP TABLE IF EXISTS `kts_book_language`;
/*!40101 SET @saved_cs_client     = @@character_set_client */;
/*!40101 SET character_set_client = utf8 */;
CREATE TABLE `kts_book_language` (
  `book_language_id` tinyint(4) NOT NULL COMMENT '语言ID',
  `name` varchar(20) NOT NULL COMMENT '语种名',
  UNIQUE KEY `book_language_id` (`book_language_id`,`name`) USING BTREE
) ENGINE=InnoDB DEFAULT CHARSET=utf8mb4 COMMENT='语种表';
/*!40101 SET character_set_client = @saved_cs_client */;

--
-- Dumping data for table `kts_book_language`
--

LOCK TABLES `kts_book_language` WRITE;
/*!40000 ALTER TABLE `kts_book_language` DISABLE KEYS */;
/*!40000 ALTER TABLE `kts_book_language` ENABLE KEYS */;
UNLOCK TABLES;

--
-- Table structure for table `kts_book_likes`
--

DROP TABLE IF EXISTS `kts_book_likes`;
/*!40101 SET @saved_cs_client     = @@character_set_client */;
/*!40101 SET character_set_client = utf8 */;
CREATE TABLE `kts_book_likes` (
  `id` int(10) unsigned NOT NULL AUTO_INCREMENT,
  `book_id` int(10) unsigned NOT NULL COMMENT '图书id',
  `likes` int(10) unsigned NOT NULL DEFAULT '0' COMMENT '浏览次数',
  PRIMARY KEY (`id`)
) ENGINE=InnoDB AUTO_INCREMENT=76 DEFAULT CHARSET=utf8mb4 COMMENT='图书浏览统计表';
/*!40101 SET character_set_client = @saved_cs_client */;

--
-- Dumping data for table `kts_book_likes`
--

LOCK TABLES `kts_book_likes` WRITE;
/*!40000 ALTER TABLE `kts_book_likes` DISABLE KEYS */;
INSERT INTO `kts_book_likes` VALUES (1,1,94),(2,2,42),(3,3,64),(4,4,29),(5,5,21),(6,6,14),(7,9,9),(8,11,15),(9,10,9),(10,12,25),(11,13,3),(12,14,6),(13,15,16),(14,8,4),(15,7,18),(16,17,36),(17,18,33),(18,16,9),(19,19,32),(20,21,41),(21,20,8),(22,22,33),(23,23,7),(24,24,19),(25,25,58),(26,26,21),(27,27,41),(28,28,38),(29,29,9),(30,30,1),(31,34,2),(32,40,13),(33,41,15),(34,42,42),(35,39,5),(36,43,16),(37,44,10),(38,37,10),(39,46,4),(40,45,4),(41,48,27),(42,47,17),(43,49,9),(44,50,6),(45,51,7),(46,53,34),(47,52,14),(48,36,4),(49,54,24),(50,55,7),(51,56,8),(52,57,15),(53,58,9),(54,59,9),(55,60,21),(56,61,5),(57,62,15),(58,63,39),(59,64,50),(60,65,30),(61,66,40),(62,38,5),(63,67,65),(64,68,123),(65,0,63),(66,69,65),(67,73,24),(68,74,35),(69,71,1),(70,75,10),(71,76,6),(72,77,6),(73,78,6),(74,80,5),(75,79,3);
/*!40000 ALTER TABLE `kts_book_likes` ENABLE KEYS */;
UNLOCK TABLES;

--
-- Table structure for table `kts_book_number`
--

DROP TABLE IF EXISTS `kts_book_number`;
/*!40101 SET @saved_cs_client     = @@character_set_client */;
/*!40101 SET character_set_client = utf8 */;
CREATE TABLE `kts_book_number` (
  `book_number_id` tinyint(4) NOT NULL COMMENT '编号ID',
  `name` varchar(20) NOT NULL COMMENT '书号名',
  `book_id` int(10) unsigned NOT NULL DEFAULT '0' COMMENT '图书ID',
  UNIQUE KEY `book_number_id` (`book_number_id`,`name`) USING BTREE
) ENGINE=InnoDB DEFAULT CHARSET=utf8mb4 COMMENT='书号表';
/*!40101 SET character_set_client = @saved_cs_client */;

--
-- Dumping data for table `kts_book_number`
--

LOCK TABLES `kts_book_number` WRITE;
/*!40000 ALTER TABLE `kts_book_number` DISABLE KEYS */;
/*!40000 ALTER TABLE `kts_book_number` ENABLE KEYS */;
UNLOCK TABLES;

--
-- Table structure for table `kts_book_old`
--

DROP TABLE IF EXISTS `kts_book_old`;
/*!40101 SET @saved_cs_client     = @@character_set_client */;
/*!40101 SET character_set_client = utf8 */;
CREATE TABLE `kts_book_old` (
  `sell_id` int(10) unsigned NOT NULL AUTO_INCREMENT,
  `book_id` int(10) unsigned NOT NULL DEFAULT '0',
  `book_number` varchar(255) DEFAULT NULL COMMENT '书号',
  `book_name` varchar(50) NOT NULL COMMENT '书名',
  `author` varchar(20) NOT NULL COMMENT '作者',
  `cover_img` varchar(100) NOT NULL COMMENT '封面',
  `user_id` tinyint(3) unsigned DEFAULT NULL COMMENT '出售ID',
  `user_name` varchar(50) NOT NULL COMMENT '出售人昵称',
  `sell_time` int(10) unsigned DEFAULT NULL COMMENT '时间',
  `description` varchar(32) NOT NULL COMMENT '图书成色',
  `shipping_price` decimal(10,2) unsigned NOT NULL DEFAULT '0.00' COMMENT '邮费',
  `likes` int(10) unsigned NOT NULL DEFAULT '0' COMMENT '人气热爱度',
  PRIMARY KEY (`sell_id`),
  KEY `book_id` (`book_number`(191)) USING BTREE
) ENGINE=InnoDB AUTO_INCREMENT=12 DEFAULT CHARSET=utf8mb4 COMMENT='二手书表';
/*!40101 SET character_set_client = @saved_cs_client */;

--
-- Dumping data for table `kts_book_old`
--

LOCK TABLES `kts_book_old` WRITE;
/*!40000 ALTER TABLE `kts_book_old` DISABLE KEYS */;
INSERT INTO `kts_book_old` VALUES (1,2,'9787806536711','酒店顾客抱怨管理','彭建军','FvMPjx0BY8b4TWs6eG4qsv95g8od',4,'kts_01101164384151',1484070256,'六至八成新',0.00,0),(2,4,'9787508644042','经济解释卷四：制度的选择（神州增订版）','张五常','FqqZUtQ2gvNrbBkamUnWbhXEOLUS',6,'kts_0111693530814',1484071888,'六至八成新',0.00,0),(3,7,'9787806537053','浙江福建古村落自助游','徐清祥','Fvb8wApV0TPcNwRsNb54vxUAgRV6',1,'将计就妓',1484105940,'六至八成新',0.00,0),(4,19,'9787532767373','夏洛的网','E·B·怀特','FiqdqgJeIHav-DhoJijxGv7SLS_b',6,'心所欲不逾矩',1484326969,'九成新',0.00,0),(5,21,'9787508620831','经济解释卷一： 科学说需求 （神州增订版）','张五常','FlR56oTu5S4be_vIPtxQme08L5aQ',11,'士加堡主机',1484328302,'九成新',0.00,0),(6,42,'9787530216224','逃离','[加] 艾丽丝·门罗','Fur9N9fgSbp8DCaZ76b1jc6s943K',6,'心所欲不逾矩',1484498142,'九成新',0.00,0),(7,64,'9787806531094','浙江福建古村落自助游','徐清祥','FiLlITDXl3u0oKO8dIR9FbUAwzJp',7,'',1484904306,'九成新',10.00,0),(11,73,'9787806533925','十月怀胎医学手册','李晓琳,李达维,王毅','1487140453302',1,'将计就妓',1487142754,'九成新',0.00,0);
/*!40000 ALTER TABLE `kts_book_old` ENABLE KEYS */;
UNLOCK TABLES;

--
-- Table structure for table `kts_book_recommend`
--

DROP TABLE IF EXISTS `kts_book_recommend`;
/*!40101 SET @saved_cs_client     = @@character_set_client */;
/*!40101 SET character_set_client = utf8 */;
CREATE TABLE `kts_book_recommend` (
  `id` int(10) unsigned NOT NULL AUTO_INCREMENT,
  `book_id` int(10) unsigned NOT NULL,
  `status` int(1) unsigned NOT NULL DEFAULT '1' COMMENT '是否推荐 1为推荐 0否',
  `sort` int(11) unsigned NOT NULL DEFAULT '0' COMMENT '排序',
  PRIMARY KEY (`id`)
) ENGINE=InnoDB DEFAULT CHARSET=utf8mb4;
/*!40101 SET character_set_client = @saved_cs_client */;

--
-- Dumping data for table `kts_book_recommend`
--

LOCK TABLES `kts_book_recommend` WRITE;
/*!40000 ALTER TABLE `kts_book_recommend` DISABLE KEYS */;
/*!40000 ALTER TABLE `kts_book_recommend` ENABLE KEYS */;
UNLOCK TABLES;

--
-- Table structure for table `kts_book_reply_like`
--

DROP TABLE IF EXISTS `kts_book_reply_like`;
/*!40101 SET @saved_cs_client     = @@character_set_client */;
/*!40101 SET character_set_client = utf8 */;
CREATE TABLE `kts_book_reply_like` (
  `likes_id` int(10) unsigned NOT NULL AUTO_INCREMENT,
  `reply_id` int(10) unsigned NOT NULL DEFAULT '0' COMMENT '书评回复的id',
  `user_id` int(10) unsigned NOT NULL DEFAULT '0' COMMENT '点赞评论的用户ID',
  `addtime` int(10) unsigned NOT NULL COMMENT '点赞时间',
  PRIMARY KEY (`likes_id`),
  KEY `reply_id` (`reply_id`,`user_id`) USING BTREE
) ENGINE=InnoDB DEFAULT CHARSET=utf8mb4 COMMENT='图书评论回复点赞详情表';
/*!40101 SET character_set_client = @saved_cs_client */;

--
-- Dumping data for table `kts_book_reply_like`
--

LOCK TABLES `kts_book_reply_like` WRITE;
/*!40000 ALTER TABLE `kts_book_reply_like` DISABLE KEYS */;
/*!40000 ALTER TABLE `kts_book_reply_like` ENABLE KEYS */;
UNLOCK TABLES;

--
-- Table structure for table `kts_book_share`
--

DROP TABLE IF EXISTS `kts_book_share`;
/*!40101 SET @saved_cs_client     = @@character_set_client */;
/*!40101 SET character_set_client = utf8 */;
CREATE TABLE `kts_book_share` (
  `share_id` int(10) unsigned NOT NULL AUTO_INCREMENT,
  `user_id` int(10) unsigned DEFAULT NULL COMMENT '分享人ID',
  `user_name` varchar(100) DEFAULT NULL COMMENT '分享人昵称',
  `book_id` int(11) DEFAULT '0' COMMENT '图书ID',
  `book_number` varchar(255) DEFAULT NULL COMMENT '书号',
  `book_name` varchar(50) NOT NULL COMMENT '书名',
  `author` varchar(20) NOT NULL COMMENT '作者',
  `cover_img` varchar(100) NOT NULL COMMENT '封面',
  `share_desc` varchar(255) DEFAULT NULL COMMENT '分享寄语',
  `share_time` int(10) unsigned DEFAULT NULL COMMENT '分享时间',
  `is_show` tinyint(3) unsigned NOT NULL DEFAULT '1' COMMENT '是否显示 0隐藏 1展示',
  PRIMARY KEY (`share_id`)
) ENGINE=InnoDB AUTO_INCREMENT=70 DEFAULT CHARSET=utf8mb4 COMMENT='分享表';
/*!40101 SET character_set_client = @saved_cs_client */;

--
-- Dumping data for table `kts_book_share`
--

LOCK TABLES `kts_book_share` WRITE;
/*!40000 ALTER TABLE `kts_book_share` DISABLE KEYS */;
INSERT INTO `kts_book_share` VALUES (1,3,'kts_01101904195320',1,'9787807661979','行走海南','陈莉','FlWBqtH6HSy8NDLy7ypNw8y5Mbyp',NULL,1484069349,1),(2,6,'kts_0111693530814',3,'9787508620831','经济解释卷一： 科学说需求 （神州增订版）','张五常','FkJcKxspz_TFSixC-ZyHGP3PGZEb',NULL,1484070760,1),(3,6,'kts_0111693530814',5,'9787119075341','绣像全本西游记','吴承恩','FtzNBeRow7HFqgqy83drVysnAGjd',NULL,1484104163,1),(4,1,'将计就妓',6,'9787557000189','法国旅本：一本有趣有逼格的笔记本书','番外旅本编辑部','FuBeGRNBSrEs091GBSsND3qvhWN6',NULL,1484105553,1),(5,1,'将计就妓',8,'9787806538302','成都魅力指引','本社','Ft_uLykNhnjL7EOS2MRw_8S9_kQp',NULL,1484129318,1),(6,6,'心所欲不逾矩',9,'9787544264600','小豆豆丢失的记忆','黒柳彻子','FsDaKxj2MOqn9Fgix8AgAslZekDG',NULL,1484143871,1),(7,6,'心所欲不逾矩',10,'9787532767373','夏洛的网','E·B·怀特','Fj02lSIOS2a5tEes95k3yYyAfnGL',NULL,1484144146,1),(8,11,'士加堡主机',11,'9787508620831','经济解释卷一： 科学说需求 （神州增订版）','张五常','FkvDFXaUXm2eWMzCmrmJ5gTQgUq2',NULL,1484145346,1),(9,13,'kts_0112548954304',12,'780146284','三国演义','罗贯中','FluaN-SZd75alQFpJJwDnlzqMTXV',NULL,1484154018,1),(10,1,'将计就妓',13,'9787806538791','大香格里拉-寻找消失的地平线','张广夏','FgdkURaSKlqIRrP6Q1jAzWhExL66',NULL,1484210999,1),(11,1,'将计就妓',14,'9787807660934','职场柔道VS上司','朱复融','Fv0D83sUXytR5RvQCB-RdcF20Ydy',NULL,1484211735,1),(12,6,'心所欲不逾矩',15,'9787301171394','《圣经》文学阐释教程','刘意青','Fk-UwvMvS9wyHZJVU03nnwZaxeIe',NULL,1484217915,1),(13,11,'士加堡主机',16,'9787100085007','发现之旅','托尼•赖斯','FiwEe1_41RGf0EFceWxqrUEh7_YR',NULL,1484275435,1),(14,6,'心所欲不逾矩',17,'9787100085007','发现之旅','托尼•赖斯','Fq4_MLO7OQ5DmmEAN8qQSbeMc0b-',NULL,1484275658,1),(15,14,'萨瓦迪Krub ',18,'9787506087131','最好的方法给孩子','王芳','FvJDpEd5jTYNoaVH9bOq_ZBuUeNo',NULL,1484277113,1),(16,11,'士加堡主机',20,'9787544264600','小豆豆丢失的记忆','黒柳彻子','Fp9bd8KaiYysfY-WOxeWdbXnSh_S',NULL,1484328135,1),(17,2,'我的肾',22,'9787806538791','大香格里拉-寻找消失的地平线','张广夏','FrrY0NGZjtpbLaPZHKOZFcQahRI9',NULL,1484362415,1),(18,13,'kts_0112548954304',23,'9787503412219','孙子兵法智谋故事总集','王建民 编','FiG_UYv27IxntD188sUBJHJ4Osnw',NULL,1484373742,1),(19,2,'我的肾',24,'9787806533918','男女结婚医学手册','王毅,李晓琳,李达维','FqJ6KU9T2YSLBtycWj2gpMT2AM6s',NULL,1484375510,1),(20,9,'kts_01111817917440',25,'9787557002145','过好每一天','黄河','FlDxf943VZF3cYJKoGX0BvHRq2Z9',NULL,1484380770,1),(21,1,'将计就妓刚刚',26,'9787208061644','追风筝的人','[美] 卡勒德·胡赛尼','FkWjgRo-NlG70cVaDfkD02zDMv5B',NULL,1484384414,1),(22,9,'kts_01111817917440',27,'9787806538791','大香格里拉-寻找消失的地平线','张广夏','Fs3d_3QYbWAZy3aI0WW7Iu0kGGhb',NULL,1484389763,1),(23,6,'心所欲不逾矩',28,'9787807661979','行走海南','陈莉','FoPXBqVZSyms32iHgsiank8XuvkK',NULL,1484391921,1),(24,11,'士加堡主机',29,'9787807661979','行走海南','陈莉','Fr2vLnLhChFDSbVA7-symWAxPNvx',NULL,1484392855,1),(25,13,'kts_0112548954304',30,'9787509786802','版权法（全2册）','郑成思','FmMnt_P1-Ne1fIukIBuy9F9jnP9c',NULL,1484454861,1),(26,13,'kts_0112548954304',31,'9787513038485','知识产权法律概论','江苏省知识产权局','Fv3TLDRKFUXwfqlEZRrGmb0t7Uyz',NULL,1484455196,1),(27,13,'kts_0112548954304',32,'9787510624537','生命“阅读”越精彩','孙文燕','Fsvd6HRqVhUSV_aYhMX8MBySw8n5',NULL,1484455670,1),(28,13,'kts_0112548954304',33,'9787513904995','我曾走过','钱广书','FvmXAvopWbJikJkR59MfyowInG-2',NULL,1484455918,1),(29,13,'kts_0112548954304',34,'9787562346050','做最好的教育：小学、幼儿园教育研究与实践','曾用强','FnJIB4gu7Bg3uMZLWGP-vwkYJr5t',NULL,1484456136,1),(30,13,'kts_0112548954304',35,'9787544750448','全球经济史-牛津通识读本','[英]罗伯特·C.艾伦','FqQ-ZzH9Rt6WQnIA_ZRUOFHeEcqL',NULL,1484456618,1),(31,13,'kts_0112548954304',36,'9787305144318','中国经济发展：理论、实践、趋势','洪银兴、孙宁华','FlKaME4lTJnKSWLIFf1xAslnJ3Mf',NULL,1484456983,1),(32,13,'kts_0112548954304',37,'9787509794194','真实繁荣','潘向东','FgQpz5w3n_-KWn64dYqEUCDvxs5h',NULL,1484457150,1),(33,13,'kts_0112548954304',38,'9787539864150','西方风景画大师作品精选系列','武洪滨','FqnPx3GRSRaqwrg8Wr_ndXvNwQZx',NULL,1484460253,1),(34,13,'kts_0112548954304',39,'9787512022300','弘一法师手书金刚般若波罗蜜经','弘一法师','FtzeqsYF2wt6p9X0NgazLqf5JLit',NULL,1484460564,1),(35,6,'心所欲不逾矩',40,'9787506744393','中华人民共和国药典','国家药典委员会','FiH6Oo2M4bCcIfu9e8Bp2yIRsrDi',NULL,1484469434,1),(36,6,'心所欲不逾矩',41,'9787514212549','彼得兔全集(上)','比阿特丽克斯   .波特','FtuMXi0gMXLjOAQoRN1QIBbklb5D',NULL,1484497268,1),(37,6,'心所欲不逾',43,'9787546336244','不可能犯罪诊断书Ⅱ','爱德华·霍克','Fl6yBAJ4BSM7lOvAeGheG_iBsJO8',NULL,1484564142,1),(38,11,'士加堡子',44,'9787546336244','不可能犯罪诊断书Ⅱ','爱德华·霍克','Fo5-I2uNsG0zLP_JhdJ362pcuy60',NULL,1484564513,1),(39,6,'心所欲不逾',45,'9787534256301','狼王梦','沈石溪','Flo8DigI1d0kEecN_F1-yJxWW1dV',NULL,1484578346,1),(40,6,'心所欲不逾',46,'9787806825341','现代汉语词典','汉语大字典编纂处','FnDbmPNQqumUc9AOOBsA2YivvNDF',NULL,1484578799,1),(41,6,'心所欲不逾',47,'9787546137735','哥伦布','邱芬','FtSJWm-0gjIWws8iOuBxDnf85JwD',NULL,1484580969,1),(42,11,'士加堡子',48,'9787546137797','苏轼','余志慧','FnVda1rnX4A_tPoE9Cm5oX9WxH8C',NULL,1484581350,1),(43,14,'萨瓦迪Kurb',49,'9787546336244','不可能犯罪诊断书Ⅱ','爱德华·霍克','FulihIDszpeRh5kLkPC_cve2zCtt',NULL,1484625094,1),(44,6,'落叶飘',50,'0','正能量','0','Fg3IHZfMrSIN1rooSGljeo6a0liB',NULL,1484631789,1),(45,6,'落叶飘',51,'9789573235156','晚清七十年 【伍】','唐德剛','Fm9FpswAOvW2WuFipLpTlP-oFQW6',NULL,1484632113,1),(46,6,'落叶飘',52,'9787101100228','论语心读','柳恩铭','FlAgytnzq2Ny3Y8Rlhw9ADtvfWKq',NULL,1484632246,1),(47,6,'落叶飘',53,'9787549111848','中国红','杨洪编著','Fj9hEtvTVFJvIlMb2AkWfb36pjGe',NULL,1484632348,1),(48,11,'士加堡子',54,'9787532767373','夏洛的网','E·B·怀特','FjyRp2aSIxCT1QNQWMzclNN1fn33',NULL,1484741216,1),(49,6,'书王',55,'9787508620831','经济解释卷一： 科学说需求 （神州增订版）','张五常','FmMyu1khh8eTZi3MwWVAAjoOL5ST',NULL,1484741941,1),(50,6,'书王',56,'9787544264600','小豆豆丢失的记忆','黒柳彻子','FlSbSGG65rY-sJL4o7ck55xa1pAT',NULL,1484742726,1),(51,1,'将计就计',57,'9787806537053','浙江福建古村落自助游','徐清祥','Fp7ZB4AyYLi-VwbaURieg95qV1t_',NULL,1484825421,1),(52,13,'romu',58,'9787111444008','如何高效学习','[美]斯科特·扬','Fit-7Agd0H4gJmew58b6f4apBDFV',NULL,1484826288,1),(53,11,'雪里的飞燕',59,'9787534273131','淘气包马小跳系列','杨红樱','Fnft5hfgu0AohvIjFQd4Yd5sAelB',NULL,1484830048,1),(54,11,'大气球',60,'9787806825341','现代汉语词典','汉语大字典编纂处','FjrSx7ZrHEczVp7fH5zMCoANWppZ',NULL,1484830337,1),(55,7,'??',61,'9787806531094','浙江福建古村落自助游','徐清祥','FiLlITDXl3u0oKO8dIR9FbUAwzJp',NULL,1484880348,1),(56,1,'将计就妓',62,'9787805217802','幽默人生100','文龙','Fpb4f1a1cpxyBK-cGgyIgstszuAW',NULL,1484882153,1),(57,1,'将计就妓',63,'9787806531006','旅游心理学','吕勤','Fh53q8hIuwkza4plnjY11_GIY_4-',NULL,1484894231,1),(58,12,'kts_01131446213722',65,'0','过年回家','0','FgBSvBJbW4joLwPon0XbUb5se9Dn',NULL,1486106685,1),(59,12,'kts_01131446213722',66,'9787302404330','山海经','孙见坤','Fh2jbHIZgL6jiRPx9FHFgWnmp2aL',NULL,1486107879,1),(60,17,'敏',67,'9787505735859','关于我最喜欢的他','伟大的安妮','Fktk4SiCcrFmiGa0I30uZuYooigv',NULL,1486192611,1),(61,1,'将计就妓',68,'9787806535455','内蒙古行知书','曹凤英','1486624255385',NULL,1486624512,1),(62,17,'敏',69,'9787557002145','过好每一天','黄河','1487123062164',NULL,1487123314,1),(63,18,'kts_02072016279595',74,'9787806538302','成都魅力指引','本社','book_cover_20170216114812669uxPvGce.jpg',NULL,1487216905,1),(64,1,'将计就妓',75,'9787546202273','蔬果治百病','黄川','',NULL,1487411094,1),(65,1,'将计就妓',76,'97872080616445','追风筝的人','[美] 卡勒德·胡赛尼','1487417840713',NULL,1487418093,1),(66,17,'敏',77,'0','哈哈哈','0','1487418373274',NULL,1487418391,1),(67,6,'书王大哥',78,'9787101114638','诗经','0','1487439846893',NULL,1487439928,1),(68,1,'将计就妓',79,'0','地方方法','0','Flgfpvid1z80GSiDxOq5vQ-vGaS6',NULL,1487553100,1),(69,17,'敏',80,'0','巛','0','1487553298974',NULL,1487553325,1);
/*!40000 ALTER TABLE `kts_book_share` ENABLE KEYS */;
UNLOCK TABLES;

--
-- Table structure for table `kts_book_shipping`
--

DROP TABLE IF EXISTS `kts_book_shipping`;
/*!40101 SET @saved_cs_client     = @@character_set_client */;
/*!40101 SET character_set_client = utf8 */;
CREATE TABLE `kts_book_shipping` (
  `id` int(10) unsigned NOT NULL AUTO_INCREMENT,
  `book_id` int(10) unsigned NOT NULL DEFAULT '0',
  `price` decimal(10,2) unsigned NOT NULL DEFAULT '8.00' COMMENT '价格',
  `shipping_desc` varchar(100) DEFAULT '不包邮' COMMENT '描述',
  PRIMARY KEY (`id`)
) ENGINE=InnoDB DEFAULT CHARSET=utf8mb4;
/*!40101 SET character_set_client = @saved_cs_client */;

--
-- Dumping data for table `kts_book_shipping`
--

LOCK TABLES `kts_book_shipping` WRITE;
/*!40000 ALTER TABLE `kts_book_shipping` DISABLE KEYS */;
/*!40000 ALTER TABLE `kts_book_shipping` ENABLE KEYS */;
UNLOCK TABLES;

--
-- Table structure for table `kts_book_tag`
--

DROP TABLE IF EXISTS `kts_book_tag`;
/*!40101 SET @saved_cs_client     = @@character_set_client */;
/*!40101 SET character_set_client = utf8 */;
CREATE TABLE `kts_book_tag` (
  `id` int(10) unsigned NOT NULL,
  `book_id` int(11) NOT NULL COMMENT '图书id',
  `one` varchar(10) NOT NULL COMMENT '第一个标签',
  `two` varchar(10) DEFAULT NULL COMMENT '第二个标签',
  `three` varchar(11) DEFAULT NULL COMMENT '第二个标签',
  `is_show` int(10) unsigned NOT NULL DEFAULT '1'
) ENGINE=InnoDB DEFAULT CHARSET=utf8mb4 COMMENT='图书标签表';
/*!40101 SET character_set_client = @saved_cs_client */;

--
-- Dumping data for table `kts_book_tag`
--

LOCK TABLES `kts_book_tag` WRITE;
/*!40000 ALTER TABLE `kts_book_tag` DISABLE KEYS */;
INSERT INTO `kts_book_tag` VALUES (0,69,'人生哲学','','',1),(0,75,'恐怖惊悚','','',1);
/*!40000 ALTER TABLE `kts_book_tag` ENABLE KEYS */;
UNLOCK TABLES;

--
-- Table structure for table `kts_book_view`
--

DROP TABLE IF EXISTS `kts_book_view`;
/*!40101 SET @saved_cs_client     = @@character_set_client */;
/*!40101 SET character_set_client = utf8 */;
CREATE TABLE `kts_book_view` (
  `view_id` mediumint(8) unsigned NOT NULL AUTO_INCREMENT COMMENT '浏览的id',
  `book_id` int(10) unsigned NOT NULL COMMENT '图书id',
  `user_id` int(10) unsigned NOT NULL COMMENT '用户的id',
  `likes` int(10) unsigned NOT NULL DEFAULT '0' COMMENT '浏览次数',
  `read_time` int(10) unsigned NOT NULL DEFAULT '0' COMMENT '最后一次读取时间',
  PRIMARY KEY (`view_id`),
  UNIQUE KEY `book_id` (`book_id`,`user_id`) USING BTREE
) ENGINE=InnoDB AUTO_INCREMENT=389 DEFAULT CHARSET=utf8mb4 COMMENT='用户浏览图书表';
/*!40101 SET character_set_client = @saved_cs_client */;

--
-- Dumping data for table `kts_book_view`
--

LOCK TABLES `kts_book_view` WRITE;
/*!40000 ALTER TABLE `kts_book_view` DISABLE KEYS */;
INSERT INTO `kts_book_view` VALUES (1,1,3,19,1484651492),(2,1,4,5,1487322155),(3,2,4,10,1486969541),(4,3,6,11,1484327394),(5,1,6,8,1484277431),(6,3,3,8,1484316641),(7,2,6,4,1484103759),(8,4,6,6,1484709631),(9,3,2,6,1484216687),(10,1,2,11,1484204615),(11,2,2,3,1484181745),(12,4,3,7,1484104217),(13,1,1,12,1486373954),(14,4,7,3,1487123023),(15,1,7,4,1484357629),(16,5,6,4,1484496920),(17,2,3,3,1484306842),(18,3,8,8,1484546499),(19,5,1,3,1487052090),(20,2,1,6,1484287196),(21,6,1,7,1487408415),(22,1,8,11,1484892806),(23,4,8,2,1484184490),(24,2,8,7,1484279195),(25,6,2,2,1484216632),(26,6,8,2,1484199625),(27,3,1,7,1487150097),(28,9,6,1,1484144197),(29,3,11,5,1484145873),(30,4,11,1,1484145394),(31,11,11,5,1484276170),(32,9,3,2,1484317955),(33,10,3,3,1484317944),(34,11,3,6,1484318001),(35,1,12,1,1484147995),(36,5,12,1,1484148043),(37,3,13,1,1484153597),(38,1,13,1,1484153601),(39,12,13,4,1484454881),(40,12,14,4,1484155948),(41,5,14,2,1484271892),(42,3,7,1,1484184231),(43,12,7,1,1484189161),(44,9,7,2,1484200505),(45,9,8,2,1484192898),(46,12,8,4,1484278854),(47,12,2,1,1484202278),(48,5,2,2,1484204619),(49,5,8,1,1484209142),(50,13,1,1,1484211021),(51,14,1,3,1487382944),(52,14,2,1,1484216666),(53,4,2,3,1486713507),(54,10,6,1,1484217793),(55,15,6,7,1484496542),(56,12,6,1,1484239840),(57,10,1,1,1484269056),(58,4,1,3,1484287200),(59,7,1,6,1487341969),(60,15,14,1,1484271861),(61,17,6,6,1484577282),(62,8,6,2,1484327641),(63,11,6,1,1484276091),(64,15,11,1,1484276166),(65,2,11,1,1484276668),(66,18,14,6,1484404781),(67,7,8,1,1484278493),(68,16,1,3,1484287111),(69,17,1,3,1484287142),(70,15,1,2,1484287104),(71,18,1,3,1487052102),(72,18,2,3,1484360642),(73,17,2,5,1484362511),(74,8,1,1,1484295634),(75,1,14,2,1484404921),(76,17,3,6,1484317878),(77,18,3,8,1484353553),(78,18,6,1,1484316399),(79,16,6,1,1484316417),(80,15,3,2,1484317845),(81,12,3,1,1484316663),(82,7,6,2,1484327629),(83,16,3,1,1484317842),(84,14,3,1,1484317919),(85,19,6,6,1486646681),(86,13,6,1,1484327635),(87,21,11,3,1484328391),(88,17,11,2,1484328599),(89,20,11,1,1484328492),(90,20,3,1,1484353253),(91,19,3,4,1484566186),(92,17,7,1,1484357619),(93,20,2,1,1484360982),(94,18,4,3,1484361935),(95,17,4,1,1484361852),(96,22,2,7,1486894151),(97,22,1,2,1487155183),(98,21,1,4,1487341981),(99,18,13,4,1484373857),(100,7,14,2,1484404885),(101,23,13,1,1484373760),(102,24,2,3,1486519643),(103,23,3,1,1484375580),(104,24,3,2,1484388863),(105,24,1,3,1484384444),(106,25,9,33,1484393983),(107,23,2,1,1484381180),(108,7,2,2,1486519559),(109,23,9,2,1484387517),(110,26,1,5,1487418261),(111,25,1,3,1487052087),(112,19,1,1,1484384449),(113,24,9,4,1484388778),(114,21,9,8,1484535098),(115,26,9,8,1484391975),(116,22,9,1,1484387519),(117,17,9,4,1484393326),(118,19,9,3,1484535102),(119,27,9,27,1484394167),(120,20,9,1,1484390866),(121,28,6,6,1484536843),(122,28,3,4,1484667222),(123,27,6,3,1484392632),(124,28,11,3,1484392480),(125,21,3,2,1484392588),(126,26,11,1,1484392474),(127,7,9,2,1484393667),(128,27,3,4,1484651955),(129,29,11,1,1484392864),(130,29,6,1,1484393080),(131,1,9,2,1484394092),(132,29,9,2,1484393634),(133,28,9,6,1484545118),(134,29,14,1,1484404760),(135,25,14,3,1484538930),(136,26,13,1,1484454299),(137,30,13,1,1484454867),(138,34,13,1,1484456142),(139,21,13,1,1484456187),(140,19,13,1,1484456192),(141,40,6,2,1487391153),(142,41,6,4,1484563812),(143,42,6,4,1484578536),(144,41,1,1,1484528547),(145,40,9,3,1484544665),(146,42,9,2,1484535092),(147,5,9,2,1484532889),(148,41,9,2,1484535032),(149,21,7,4,1486963744),(150,42,7,4,1487312173),(151,39,9,1,1484535051),(152,40,3,2,1484539779),(153,40,14,2,1484539841),(154,42,3,3,1484569523),(155,41,14,3,1484539851),(156,3,14,1,1484536344),(157,40,7,2,1484537350),(158,41,7,2,1484537360),(159,39,7,1,1484537423),(160,24,14,1,1484537856),(161,39,14,2,1484545350),(162,17,8,2,1484551166),(163,25,8,2,1484546579),(164,28,8,2,1484892801),(165,43,6,4,1484577291),(166,41,3,1,1484564171),(167,43,11,1,1484564325),(168,44,11,1,1484564521),(169,44,6,3,1484565852),(170,44,14,1,1484565295),(171,34,3,1,1484566022),(172,25,3,2,1484666960),(173,44,3,1,1484569301),(174,37,6,6,1487041414),(175,46,6,3,1484620488),(176,45,6,3,1484674065),(177,48,6,4,1484620453),(178,47,11,3,1484581812),(179,47,6,2,1484711163),(180,48,11,2,1487100963),(181,21,14,1,1484624910),(182,49,14,4,1487039360),(183,48,14,1,1484625197),(184,50,6,1,1484631796),(185,50,3,2,1484651179),(186,53,3,3,1484711234),(187,51,3,1,1484651942),(188,52,3,2,1484735891),(189,36,3,2,1484667210),(190,48,3,1,1484666861),(191,47,3,2,1484666944),(192,43,3,1,1484666950),(193,36,1,1,1484667155),(194,44,1,1,1484667166),(195,21,6,4,1484710973),(196,53,6,22,1487391131),(197,52,6,6,1487391195),(198,51,6,3,1484711390),(199,53,11,1,1484740692),(200,54,11,5,1487100913),(201,54,6,4,1487039688),(202,55,6,3,1484742071),(203,56,6,4,1487153257),(204,56,2,1,1484825378),(205,54,2,6,1487135535),(206,57,1,8,1487481022),(207,57,13,4,1487039694),(208,52,13,2,1487035429),(209,54,13,2,1487041877),(210,56,13,2,1487035419),(211,58,11,2,1484829928),(212,59,11,2,1484830174),(213,19,11,1,1484830919),(214,60,6,2,1484831522),(215,59,3,1,1484846627),(216,59,1,1,1484874611),(217,61,1,4,1486109199),(218,62,1,9,1487481018),(219,60,1,2,1487341961),(220,29,8,1,1484892796),(221,19,7,2,1484900532),(222,63,1,8,1487321635),(223,63,2,4,1486521355),(224,62,2,2,1486713679),(225,60,7,2,1484904529),(226,52,12,1,1484901078),(227,42,12,2,1486291947),(228,19,12,1,1484901350),(229,48,8,1,1484902247),(230,28,2,6,1486713529),(231,64,6,5,1487391020),(232,63,3,2,1485502297),(233,54,3,1,1484963006),(234,64,12,3,1487041835),(235,47,2,2,1486713541),(236,48,2,2,1486520037),(237,43,2,4,1486713669),(238,64,4,5,1487320800),(239,63,4,15,1487321493),(240,49,1,2,1487052106),(241,48,1,7,1487121039),(242,37,1,1,1486103107),(243,63,8,1,1486106657),(244,62,8,1,1486106668),(245,65,12,2,1486291929),(246,64,8,3,1487146518),(247,66,12,5,1486108097),(248,65,8,1,1486108295),(249,66,8,2,1487065451),(250,42,13,4,1487040238),(251,66,6,2,1486118960),(252,64,13,5,1486114930),(253,66,13,3,1487039545),(254,29,13,2,1486114893),(255,63,13,1,1486115713),(256,65,13,1,1486115766),(257,38,13,2,1486116632),(258,62,13,1,1486116626),(259,16,13,1,1486116687),(260,65,1,8,1487341943),(261,67,17,13,1487040837),(262,66,17,8,1487040978),(263,65,17,3,1486380612),(264,64,17,2,1487035400),(265,67,1,11,1487481050),(266,21,12,1,1486291939),(267,56,1,1,1486373219),(268,4,17,1,1486379859),(269,67,2,5,1486545072),(270,66,2,5,1486894131),(271,47,1,1,1486433594),(272,67,18,3,1486543473),(273,66,18,1,1486447000),(274,42,18,1,1486450159),(275,64,18,2,1486544193),(276,65,7,1,1486451473),(277,64,1,4,1487341933),(278,67,6,4,1487039257),(279,21,17,1,1486468533),(280,2,17,1,1486468569),(281,42,17,2,1487035512),(282,19,17,1,1486468602),(283,64,2,10,1486947958),(284,42,2,3,1486540956),(285,26,2,1,1486521364),(286,65,2,2,1486544299),(287,25,2,1,1486536090),(288,66,7,3,1487150549),(289,64,7,6,1487310166),(290,68,1,25,1487481029),(291,68,7,29,1487143868),(292,42,1,2,1487040372),(293,68,6,15,1487391174),(294,66,1,1,1486696311),(295,68,2,5,1487034990),(296,67,7,15,1487124200),(297,57,2,1,1486894181),(298,22,6,6,1487155192),(299,68,18,2,1487138945),(300,68,13,3,1487041549),(301,67,13,1,1487035410),(302,68,17,2,1487039865),(303,65,6,2,1487035623),(304,54,17,1,1487035569),(305,59,6,2,1487391078),(306,58,6,1,1487035667),(307,67,14,1,1487035722),(308,48,17,1,1487035771),(309,68,14,2,1487039055),(310,25,17,2,1487416021),(311,65,14,1,1487035969),(312,47,17,2,1487039803),(313,43,17,2,1487419831),(314,60,14,1,1487036513),(315,42,14,1,1487039083),(316,37,17,2,1487039840),(317,50,1,1,1487039489),(318,12,1,1,1487039516),(319,25,6,1,1487039545),(320,63,14,2,1487042445),(321,28,17,2,1487040319),(322,53,13,1,1487040287),(323,22,14,1,1487040445),(324,68,12,4,1487558026),(325,66,3,3,1487041609),(326,67,3,2,1487041614),(327,22,13,11,1487041987),(328,22,12,1,1487041888),(329,51,14,1,1487042898),(330,53,14,1,1487043143),(331,68,11,1,1487047961),(332,0,18,1,1487062998),(333,69,17,4,1487155573),(334,69,1,25,1487481053),(335,21,8,2,1487126472),(336,69,7,11,1487302138),(337,64,11,1,1487128897),(338,68,4,5,1487322049),(339,67,4,5,1487320101),(340,42,4,5,1487321923),(341,68,8,1,1487146533),(342,73,8,3,1487146644),(343,73,7,1,1487146903),(344,69,6,12,1487415472),(345,69,13,1,1487153419),(346,73,6,3,1487415434),(347,25,20,1,1487155155),(348,69,20,1,1487155183),(349,58,20,1,1487155203),(350,37,20,1,1487155211),(351,73,13,1,1487155231),(352,55,1,2,1487341975),(353,73,17,1,1487155809),(354,74,7,4,1487302215),(355,73,18,1,1487227951),(356,1,18,1,1487293778),(357,74,1,8,1487421001),(358,74,4,13,1487322044),(359,69,4,6,1487322046),(360,73,4,3,1487321787),(361,48,4,2,1487321930),(362,3,4,1,1487320231),(363,71,4,1,1487321576),(364,25,4,3,1487322527),(365,28,4,5,1487322520),(366,66,4,1,1487322533),(367,73,1,7,1487433768),(368,74,6,3,1487415399),(369,36,6,1,1487391157),(370,54,1,4,1487481194),(371,75,1,3,1487420998),(372,75,6,4,1487415392),(373,75,17,1,1487415977),(374,76,1,5,1487433758),(375,40,1,1,1487418243),(376,77,6,3,1487418532),(377,77,17,1,1487418647),(378,77,1,1,1487433694),(379,78,6,2,1487473253),(380,78,1,3,1487481151),(381,73,12,1,1487511766),(382,78,17,1,1487553358),(383,80,8,1,1487554975),(384,80,12,1,1487557325),(385,74,12,1,1487557883),(386,79,8,2,1487559014),(387,80,6,2,1487559623),(388,79,6,1,1487559628);
/*!40000 ALTER TABLE `kts_book_view` ENABLE KEYS */;
UNLOCK TABLES;

--
-- Table structure for table `kts_booklist`
--

DROP TABLE IF EXISTS `kts_booklist`;
/*!40101 SET @saved_cs_client     = @@character_set_client */;
/*!40101 SET character_set_client = utf8 */;
CREATE TABLE `kts_booklist` (
  `id` int(10) unsigned NOT NULL AUTO_INCREMENT COMMENT '书单id',
  `user_id` int(10) unsigned NOT NULL COMMENT '用户id',
  `cover` varchar(255) DEFAULT NULL COMMENT '书单封面',
  `name` varchar(255) NOT NULL COMMENT '书单名称',
  `introduct` varchar(255) DEFAULT NULL COMMENT '书单描述',
  `books_num` int(11) DEFAULT '0' COMMENT '图书数目',
  `collect_num` int(11) DEFAULT '0' COMMENT '收藏数目',
  `discuss_num` int(11) DEFAULT '0' COMMENT '评论数目',
  `share_num` int(11) DEFAULT '0' COMMENT '分享数目',
  `addtime` datetime NOT NULL COMMENT '添加时间',
  `is_show` tinyint(1) NOT NULL DEFAULT '1' COMMENT '是否显示 1是 0否 默认1',
  PRIMARY KEY (`id`),
  KEY `user_id` (`user_id`) USING BTREE
) ENGINE=InnoDB AUTO_INCREMENT=5 DEFAULT CHARSET=utf8mb4 COMMENT='书单表';
/*!40101 SET character_set_client = @saved_cs_client */;

--
-- Dumping data for table `kts_booklist`
--

LOCK TABLES `kts_booklist` WRITE;
/*!40000 ALTER TABLE `kts_booklist` DISABLE KEYS */;
INSERT INTO `kts_booklist` VALUES (1,1,'FlfJdV5y2yYGcr238fHSFXNraPsa','还有谁','',77,0,0,0,'2017-02-17 15:05:01',1),(2,1,'FlfJdV5y2yYGcr238fHSFXNraPsa','还有谁','并不是胡说八道军训基地就打豪大大',16,0,0,0,'2017-02-17 15:05:02',1),(3,1,'FjfyNEo8bnmASUQSdCOaPHdKCZs9','书单','',11,0,0,0,'2017-02-19 13:16:41',1),(4,18,'AddBookListAd8IreHa.jpg','ffhh','Hhjjjj',0,0,0,0,'2017-02-20 09:57:10',1);
/*!40000 ALTER TABLE `kts_booklist` ENABLE KEYS */;
UNLOCK TABLES;

--
-- Table structure for table `kts_booklist_book`
--

DROP TABLE IF EXISTS `kts_booklist_book`;
/*!40101 SET @saved_cs_client     = @@character_set_client */;
/*!40101 SET character_set_client = utf8 */;
CREATE TABLE `kts_booklist_book` (
  `id` int(10) unsigned NOT NULL AUTO_INCREMENT COMMENT '书单中的图书表id',
  `booklist_id` int(10) unsigned NOT NULL COMMENT '书单id',
  `book_id` int(10) unsigned NOT NULL COMMENT '图书id',
  `book_cover` varchar(255) NOT NULL COMMENT '图书封面',
  `book_name` varchar(255) NOT NULL COMMENT '图书名称',
  `book_author` varchar(255) DEFAULT NULL COMMENT '图书作者',
  `book_price` decimal(10,2) DEFAULT '0.00' COMMENT '图书定价',
  `book_press` varchar(255) DEFAULT NULL COMMENT '图书出版社',
  `user_id` int(10) unsigned NOT NULL COMMENT '用户id',
  `addtime` int(11) NOT NULL COMMENT '添加时间',
  PRIMARY KEY (`id`),
  KEY `book_id` (`book_id`) USING BTREE,
  KEY `booklist_id` (`booklist_id`) USING BTREE
) ENGINE=InnoDB AUTO_INCREMENT=115 DEFAULT CHARSET=utf8mb4 COMMENT='书单中的图书表';
/*!40101 SET character_set_client = @saved_cs_client */;

--
-- Dumping data for table `kts_booklist_book`
--

LOCK TABLES `kts_booklist_book` WRITE;
/*!40000 ALTER TABLE `kts_booklist_book` DISABLE KEYS */;
INSERT INTO `kts_booklist_book` VALUES (26,2,6,'FuBeGRNBSrEs091GBSsND3qvhWN6','法国旅本：一本有趣有逼格的笔记本书','番外旅本编辑部',148.00,'广东旅游出版社',1,1487481319),(27,2,8,'Ft_uLykNhnjL7EOS2MRw_8S9_kQp','成都魅力指引','本社',35.00,'广东旅游',1,1487481319),(28,2,13,'FgdkURaSKlqIRrP6Q1jAzWhExL66','大香格里拉-寻找消失的地平线','张广夏',39.00,'广东旅游',1,1487481319),(29,2,14,'Fv0D83sUXytR5RvQCB-RdcF20Ydy','职场柔道VS上司','朱复融',25.00,'广东出版社',1,1487481319),(30,2,26,'FkWjgRo-NlG70cVaDfkD02zDMv5B','追风筝的人','[美] 卡勒德·胡赛尼',29.00,'上海人民出版社',1,1487481319),(31,2,57,'Fp7ZB4AyYLi-VwbaURieg95qV1t_','浙江福建古村落自助游','徐清祥',28.00,'广东旅游出版社',1,1487481319),(32,2,62,'Fpb4f1a1cpxyBK-cGgyIgstszuAW','幽默人生100','文龙',9.00,'广东旅游出版社',1,1487481319),(33,2,63,'Fh53q8hIuwkza4plnjY11_GIY_4-','旅游心理学','吕勤',0.00,'广东旅游出版社',1,1487481319),(34,2,68,'1486624255385','内蒙古行知书','曹凤英',35.00,'广东旅游出版社',1,1487481319),(97,2,75,'1487411033230','蔬果治百病','黄川',168.00,'广州出版社',1,1487481372),(98,2,76,'1487417840713','追风筝的人','[美] 卡勒德·胡赛尼',29.00,'上海人民出版社',1,1487481372),(108,3,79,'Flgfpvid1z80GSiDxOq5vQ-vGaS6','地方方法','0',0.00,'',1,1487559829);
/*!40000 ALTER TABLE `kts_booklist_book` ENABLE KEYS */;
UNLOCK TABLES;

--
-- Table structure for table `kts_booklist_collect`
--

DROP TABLE IF EXISTS `kts_booklist_collect`;
/*!40101 SET @saved_cs_client     = @@character_set_client */;
/*!40101 SET character_set_client = utf8 */;
CREATE TABLE `kts_booklist_collect` (
  `id` int(10) unsigned NOT NULL AUTO_INCREMENT COMMENT '收藏id',
  `booklist_id` int(10) unsigned NOT NULL COMMENT '书单id',
  `user_id` int(10) unsigned NOT NULL COMMENT '用户id',
  `addtime` int(11) NOT NULL COMMENT '添加时间',
  `is_collect` tinyint(1) unsigned NOT NULL DEFAULT '1' COMMENT '是否收藏 0否 1是 默认1',
  PRIMARY KEY (`id`),
  KEY `user_id` (`user_id`) USING BTREE,
  KEY `booklist_id` (`booklist_id`) USING BTREE
) ENGINE=InnoDB AUTO_INCREMENT=2 DEFAULT CHARSET=utf8mb4 COMMENT='书单收藏表';
/*!40101 SET character_set_client = @saved_cs_client */;

--
-- Dumping data for table `kts_booklist_collect`
--

LOCK TABLES `kts_booklist_collect` WRITE;
/*!40000 ALTER TABLE `kts_booklist_collect` DISABLE KEYS */;
INSERT INTO `kts_booklist_collect` VALUES (1,2,1,1487388717,0);
/*!40000 ALTER TABLE `kts_booklist_collect` ENABLE KEYS */;
UNLOCK TABLES;

--
-- Table structure for table `kts_booklist_discuss`
--

DROP TABLE IF EXISTS `kts_booklist_discuss`;
/*!40101 SET @saved_cs_client     = @@character_set_client */;
/*!40101 SET character_set_client = utf8 */;
CREATE TABLE `kts_booklist_discuss` (
  `id` int(10) unsigned NOT NULL AUTO_INCREMENT COMMENT '评论id',
  `booklist_id` int(10) unsigned NOT NULL COMMENT '书单id',
  `user_id` int(10) unsigned NOT NULL COMMENT '用户id',
  `content` varchar(255) NOT NULL COMMENT '评论内容',
  `discuss_num` int(10) unsigned DEFAULT '0' COMMENT '评论数目',
  `approve_num` int(10) unsigned DEFAULT '0' COMMENT '点赞数目',
  `addtime` int(11) NOT NULL COMMENT '添加时间',
  `is_show` tinyint(1) DEFAULT '1' COMMENT '是否显示 1是 0否 默认1',
  PRIMARY KEY (`id`),
  KEY `user_id` (`user_id`) USING BTREE,
  KEY `booklist_id` (`booklist_id`) USING BTREE
) ENGINE=InnoDB DEFAULT CHARSET=utf8mb4 COMMENT='书单评论表';
/*!40101 SET character_set_client = @saved_cs_client */;

--
-- Dumping data for table `kts_booklist_discuss`
--

LOCK TABLES `kts_booklist_discuss` WRITE;
/*!40000 ALTER TABLE `kts_booklist_discuss` DISABLE KEYS */;
/*!40000 ALTER TABLE `kts_booklist_discuss` ENABLE KEYS */;
UNLOCK TABLES;

--
-- Table structure for table `kts_booklist_discuss_approve`
--

DROP TABLE IF EXISTS `kts_booklist_discuss_approve`;
/*!40101 SET @saved_cs_client     = @@character_set_client */;
/*!40101 SET character_set_client = utf8 */;
CREATE TABLE `kts_booklist_discuss_approve` (
  `id` int(10) unsigned NOT NULL AUTO_INCREMENT COMMENT '点赞id',
  `discuss_id` int(10) unsigned NOT NULL COMMENT '评论id',
  `user_id` int(10) unsigned NOT NULL COMMENT '用户id',
  `addtime` int(11) NOT NULL COMMENT '添加时间',
  `is_click` tinyint(1) unsigned NOT NULL DEFAULT '1' COMMENT '是否点赞 0否 1是 默认1',
  PRIMARY KEY (`id`),
  KEY `user_id` (`user_id`) USING BTREE,
  KEY `discuss_id` (`discuss_id`) USING BTREE
) ENGINE=InnoDB DEFAULT CHARSET=utf8mb4 COMMENT='书单评论点赞表';
/*!40101 SET character_set_client = @saved_cs_client */;

--
-- Dumping data for table `kts_booklist_discuss_approve`
--

LOCK TABLES `kts_booklist_discuss_approve` WRITE;
/*!40000 ALTER TABLE `kts_booklist_discuss_approve` DISABLE KEYS */;
/*!40000 ALTER TABLE `kts_booklist_discuss_approve` ENABLE KEYS */;
UNLOCK TABLES;

--
-- Table structure for table `kts_booklist_discuss_reply`
--

DROP TABLE IF EXISTS `kts_booklist_discuss_reply`;
/*!40101 SET @saved_cs_client     = @@character_set_client */;
/*!40101 SET character_set_client = utf8 */;
CREATE TABLE `kts_booklist_discuss_reply` (
  `id` int(10) unsigned NOT NULL AUTO_INCREMENT COMMENT '回复id',
  `discuss_id` int(10) unsigned NOT NULL COMMENT '评论id',
  `user_id` int(10) unsigned NOT NULL COMMENT '用户id',
  `content` varchar(255) NOT NULL COMMENT '评论内容',
  `fid` int(10) unsigned NOT NULL DEFAULT '0' COMMENT '回复父id',
  `discuss_num` int(10) unsigned DEFAULT '0' COMMENT '评论数目',
  `approve_num` int(10) unsigned DEFAULT '0' COMMENT '点赞数目',
  `addtime` int(11) NOT NULL COMMENT '添加时间',
  PRIMARY KEY (`id`),
  KEY `user_id` (`user_id`) USING BTREE,
  KEY `discuss_id` (`discuss_id`) USING BTREE
) ENGINE=InnoDB DEFAULT CHARSET=utf8mb4 COMMENT='书单评论回复表';
/*!40101 SET character_set_client = @saved_cs_client */;

--
-- Dumping data for table `kts_booklist_discuss_reply`
--

LOCK TABLES `kts_booklist_discuss_reply` WRITE;
/*!40000 ALTER TABLE `kts_booklist_discuss_reply` DISABLE KEYS */;
/*!40000 ALTER TABLE `kts_booklist_discuss_reply` ENABLE KEYS */;
UNLOCK TABLES;

--
-- Table structure for table `kts_booklist_share`
--

DROP TABLE IF EXISTS `kts_booklist_share`;
/*!40101 SET @saved_cs_client     = @@character_set_client */;
/*!40101 SET character_set_client = utf8 */;
CREATE TABLE `kts_booklist_share` (
  `id` int(10) unsigned NOT NULL AUTO_INCREMENT COMMENT '分享id',
  `booklist_id` int(10) unsigned NOT NULL COMMENT '书单id',
  `user_id` int(10) unsigned NOT NULL COMMENT '用户id',
  `shareto` varchar(255) DEFAULT NULL COMMENT '分享去向',
  `addtime` int(11) NOT NULL COMMENT '添加时间',
  PRIMARY KEY (`id`),
  KEY `user_id` (`user_id`) USING BTREE,
  KEY `booklist_id` (`booklist_id`) USING BTREE
) ENGINE=InnoDB DEFAULT CHARSET=utf8mb4 COMMENT='书单分享表';
/*!40101 SET character_set_client = @saved_cs_client */;

--
-- Dumping data for table `kts_booklist_share`
--

LOCK TABLES `kts_booklist_share` WRITE;
/*!40000 ALTER TABLE `kts_booklist_share` DISABLE KEYS */;
/*!40000 ALTER TABLE `kts_booklist_share` ENABLE KEYS */;
UNLOCK TABLES;

--
-- Table structure for table `kts_bookshelf`
--

DROP TABLE IF EXISTS `kts_bookshelf`;
/*!40101 SET @saved_cs_client     = @@character_set_client */;
/*!40101 SET character_set_client = utf8 */;
CREATE TABLE `kts_bookshelf` (
  `shelf_id` int(10) unsigned NOT NULL AUTO_INCREMENT,
  `user_id` int(10) unsigned NOT NULL DEFAULT '0' COMMENT '添加书架的用户id',
  `longitude` varchar(255) DEFAULT '0' COMMENT '经度',
  `latitude` varchar(255) DEFAULT '0' COMMENT '纬度',
  `geohash` varchar(50) DEFAULT '' COMMENT '经度和纬度坐标点',
  `addr` varchar(255) DEFAULT '' COMMENT '详细地址',
  `addtime` int(10) unsigned NOT NULL COMMENT '添加时间',
  `book_sums` int(11) NOT NULL DEFAULT '0' COMMENT '书籍数量',
  `type` tinyint(4) NOT NULL DEFAULT '2' COMMENT '图书类型1普通的书 0二手书 2分享的书,3电子书',
  PRIMARY KEY (`shelf_id`),
  KEY `user_id` (`user_id`) USING BTREE
) ENGINE=InnoDB AUTO_INCREMENT=7 DEFAULT CHARSET=utf8mb4 COMMENT='书架表';
/*!40101 SET character_set_client = @saved_cs_client */;

--
-- Dumping data for table `kts_bookshelf`
--

LOCK TABLES `kts_bookshelf` WRITE;
/*!40000 ALTER TABLE `kts_bookshelf` DISABLE KEYS */;
INSERT INTO `kts_bookshelf` VALUES (1,1,'113.41019026094588','23.114680589578896','ws0ekxyubbz09966r0fmwd00','广东省广州市天河区黄埔大道东598号',1484825421,3,2),(2,13,'115.987506','29.715617','wt63p3ed0b2z','江西省九江市浔阳区十里大道119号',1484826288,1,2),(3,1,'113.40917517571994','23.115561396827783','ws0es8n1ckfnu8q7mne5e0rz','广东省广州市天河区黄埔大道东555号',1484894231,1,2),(4,12,'113.410041','23.114047','ws0ekxy9j6xv','广东省广州市天河区黄埔大道东598号',1486106685,2,2),(5,17,'113.409829','23.114102','ws0ekxy92sct','广东省广州市天河区黄埔大道东598号',1486192612,2,2),(6,1,'113.41019026094588','23.114680589578896','ws0ekxyubbz09966r0fmwd00','广东省广州市天河区黄埔大道东598号',1487142754,1,0);
/*!40000 ALTER TABLE `kts_bookshelf` ENABLE KEYS */;
UNLOCK TABLES;

--
-- Table structure for table `kts_bookshelf_book`
--

DROP TABLE IF EXISTS `kts_bookshelf_book`;
/*!40101 SET @saved_cs_client     = @@character_set_client */;
/*!40101 SET character_set_client = utf8 */;
CREATE TABLE `kts_bookshelf_book` (
  `id` int(10) unsigned NOT NULL AUTO_INCREMENT,
  `user_id` int(10) unsigned NOT NULL DEFAULT '0' COMMENT '用户id',
  `book_id` int(10) unsigned NOT NULL DEFAULT '0' COMMENT '书籍的id',
  `shelf_id` int(10) unsigned NOT NULL DEFAULT '0' COMMENT '书架的id',
  `type` tinyint(4) NOT NULL DEFAULT '1' COMMENT '图书类型1普通的书 0二手书 2分享的书,3电子书',
  `book_name` varchar(50) NOT NULL COMMENT '书名',
  `author` varchar(20) NOT NULL COMMENT '作者',
  `press` varchar(255) DEFAULT NULL COMMENT '出版社',
  `price` decimal(10,2) unsigned DEFAULT '0.00' COMMENT '出售价格',
  `cover_img` varchar(255) NOT NULL DEFAULT '' COMMENT '图书封面',
  `addtime` int(10) unsigned NOT NULL COMMENT '添加时间',
  `is_show` int(10) unsigned NOT NULL DEFAULT '1' COMMENT '是否显示 0隐藏 1展示',
  PRIMARY KEY (`id`),
  KEY `user_id` (`user_id`) USING BTREE,
  KEY `shelf_id` (`shelf_id`) USING BTREE
) ENGINE=InnoDB AUTO_INCREMENT=11 DEFAULT CHARSET=utf8mb4 COMMENT='书架上的书籍表';
/*!40101 SET character_set_client = @saved_cs_client */;

--
-- Dumping data for table `kts_bookshelf_book`
--

LOCK TABLES `kts_bookshelf_book` WRITE;
/*!40000 ALTER TABLE `kts_bookshelf_book` DISABLE KEYS */;
INSERT INTO `kts_bookshelf_book` VALUES (1,1,57,1,2,'浙江福建古村落自助游','徐清祥','广东旅游出版社',28.00,'Fp7ZB4AyYLi-VwbaURieg95qV1t_',1484825421,1),(2,13,58,2,2,'如何高效学习','[美]斯科特·扬','机械工业出版社',35.00,'Fit-7Agd0H4gJmew58b6f4apBDFV',1484826288,1),(3,1,62,1,2,'幽默人生100','文龙','广东旅游出版社',9.00,'Fpb4f1a1cpxyBK-cGgyIgstszuAW',1484882153,1),(4,1,63,3,2,'旅游心理学','吕勤','广东旅游出版社',16.50,'Fh53q8hIuwkza4plnjY11_GIY_4-',1484894231,1),(5,12,65,4,2,'过年回家','0','',0.00,'FgBSvBJbW4joLwPon0XbUb5se9Dn',1486106685,1),(6,12,66,4,2,'山海经','孙见坤','清华大学出版社',128.00,'Fh2jbHIZgL6jiRPx9FHFgWnmp2aL',1486107879,1),(7,17,67,5,2,'关于我最喜欢的他','伟大的安妮','中国友谊出版公司',0.00,'Fktk4SiCcrFmiGa0I30uZuYooigv',1486192612,1),(8,1,68,1,2,'内蒙古行知书','曹凤英','广东旅游出版社',35.00,'1486624255385',1486624512,1),(9,17,69,5,2,'过好每一天','黄河','广东旅游出版社',29.80,'1487123062164',1487123314,1),(10,1,73,6,0,'十月怀胎医学手册','李晓琳,李达维,王毅','\n      广东旅游出版社',26.00,'1487140453302',1487142754,1);
/*!40000 ALTER TABLE `kts_bookshelf_book` ENABLE KEYS */;
UNLOCK TABLES;

--
-- Table structure for table `kts_cart`
--

DROP TABLE IF EXISTS `kts_cart`;
/*!40101 SET @saved_cs_client     = @@character_set_client */;
/*!40101 SET character_set_client = utf8 */;
CREATE TABLE `kts_cart` (
  `cart_id` mediumint(8) unsigned NOT NULL AUTO_INCREMENT COMMENT '自增ID号',
  `user_id` int(11) unsigned NOT NULL DEFAULT '0' COMMENT '用户登录id，取自session，',
  `session_id` varchar(50) CHARACTER SET utf8mb4 COLLATE utf8mb4_bin DEFAULT NULL COMMENT '登录的sessionid，如果该用户退出，该sessionid对应的购物车中的所有记录都将被删除',
  `book_id` mediumint(8) unsigned NOT NULL DEFAULT '0' COMMENT '商品的id，取自表book的book_id',
  `book_SBN` varchar(60) NOT NULL COMMENT '商品的货号，取自表book的book_SBN',
  `book_name` varchar(120) NOT NULL COMMENT '商品的名称，取自表book的book_name',
  `book_desc` varchar(50) DEFAULT NULL COMMENT '图书简介',
  `market_price` decimal(10,2) unsigned NOT NULL DEFAULT '0.00' COMMENT '商品的市场价，取自表goods的market_price',
  `goods_price` decimal(10,2) NOT NULL DEFAULT '0.00' COMMENT '商品的本店价，取自表book的shop_price',
  `goods_number` smallint(5) unsigned NOT NULL DEFAULT '1' COMMENT '商品的购买数量，在购物车时，实际库存不减少',
  `book_type` tinyint(1) unsigned DEFAULT '0' COMMENT '取自book的type',
  `book_attr` varchar(50) NOT NULL DEFAULT '0' COMMENT '二手书的新旧程度',
  `shipping_price` decimal(10,2) NOT NULL DEFAULT '0.00' COMMENT '邮费',
  `addtime` int(10) unsigned NOT NULL DEFAULT '0' COMMENT '添加时间',
  `shop_id` int(10) unsigned DEFAULT '0',
  `sell_id` tinyint(3) unsigned NOT NULL DEFAULT '0' COMMENT '二手书人',
  `sell_name` varchar(50) DEFAULT NULL COMMENT '出手人昵称',
  `shop_name` varchar(25) DEFAULT NULL COMMENT '书店名称或者人名',
  `image` varchar(255) DEFAULT NULL COMMENT '图片',
  `selected` tinyint(3) unsigned NOT NULL DEFAULT '0' COMMENT '是否选择提交',
  PRIMARY KEY (`cart_id`)
) ENGINE=InnoDB AUTO_INCREMENT=7 DEFAULT CHARSET=utf8mb4 COMMENT='购物车购物信息记录表';
/*!40101 SET character_set_client = @saved_cs_client */;

--
-- Dumping data for table `kts_cart`
--

LOCK TABLES `kts_cart` WRITE;
/*!40000 ALTER TABLE `kts_cart` DISABLE KEYS */;
INSERT INTO `kts_cart` VALUES (2,3,'0ad3cb6daa3be20526308d01a9531886-3-1484070066',2,'9787806536711','酒店顾客抱怨管理','',0.00,0.01,1,0,'六至八成新',0.00,1484104299,0,4,'kts_01101164384151',NULL,'FvMPjx0BY8b4TWs6eG4qsv95g8od',0),(3,8,'95e36e246ab9c8bc557347f4bacde291-8-1484098172',2,'9787806536711','酒店顾客抱怨管理','',0.00,0.01,1,0,'六至八成新',0.00,1484192959,0,4,'kts_01101164384151',NULL,'FvMPjx0BY8b4TWs6eG4qsv95g8od',0),(4,7,'85fff87b75681b7f9b676ab4de12ac06-7-1484879585',19,'9787532767373','夏洛的网','',26.00,26.00,1,0,'九成新',0.00,1484900533,0,6,'心所欲不逾矩',NULL,'FiqdqgJeIHav-DhoJijxGv7SLS_b',1),(6,4,'7cf4381332a6a281328658035c260f66-4-1487143204',42,'9787530216224','逃离','',49.50,49.50,1,0,'九成新',0.00,1487144473,0,6,'心所欲不逾矩',NULL,'Fur9N9fgSbp8DCaZ76b1jc6s943K',0);
/*!40000 ALTER TABLE `kts_cart` ENABLE KEYS */;
UNLOCK TABLES;

--
-- Table structure for table `kts_category`
--

DROP TABLE IF EXISTS `kts_category`;
/*!40101 SET @saved_cs_client     = @@character_set_client */;
/*!40101 SET character_set_client = utf8 */;
CREATE TABLE `kts_category` (
  `cg_id` int(10) unsigned NOT NULL AUTO_INCREMENT,
  `name` varchar(255) DEFAULT NULL COMMENT '类别名称',
  `imageurl` varchar(255) DEFAULT NULL COMMENT '图片地址',
  `level` int(10) NOT NULL DEFAULT '0',
  `path` varchar(1024) NOT NULL DEFAULT '0' COMMENT '父类ID 0表示一级分类',
  `is_show` int(10) unsigned NOT NULL DEFAULT '1',
  `sorts` tinyint(4) NOT NULL DEFAULT '0' COMMENT '排序',
  PRIMARY KEY (`cg_id`),
  KEY `f_id` (`path`(191)) USING BTREE
) ENGINE=InnoDB AUTO_INCREMENT=763 DEFAULT CHARSET=utf8mb4 COMMENT='图书分类表';
/*!40101 SET character_set_client = @saved_cs_client */;

--
-- Dumping data for table `kts_category`
--

LOCK TABLES `kts_category` WRITE;
/*!40000 ALTER TABLE `kts_category` DISABLE KEYS */;
INSERT INTO `kts_category` VALUES (1,'文学',NULL,0,'1',1,0),(2,'少儿',NULL,0,'2',1,0),(3,'教育',NULL,0,'3',1,0),(4,'生活',NULL,0,'4',1,0),(5,'艺术',NULL,0,'5',1,0),(6,'科技',NULL,0,'6',1,0),(7,'经管',NULL,0,'7',1,0),(8,'人文社科',NULL,0,'8',1,0),(9,'励志成功',NULL,0,'9',1,0),(10,'文学',NULL,1,'1|10',1,0),(11,'小说',NULL,1,'1|11',1,0),(12,'随笔散文',NULL,2,'1|10|12',1,0),(13,'文集',NULL,2,'1|10|13',1,0),(14,'纪实文学',NULL,2,'1|10|14',1,0),(15,'古诗词',NULL,2,'1|10|15',1,0),(16,'现当代诗歌',NULL,2,'1|10|16',1,0),(17,'文学史',NULL,2,'1|10|17',1,0),(18,'影视文学',NULL,2,'1|10|18',1,0),(19,'文学评论与鉴赏',NULL,2,'1|10|19',1,0),(20,'戏曲文艺',NULL,2,'1|10|20',1,0),(21,'侦探悬疑推理',NULL,2,'1|11|21',1,0),(22,'恐怖惊悚',NULL,2,'1|11|22',1,0),(23,'情感家庭婚姻',NULL,2,'1|11|23',1,0),(24,'社会',NULL,2,'1|11|24',1,0),(25,'官场',NULL,2,'1|11|25',1,0),(26,'职场',NULL,2,'1|11|26',1,0),(27,'历史',NULL,2,'1|11|27',1,0),(28,'科幻',NULL,2,'1|11|28',1,0),(29,'武侠',NULL,2,'1|11|29',1,0),(30,'玄幻',NULL,2,'1|11|30',1,0),(31,'军事',NULL,2,'1|11|31',1,0),(33,'人文','',2,'1|10|33',1,0),(35,'传记',NULL,1,'1|35',1,0),(36,'财经人物',NULL,2,'1|35|36',1,0),(37,'历代帝王',NULL,2,'1|35|37',1,0),(38,'领袖首脑',NULL,2,'1|35|38',1,0),(39,'军事人物',NULL,2,'1|35|39',1,0),(40,'政治人物',NULL,2,'1|35|40',1,0),(41,'历史人物',NULL,2,'1|35|41',1,0),(42,'法律人物',NULL,2,'1|35|42',1,0),(43,'宗教人物',NULL,2,'1|35|43',1,0),(44,' 哲学家',NULL,2,'1|35|44',1,0),(45,'   教育家',NULL,2,'1|35|45',1,0),(46,'   文学家',NULL,2,'1|35|46',1,0),(47,'人文社会学家',NULL,2,'1|35|47',1,0),(48,'艺术家',NULL,2,'1|35|48',1,0),(49,'   科学家 ',NULL,2,'1|35|49',1,0),(50,'  国学大师',NULL,2,'1|35|50',1,0),(51,' 文娱明星 ',NULL,2,'1|35|51',1,0),(52,'体育明星 ',NULL,2,'1|35|52',1,0),(53,'语言文学学家 ',NULL,2,'1|35|53',1,0),(54,'人物合集 ',NULL,2,'1|35|54',1,0),(55,'建筑设计师 ',NULL,2,'1|35|55',1,0),(56,'传记研究与编写',NULL,2,'1|35|56',1,0),(57,' 家族研究与谱系 ',NULL,2,'1|35|57',1,0),(58,'年谱',NULL,2,'1|35|58',1,0),(59,'青春文学',NULL,1,'1|59',1,0),(60,'古代言情',NULL,2,'1|59|60',1,0),(61,'校园',NULL,2,'1|59|61',1,0),(62,'爱情/情感',NULL,2,'1|59|62',1,0),(63,'叛逆/成长',NULL,2,'1|59|63',1,0),(64,'悬疑/惊悚',NULL,2,'1|59|64',1,0),(65,'娱乐/偶像',NULL,2,'1|59|65',1,0),(66,'爆笑/无厘头',NULL,2,'1|59|66',1,0),(67,'玄幻/科幻/新武侠',NULL,2,'1|59|67',1,0),(68,'动漫',NULL,1,'1|68',1,0),(69,'冒险战斗',NULL,2,'1|68|69',1,0),(70,'悬疑推理',NULL,2,'1|68|70',1,0),(71,'恐怖惊悚',NULL,2,'1|68|71',1,0),(72,'爆笑幽默',NULL,2,'1|68|72',1,0),(73,'爱情情感',NULL,2,'1|68|73',1,0),(74,'体育',NULL,2,'1|68|74',1,0),(75,'励志',NULL,2,'1|68|75',1,0),(76,'医疗',NULL,2,'1|68|76',1,0),(77,'料理',NULL,2,'1|68|77',1,0),(78,'音乐',NULL,2,'1|68|78',1,0),(79,'校园',NULL,2,'1|68|79',1,0),(80,'科幻',NULL,2,'1|68|80',1,0),(81,'玄幻',NULL,2,'1|68|81',1,0),(82,'战争',NULL,2,'1|68|82',1,0),(83,'讽刺',NULL,2,'1|68|83',1,0),(84,'学习教育',NULL,2,'1|68|84',1,0),(85,'作品集',NULL,2,'1|68|85',1,0),(86,'画集',NULL,2,'1|68|86',1,0),(87,'少儿文学',NULL,1,'2|87',1,0),(88,'童话故事',NULL,2,'2|87|88',1,0),(89,'寓言神话',NULL,2,'2|87|89',1,0),(90,'唐诗/散文',NULL,2,'2|87|90',1,0),(91,'儿童歌谣',NULL,2,'2|87|91',1,0),(92,'名人传记',NULL,2,'2|87|92',1,0),(93,'绘本',NULL,1,'2|93',1,0),(94,'启发成长',NULL,2,'2|93|94',1,0),(95,'爱与分享',NULL,2,'2|93|95',1,0),(96,'品格培养',NULL,2,'2|93|96',1,0),(97,'情绪管理',NULL,2,'2|93|97',1,0),(98,'生命教育',NULL,2,'2|93|98',1,0),(99,'游戏绘本',NULL,2,'2|93|99',1,0),(100,'科普百科',NULL,1,'2|100',1,0),(101,'科普百科',NULL,2,'2|100|101',1,0),(102,'历史读物',NULL,2,'2|100|102',1,0),(103,'生活常识',NULL,2,'2|100|103',1,0),(104,'益智游戏',NULL,1,'2|104',1,0),(105,'玩具书',NULL,1,'2|105',1,0),(106,'启蒙教育',NULL,1,'2|106',1,0),(107,'动漫卡通',NULL,1,'2|107',1,0),(108,'艺术培养',NULL,1,'2|108',1,0),(109,'左右脑开发',NULL,2,'2|104|109',1,0),(110,'贴纸游戏',NULL,2,'2|104|110',1,0),(111,'创意手工',NULL,2,'2|104|111',1,0),(112,'视觉发现',NULL,2,'2|104|112',1,0),(113,'迷宫/谜语',NULL,2,'2|104|113',1,0),(114,'脑筋急转弯',NULL,2,'2|104|114',1,0),(115,'互动游戏书',NULL,2,'2|104|115',1,0),(116,'多媒体',NULL,2,'2|105|116',1,0),(117,'翻翻书',NULL,2,'2|105|117',1,0),(118,'立体书',NULL,2,'2|105|118',1,0),(119,'拼图书',NULL,2,'2|105|119',1,0),(120,'图画故事',NULL,2,'2|106|120',1,0),(121,'国学启蒙',NULL,2,'2|106|121',1,0),(122,'认知',NULL,2,'2|106|122',1,0),(123,'数学',NULL,2,'2|106|123',1,0),(124,'汉语',NULL,2,'2|106|124',1,0),(125,'幼儿园教材',NULL,2,'2|106|125',1,0),(126,'漫画',NULL,2,'2|107|126',1,0),(127,'卡通',NULL,2,'2|107|127',1,0),(128,'连环画',NULL,2,'2|107|128',1,0),(129,'琴',NULL,2,'2|108|129',1,0),(130,'棋',NULL,2,'2|108|130',1,0),(131,'书',NULL,2,'2|108|131',1,0),(132,'画',NULL,2,'2|108|132',1,0),(133,'考试',NULL,1,'3|133',1,0),(134,'语言',NULL,1,'3|134',1,0),(135,'字典词典',NULL,1,'3|135',1,0),(136,'工具书',NULL,1,'3|136',1,0),(137,'教材',NULL,1,'3|137',1,0),(138,'中小学教辅',NULL,1,'3|138',1,0),(139,'学历考试',NULL,2,'3|133|139',1,0),(140,'公务员',NULL,2,'3|133|140',1,0),(141,'事业单位',NULL,2,'3|133|141',1,0),(142,'计算机',NULL,2,'3|133|142',1,0),(143,'医学类',NULL,2,'3|133|143',1,0),(144,'艺术类',NULL,2,'3|133|144',1,0),(145,'体育类',NULL,2,'3|133|145',1,0),(146,'执业医师',NULL,2,'3|133|146',1,0),(147,'会计类',NULL,2,'3|133|147',1,0),(148,'建筑类',NULL,2,'3|133|148',1,0),(149,'一级建造师',NULL,2,'3|133|149',1,0),(150,'二级建造师',NULL,2,'3|133|150',1,0),(151,'教师类',NULL,2,'3|133|151',1,0),(152,'证卷从业资格',NULL,2,'3|133|152',1,0),(153,'司法考试',NULL,2,'3|133|153',1,0),(154,'银行类',NULL,2,'3|133|154',1,0),(155,'考研',NULL,2,'3|133|155',1,0),(156,'MBA/MPA/MPACC',NULL,2,'3|133|156',1,0),(157,'成人高考/自考',NULL,2,'3|133|157',1,0),(158,'汉语',NULL,2,'3|134|158',1,0),(159,'英语',NULL,2,'3|134|159',1,0),(160,'俄语',NULL,2,'3|134|160',1,0),(161,'日语',NULL,2,'3|134|161',1,0),(162,'韩语',NULL,2,'3|134|162',1,0),(163,'法语',NULL,2,'3|134|163',1,0),(164,'德语',NULL,2,'3|134|164',1,0),(165,'西班牙语',NULL,2,'3|134|165',1,0),(166,'其他小语种',NULL,2,'3|134|166',1,0),(167,'新华字典',NULL,2,'3|135|167',1,0),(168,'汉语字典',NULL,2,'3|135|168',1,0),(169,'汉语词典',NULL,2,'3|135|169',1,0),(170,'成语词典',NULL,2,'3|135|170',1,0),(171,'英汉/汉英词典',NULL,2,'3|135|171',1,0),(172,'日语词典',NULL,2,'3|135|172',1,0),(173,'韩语词典',NULL,2,'3|135|173',1,0),(174,'德语词典',NULL,2,'3|135|174',1,0),(175,'法语词典',NULL,2,'3|135|175',1,0),(176,'俄语词典',NULL,2,'3|135|176',1,0),(177,'西班牙语词典',NULL,2,'3|135|177',1,0),(178,'其他小语种词典',NULL,2,'3|135|178',1,0),(179,'工业技术',NULL,2,'3|136|179',1,0),(180,'标准',NULL,2,'3|136|180',1,0),(181,'计算机',NULL,2,'3|136|181',1,0),(182,'百科全书',NULL,2,'3|136|182',1,0),(183,'医学',NULL,2,'3|136|183',1,0),(184,'科学与自然',NULL,2,'3|136|184',1,0),(185,'社会科学',NULL,2,'3|136|185',1,0),(186,'法律',NULL,2,'3|136|186',1,0),(187,'宗教哲学',NULL,2,'3|136|187',1,0),(188,'政治军事',NULL,2,'3|136|188',1,0),(189,'经济管理',NULL,2,'3|136|189',1,0),(190,'文化社科教育',NULL,2,'3|136|190',1,0),(191,'历史地理',NULL,2,'3|136|191',1,0),(192,'环境与安全',NULL,2,'3|136|192',1,0),(193,'艺术辞典',NULL,2,'3|136|193',1,0),(194,'万年历',NULL,2,'3|136|194',1,0),(195,'文学鉴赏辞典',NULL,2,'3|136|195',1,0),(196,'文摘索引',NULL,2,'3|136|196',1,0),(197,'名录/目录/黄页',NULL,2,'3|136|197',1,0),(198,'年谱、年表/年鉴、年刊',NULL,2,'3|136|198',1,0),(199,'大学教材',NULL,2,'3|137|199',1,0),(200,'研究生教材',NULL,2,'3|137|200',1,0),(201,'高职高专教材',NULL,2,'3|137|201',1,0),(202,'中职中专教材',NULL,2,'3|137|202',1,0),(203,'成人教育教材',NULL,2,'3|137|203',1,0),(204,'自考教材',NULL,2,'3|137|204',1,0),(205,'职业培训教材',NULL,2,'3|137|205',1,0),(206,'一年级',NULL,2,'3|138|206',1,0),(207,'二年级',NULL,2,'3|138|207',1,0),(208,'三年级',NULL,2,'3|138|208',1,0),(209,'四年级',NULL,2,'3|138|209',1,0),(210,'五年级',NULL,2,'3|138|210',1,0),(211,'六年级',NULL,2,'3|138|211',1,0),(212,'小学通用',NULL,2,'3|138|212',1,0),(213,'小升初',NULL,2,'3|138|213',1,0),(214,'七年级',NULL,2,'3|138|214',1,0),(215,'八年级',NULL,2,'3|138|215',1,0),(216,'九年级',NULL,2,'3|138|216',1,0),(217,'初中通用',NULL,2,'3|138|217',1,0),(218,'中考',NULL,2,'3|138|218',1,0),(219,'高一',NULL,2,'3|138|219',1,0),(220,'高二',NULL,2,'3|138|220',1,0),(221,'高三',NULL,2,'3|138|221',1,0),(222,'高中通用',NULL,2,'3|138|222',1,0),(223,'高考',NULL,2,'3|138|223',1,0),(224,'字帖',NULL,2,'3|138|224',1,0),(225,'工具书',NULL,2,'3|138|225',1,0),(226,'孕产知识',NULL,1,'4|226',1,0),(227,'育儿/亲子',NULL,1,'4|227',1,0),(228,'家教',NULL,1,'4|228',1,0),(229,'健身/保健',NULL,1,'4|229',1,0),(230,'旅游',NULL,1,'4|230',1,0),(231,'地图',NULL,1,'4|231',1,0),(232,'手工DIY',NULL,1,'4|232',1,0),(233,'家居',NULL,1,'4|233',1,0),(234,'烹饪/美食',NULL,1,'4|234',1,0),(235,'时尚美妆',NULL,1,'4|235',1,0),(236,'婚恋两性',NULL,1,'4|236',1,0),(237,'体育运动',NULL,1,'4|237',1,0),(238,'风水/占卜',NULL,1,'4|238',1,0),(239,'孕前准备',NULL,2,'4|226|239',1,0),(240,'孕期',NULL,2,'4|226|240',1,0),(241,'分娩',NULL,2,'4|226|241',1,0),(242,'孕产妇保健',NULL,2,'4|226|242',1,0),(243,'孕产食谱',NULL,2,'4|226|243',1,0),(244,'胎教',NULL,2,'4|226|244',1,0),(245,'产后护理',NULL,2,'4|226|245',1,0),(246,'育儿百科',NULL,2,'4|227|246',1,0),(247,'婴幼儿饮食营',NULL,2,'4|227|247',1,0),(248,'婴幼儿保健',NULL,2,'4|227|248',1,0),(249,'早教',NULL,2,'4|227|249',1,0),(250,'婴儿抚触',NULL,2,'4|227|250',1,0),(251,'家教方法',NULL,2,'4|228|251',1,0),(252,'家教理论',NULL,2,'4|228|252',1,0),(253,'素质教育',NULL,2,'4|228|253',1,0),(254,'培育男孩',NULL,2,'4|228|254',1,0),(255,'培育女孩',NULL,2,'4|228|255',1,0),(256,'心理疏导',NULL,2,'4|228|256',1,0),(257,'运动健身',NULL,2,'4|229|257',1,0),(258,'中医保健',NULL,2,'4|229|258',1,0),(259,'针灸艾灸',NULL,2,'4|229|259',1,0),(260,'养生',NULL,2,'4|229|260',1,0),(261,'保健食疗',NULL,2,'4|229|261',1,0),(262,'常见病预防与治疗',NULL,2,'4|229|262',1,0),(263,'家庭保健',NULL,2,'4|229|263',1,0),(264,'两性健康',NULL,2,'4|229|264',1,0),(265,'中老年',NULL,2,'4|229|265',1,0),(266,'心理健康',NULL,2,'4|229|266',1,0),(267,'健康百科',NULL,2,'4|229|267',1,0),(268,'瑜伽/美体',NULL,2,'4|229|268',1,0),(269,'家庭保健',NULL,2,'4|229|269',1,0),(270,'国外游',NULL,2,'4|230|270',1,0),(271,'国内游',NULL,2,'4|230|271',1,0),(272,'旅游随笔',NULL,2,'4|230|272',1,0),(273,'旅游指南',NULL,2,'4|230|273',1,0),(274,'自助游',NULL,2,'4|230|274',1,0),(275,'户外探险',NULL,2,'4|230|275',1,0),(276,'旅游摄影',NULL,2,'4|230|276',1,0),(277,'中国地图',NULL,2,'4|231|277',1,0),(278,'世界地图',NULL,2,'4|231|278',1,0),(279,'公路/铁路地图',NULL,2,'4|231|279',1,0),(280,'挂图/折叠图',NULL,2,'4|231|280',1,0),(281,'毛线编织',NULL,2,'4|232|281',1,0),(282,'折纸剪纸',NULL,2,'4|232|282',1,0),(283,'服装DIY',NULL,2,'4|232|283',1,0),(284,'刺绣/十字绣',NULL,2,'4|232|284',1,0),(285,'串珠',NULL,2,'4|232|285',1,0),(286,'家装家饰',NULL,2,'4|233|286',1,0),(287,'家庭园艺',NULL,2,'4|233|287',1,0),(288,'生活指南',NULL,2,'4|233|288',1,0),(289,'收纳',NULL,2,'4|233|289',1,0),(290,'爱车一族',NULL,2,'4|233|290',1,0),(291,'烘焙',NULL,2,'4|234|291',1,0),(292,'面包',NULL,2,'4|234|292',1,0),(293,'蛋糕',NULL,2,'4|234|293',1,0),(294,'家常菜谱',NULL,2,'4|234|294',1,0),(295,'汤',NULL,2,'4|234|295',1,0),(296,'早餐',NULL,2,'4|234|296',1,0),(297,'茶酒饮品',NULL,2,'4|234|297',1,0),(298,'西餐料理',NULL,2,'4|234|298',1,0),(299,'日韩料理',NULL,2,'4|234|299',1,0),(300,'养生食疗',NULL,2,'4|234|300',1,0),(301,'地方美食',NULL,2,'4|234|301',1,0),(302,'饮食文化',NULL,2,'4|234|302',1,0),(303,'美容护肤',NULL,2,'4|235|303',1,0),(304,'彩妆/美发/美甲',NULL,2,'4|235|304',1,0),(305,'服饰搭配',NULL,2,'4|235|305',1,0),(306,'时尚生活',NULL,2,'4|235|306',1,0),(307,'瘦身美体',NULL,2,'4|235|307',1,0),(308,'男人时尚',NULL,2,'4|235|308',1,0),(309,'时尚女人',NULL,2,'4|235|309',1,0),(310,'瑜伽',NULL,2,'4|235|310',1,0),(311,'奢侈品',NULL,2,'4|235|311',1,0),(312,'恋爱',NULL,2,'4|236|312',1,0),(313,'婚姻',NULL,2,'4|236|313',1,0),(314,'两性关系',NULL,2,'4|236|314',1,0),(315,'性知识',NULL,2,'4|236|315',1,0),(316,'太极/武术/气功',NULL,2,'4|237|316',1,0),(317,'围棋',NULL,2,'4|237|317',1,0),(318,'中国象棋',NULL,2,'4|237|318',1,0),(319,'国际象棋',NULL,2,'4|237|319',1,0),(320,'球类',NULL,2,'4|237|320',1,0),(321,'田径/体操',NULL,2,'4|237|321',1,0),(322,'游泳',NULL,2,'4|237|322',1,0),(323,'奥利匹克',NULL,2,'4|237|323',1,0),(324,'运程/风水',NULL,2,'4|238|324',1,0),(325,'星座/血型/塔',NULL,2,'4|238|325',1,0),(326,'占卜/手相/算',NULL,2,'4|238|326',1,0),(327,'绘画',NULL,1,'5|327',1,0),(328,'摄影',NULL,1,'5|328',1,0),(329,'书法/篆刻',NULL,1,'5|329',1,0),(330,'设计',NULL,1,'5|330',1,0),(331,'音乐',NULL,1,'5|331',1,0),(332,'鉴赏/收藏',NULL,1,'5|332',1,0),(333,'戏剧',NULL,1,'5|333',1,0),(334,'工艺美术',NULL,1,'5|334',1,0),(335,'艺术类考试',NULL,1,'5|335',1,0),(336,'影视/媒体艺术',NULL,1,'5|336',1,0),(337,'舞蹈',NULL,1,'5|337',1,0),(338,'水粉/水彩',NULL,2,'5|327|338',1,0),(339,'国画',NULL,2,'5|327|339',1,0),(340,'油画',NULL,2,'5|327|340',1,0),(341,'技法教程',NULL,2,'5|327|341',1,0),(342,'色铅笔画',NULL,2,'5|327|342',1,0),(343,'素描/速写',NULL,2,'5|327|343',1,0),(344,'绘画理论',NULL,2,'5|327|344',1,0),(345,'名家画集',NULL,2,'5|327|345',1,0),(346,'画册/作品集',NULL,2,'5|327|346',1,0),(347,'涂绘减压',NULL,2,'5|327|347',1,0),(348,'技法/教程',NULL,2,'5|328|348',1,0),(349,'摄影集/作品赏析',NULL,2,'5|328|349',1,0),(350,'摄影入门',NULL,2,'5|328|350',1,0),(351,'后期处理',NULL,2,'5|328|351',1,0),(352,'摄影器材',NULL,2,'5|328|352',1,0),(353,'分类摄影',NULL,2,'5|328|353',1,0),(354,'摄影理论',NULL,2,'5|328|354',1,0),(355,'摄影进阶',NULL,2,'5|328|355',1,0),(356,'单反摄影',NULL,2,'5|328|356',1,0),(357,'旅行摄影',NULL,2,'5|328|357',1,0),(358,'手机摄影',NULL,2,'5|328|358',1,0),(359,'楷书',NULL,2,'5|329|359',1,0),(360,'行书',NULL,2,'5|329|360',1,0),(361,'隶书',NULL,2,'5|329|361',1,0),(362,'草书',NULL,2,'5|329|362',1,0),(363,'硬笔书法',NULL,2,'5|329|363',1,0),(364,'毛笔书法',NULL,2,'5|329|364',1,0),(365,'碑帖篆刻',NULL,2,'5|329|365',1,0),(366,'书法理论',NULL,2,'5|329|366',1,0),(367,'技法/教程',NULL,2,'5|329|367',1,0),(368,'书法名家',NULL,2,'5|329|368',1,0),(369,'书法赏析',NULL,2,'5|329|369',1,0),(370,'外文书法',NULL,2,'5|329|370',1,0),(371,'设计理论',NULL,2,'5|330|371',1,0),(372,'平面设计',NULL,2,'5|330|372',1,0),(373,'服装设计',NULL,2,'5|330|373',1,0),(374,'广告设计',NULL,2,'5|330|374',1,0),(375,'工业设计',NULL,2,'5|330|375',1,0),(376,'时尚设计',NULL,2,'5|330|376',1,0),(377,'日系设计',NULL,2,'5|330|377',1,0),(378,'环境设计',NULL,2,'5|330|378',1,0),(379,'设计基础',NULL,2,'5|330|379',1,0),(380,'书籍封面设计',NULL,2,'5|330|380',1,0),(381,'设计工具',NULL,2,'5|330|381',1,0),(382,'钢琴',NULL,2,'5|331|382',1,0),(383,'提琴',NULL,2,'5|331|383',1,0),(384,'吉他',NULL,2,'5|331|384',1,0),(385,'弹拨乐器/弹拨弦',NULL,2,'5|331|385',1,0),(386,'吹奏乐器/管乐器',NULL,2,'5|331|386',1,0),(387,'拉弦乐器/擦弦乐器',NULL,2,'5|331|387',1,0),(388,'混合/交响',NULL,2,'5|331|388',1,0),(389,'声乐',NULL,2,'5|331|389',1,0),(390,'打击乐器/敲击乐',NULL,2,'5|331|390',1,0),(391,'萨克斯',NULL,2,'5|331|391',1,0),(392,'民族器乐',NULL,2,'5|331|392',1,0),(393,'电子乐器',NULL,2,'5|331|393',1,0),(394,'古典音乐',NULL,2,'5|331|394',1,0),(395,'音乐欣赏',NULL,2,'5|331|395',1,0),(396,'音乐理论',NULL,2,'5|331|396',1,0),(397,'二胡',NULL,2,'5|331|397',1,0),(398,'通俗音乐',NULL,2,'5|331|398',1,0),(399,'曲谱/歌谱',NULL,2,'5|331|399',1,0),(400,'键盘/合成音乐',NULL,2,'5|331|400',1,0),(401,'混音/后期处理',NULL,2,'5|331|401',1,0),(402,'作曲/指挥',NULL,2,'5|331|402',1,0),(403,'音乐学习',NULL,2,'5|331|403',1,0),(404,'书画',NULL,2,'5|332|404',1,0),(405,'玉器',NULL,2,'5|332|405',1,0),(406,'钱币',NULL,2,'5|332|406',1,0),(407,'古代家具',NULL,2,'5|332|407',1,0),(408,'邮票',NULL,2,'5|332|408',1,0),(409,'印章',NULL,2,'5|332|409',1,0),(410,'手串',NULL,2,'5|332|410',1,0),(411,'宝石',NULL,2,'5|332|411',1,0),(412,'陶瓷',NULL,2,'5|332|412',1,0),(413,'雕品',NULL,2,'5|332|413',1,0),(414,'收藏百科',NULL,2,'5|332|414',1,0),(415,'收藏随笔',NULL,2,'5|332|415',1,0),(416,'紫砂壶',NULL,2,'5|332|416',1,0),(417,'戏剧艺术理论',NULL,2,'5|333|417',1,0),(418,'京剧',NULL,2,'5|333|418',1,0),(419,'话剧',NULL,2,'5|333|419',1,0),(420,'地方剧',NULL,2,'5|333|420',1,0),(421,'歌剧/舞剧',NULL,2,'5|333|421',1,0),(422,'曲艺艺术',NULL,2,'5|333|422',1,0),(423,'杂技',NULL,2,'5|333|423',1,0),(424,'相声小品',NULL,2,'5|333|424',1,0),(425,'陶瓷漆器',NULL,2,'5|334|425',1,0),(426,'剪纸/折纸',NULL,2,'5|334|426',1,0),(427,'皮影/木偶',NULL,2,'5|334|427',1,0),(428,'竹木牙角',NULL,2,'5|334|428',1,0),(429,'织染/刺绣',NULL,2,'5|334|429',1,0),(430,'理论',NULL,2,'5|334|430',1,0),(431,'音乐',NULL,2,'5|335|431',1,0),(432,'美术',NULL,2,'5|335|432',1,0),(433,'舞蹈',NULL,2,'5|335|433',1,0),(434,'高考',NULL,2,'5|335|434',1,0),(435,'影视理论',NULL,2,'5|336|435',1,0),(436,'影视制作',NULL,2,'5|336|436',1,0),(437,'影评/影视赏析',NULL,2,'5|336|437',1,0),(438,'新媒体艺术',NULL,2,'5|336|438',1,0),(439,'舞蹈理论',NULL,2,'5|337|439',1,0),(440,'舞蹈学习',NULL,2,'5|337|440',1,0),(441,'舞蹈欣赏',NULL,2,'5|337|441',1,0),(442,'历史',NULL,1,'8|442',1,0),(443,'文化',NULL,1,'8|443',1,0),(444,'古籍',NULL,1,'8|444',1,0),(445,'政治军事',NULL,1,'8|445',1,0),(446,'法律',NULL,1,'8|446',1,0),(447,'哲学宗教',NULL,1,'8|447',1,0),(448,'社会科学',NULL,1,'8|448',1,0),(449,'心理学',NULL,1,'8|449',1,0),(450,'中国历史',NULL,2,'8|442|450',1,0),(451,'世界历史',NULL,2,'8|442|451',1,0),(452,'史家名著',NULL,2,'8|442|452',1,0),(453,'文物考古',NULL,2,'8|442|453',1,0),(454,'史学理论',NULL,2,'8|442|454',1,0),(455,'史料典籍',NULL,2,'8|442|455',1,0),(456,'地方史志',NULL,2,'8|442|456',1,0),(457,'历史地理',NULL,2,'8|442|457',1,0),(458,'民族史',NULL,2,'8|442|458',1,0),(459,'口述历史',NULL,2,'8|442|459',1,0),(460,'甲骨文丛书',NULL,2,'8|442|460',1,0),(461,'通俗说史',NULL,2,'8|442|461',1,0),(462,'历史随笔',NULL,2,'8|442|462',1,0),(463,'历史普及读物',NULL,2,'8|442|463',1,0),(464,'传统文化',NULL,2,'8|443|464',1,0),(465,'文化评述',NULL,2,'8|443|465',1,0),(466,'文化随笔',NULL,2,'8|443|466',1,0),(467,'各国文化',NULL,2,'8|443|467',1,0),(468,'神秘文化',NULL,2,'8|443|468',1,0),(469,'地域文化',NULL,2,'8|443|469',1,0),(470,'民俗文化',NULL,2,'8|443|470',1,0),(471,'民族文化',NULL,2,'8|443|471',1,0),(472,'文化史',NULL,2,'8|443|472',1,0),(473,'文化研究',NULL,2,'8|443|473',1,0),(474,'品质文化',NULL,2,'8|443|474',1,0),(475,'非物质文化遗产',NULL,2,'8|443|475',1,0),(476,'经部',NULL,2,'8|444|476',1,0),(477,'史类',NULL,2,'8|444|477',1,0),(478,'子部',NULL,2,'8|444|478',1,0),(479,'集部',NULL,2,'8|444|479',1,0),(480,'国学名家',NULL,2,'8|444|480',1,0),(481,'普及读物',NULL,2,'8|444|481',1,0),(482,'四库',NULL,2,'8|444|482',1,0),(483,'史记',NULL,2,'8|444|483',1,0),(484,'资治通鉴',NULL,2,'8|444|484',1,0),(485,'论语',NULL,2,'8|444|485',1,0),(486,'诗经',NULL,2,'8|444|486',1,0),(487,'周易',NULL,2,'8|444|487',1,0),(488,'国学典藏',NULL,2,'8|444|488',1,0),(489,'中国政治',NULL,2,'8|445|489',1,0),(490,'党政读物',NULL,2,'8|445|490',1,0),(491,'中国共产党',NULL,2,'8|445|491',1,0),(492,'党章',NULL,2,'8|445|492',1,0),(493,'世界政治',NULL,2,'8|445|493',1,0),(494,'政治理论',NULL,2,'8|445|494',1,0),(495,'公共管理',NULL,2,'8|445|495',1,0),(496,'领袖著作',NULL,2,'8|445|496',1,0),(497,'时事政治',NULL,2,'8|445|497',1,0),(498,'外交/国际关',NULL,2,'8|445|498',1,0),(499,'军事理论',NULL,2,'8|445|499',1,0),(500,'中国军事',NULL,2,'8|445|500',1,0),(501,'世界军事',NULL,2,'8|445|501',1,0),(502,'武器装备',NULL,2,'8|445|502',1,0),(503,'军事史',NULL,2,'8|445|503',1,0),(504,'中外战争纪实',NULL,2,'8|445|504',1,0),(505,'军事技术',NULL,2,'8|445|505',1,0),(506,'兵器',NULL,2,'8|445|506',1,0),(507,'反腐倡廉',NULL,2,'8|445|507',1,0),(508,'民法',NULL,2,'8|446|508',1,0),(509,'经济法',NULL,2,'8|446|509',1,0),(510,'刑法',NULL,2,'8|446|510',1,0),(511,'法律法规',NULL,2,'8|446|511',1,0),(512,'法律实务',NULL,2,'8|446|512',1,0),(513,'理论法学',NULL,2,'8|446|513',1,0),(514,'法律随笔',NULL,2,'8|446|514',1,0),(515,'法律史',NULL,2,'8|446|515',1,0),(516,'司法案例与司法解释',NULL,2,'8|446|516',1,0),(517,'普及读物',NULL,2,'8|446|517',1,0),(518,'司法考试',NULL,2,'8|446|518',1,0),(519,'哲学经典著作',NULL,2,'8|447|519',1,0),(520,'中国哲学',NULL,2,'8|447|520',1,0),(521,'西方哲学',NULL,2,'8|447|521',1,0),(522,'哲学理论与流派',NULL,2,'8|447|522',1,0),(523,'周易',NULL,2,'8|447|523',1,0),(524,'伦理学',NULL,2,'8|447|524',1,0),(525,'哲学与人生',NULL,2,'8|447|525',1,0),(526,'美学',NULL,2,'8|447|526',1,0),(527,'哲学史',NULL,2,'8|447|527',1,0),(528,'逻辑学',NULL,2,'8|447|528',1,0),(529,'思维科学',NULL,2,'8|447|529',1,0),(530,'近现代哲学',NULL,2,'8|447|530',1,0),(531,'宗教知识',NULL,2,'8|447|531',1,0),(532,'读物',NULL,2,'8|447|532',1,0),(533,'佛教',NULL,2,'8|447|533',1,0),(534,'基督教',NULL,2,'8|447|534',1,0),(535,'道教',NULL,2,'8|447|535',1,0),(536,'佛教原典',NULL,2,'8|447|536',1,0),(537,'佛教名家',NULL,2,'8|447|537',1,0),(538,'社会科学总论',NULL,2,'8|448|538',1,0),(539,'社会学',NULL,2,'8|448|539',1,0),(540,'人类学',NULL,2,'8|448|540',1,0),(541,'新闻传播',NULL,2,'8|448|541',1,0),(542,'语言文字',NULL,2,'8|448|542',1,0),(543,'名家作品集',NULL,2,'8|448|543',1,0),(544,'社会生活与社会问题',NULL,2,'8|448|544',1,0),(545,'教育',NULL,2,'8|448|545',1,0),(546,'心理学入门',NULL,2,'8|449|546',1,0),(547,'心理百科',NULL,2,'8|449|547',1,0),(548,'心理学著作',NULL,2,'8|449|548',1,0),(549,'心理咨询治疗',NULL,2,'8|449|549',1,0),(550,'心理学理论',NULL,2,'8|449|550',1,0),(551,'色彩心理学',NULL,2,'8|449|551',1,0),(552,'积极心理学',NULL,2,'8|449|552',1,0),(553,'社会心理学',NULL,2,'8|449|553',1,0),(554,'人格心理学',NULL,2,'8|449|554',1,0),(555,'儿童、青少年心理学',NULL,2,'8|449|555',1,0),(556,'心灵疗愈',NULL,2,'8|449|556',1,0),(557,'大众心理学',NULL,2,'8|449|557',1,0),(558,'心理健康',NULL,2,'8|449|558',1,0),(559,'应用心理学',NULL,2,'8|449|559',1,0),(560,'科普读物',NULL,1,'6|560',1,0),(561,'建筑',NULL,1,'6|561',1,0),(562,'医学',NULL,1,'6|562',1,0),(563,'计算机与网络',NULL,1,'6|563',1,0),(564,'工业技术',NULL,1,'6|564',1,0),(565,'自然科学',NULL,1,'6|565',1,0),(566,'农林业',NULL,1,'6|566',1,0),(567,'宇宙知识',NULL,2,'6|560|567',1,0),(568,'人类故事',NULL,2,'6|560|568',1,0),(569,'生物世界',NULL,2,'6|560|569',1,0),(570,'科学世界',NULL,2,'6|560|570',1,0),(571,'生态环境',NULL,2,'6|560|571',1,0),(572,'百科知识',NULL,2,'6|560|572',1,0),(573,'天文航天',NULL,2,'6|560|573',1,0),(574,'数理化',NULL,2,'6|560|574',1,0),(575,'经典科普读物',NULL,2,'6|560|575',1,0),(576,'神秘现象',NULL,2,'6|560|576',1,0),(577,'探索与发现',NULL,2,'6|560|577',1,0),(578,'科普图鉴',NULL,2,'6|560|578',1,0),(579,'儿童科普',NULL,2,'6|560|579',1,0),(580,'室内设计、装饰装修',NULL,2,'6|561|580',1,0),(581,'建筑外观设计',NULL,2,'6|561|581',1,0),(582,'建筑制图',NULL,2,'6|561|582',1,0),(583,'建筑结构',NULL,2,'6|561|583',1,0),(584,'建筑施工与机械设备',NULL,2,'6|561|584',1,0),(585,'城市规划、城市设计',NULL,2,'6|561|585',1,0),(586,'园林景观',NULL,2,'6|561|586',1,0),(587,'建筑工程经济与管理',NULL,2,'6|561|587',1,0),(588,'建筑史与建筑',NULL,2,'6|561|588',1,0),(589,'建筑艺术',NULL,2,'6|561|589',1,0),(590,'标准和规范',NULL,2,'6|561|590',1,0),(591,'建筑教材',NULL,2,'6|561|591',1,0),(592,'执业资格考试',NULL,2,'6|561|592',1,0),(593,'中医',NULL,2,'6|562|593',1,0),(594,'中医古书籍',NULL,2,'6|562|594',1,0),(595,'基础医学',NULL,2,'6|562|595',1,0),(596,'临床医学',NULL,2,'6|562|596',1,0),(597,'内科',NULL,2,'6|562|597',1,0),(598,'外科',NULL,2,'6|562|598',1,0),(599,'儿科',NULL,2,'6|562|599',1,0),(600,'妇产科',NULL,2,'6|562|600',1,0),(601,'护理学',NULL,2,'6|562|601',1,0),(602,'药学',NULL,2,'6|562|602',1,0),(603,'执业医师',NULL,2,'6|562|603',1,0),(604,'医学/药学考试',NULL,2,'6|562|604',1,0),(605,'医院管理',NULL,2,'6|562|605',1,0),(606,'医疗器械及使用',NULL,2,'6|562|606',1,0),(607,'临床医学理论',NULL,2,'6|562|607',1,0),(608,'医技学',NULL,2,'6|562|608',1,0),(609,'医学/药学教材',NULL,2,'6|562|609',1,0),(610,'医学工具书',NULL,2,'6|562|610',1,0),(611,'计算机理论',NULL,2,'6|563|611',1,0),(612,'硬件外部设备维修',NULL,2,'6|563|612',1,0),(613,'操作系统/系统开发',NULL,2,'6|563|613',1,0),(614,'数据库',NULL,2,'6|563|614',1,0),(615,'程序设计',NULL,2,'6|563|615',1,0),(616,'网络与数据通信',NULL,2,'6|563|616',1,0),(617,'图形图像多媒体',NULL,2,'6|563|617',1,0),(618,'CAD',NULL,2,'6|563|618',1,0),(619,'CAM',NULL,2,'6|563|619',1,0),(620,'CAE',NULL,2,'6|563|620',1,0),(621,'软件工程/开发项目管理',NULL,2,'6|563|621',1,0),(622,'行业软件及应用',NULL,2,'6|563|622',1,0),(623,'人工智能',NULL,2,'6|563|623',1,0),(624,'家庭与办公室用书',NULL,2,'6|563|624',1,0),(625,'计算机考试认证',NULL,2,'6|563|625',1,0),(626,'管理信息系统（MIS）',NULL,2,'6|563|626',1,0),(627,'地理信息管理（GIS）',NULL,2,'6|563|627',1,0),(628,'企业软件开发与实施',NULL,2,'6|563|628',1,0),(629,'信息安全',NULL,2,'6|563|629',1,0),(630,'项目管理IT',NULL,2,'6|563|630',1,0),(631,'计算机体系结构',NULL,2,'6|563|631',1,0),(632,'计算机教材',NULL,2,'6|563|632',1,0),(633,'数码全攻略',NULL,2,'6|563|633',1,0),(634,'机械/仪表工业',NULL,2,'6|564|634',1,0),(635,'电工技术',NULL,2,'6|564|635',1,0),(636,'电子通信',NULL,2,'6|564|636',1,0),(637,'化学工业',NULL,2,'6|564|637',1,0),(638,'冶金工业',NULL,2,'6|564|638',1,0),(639,'矿业工程',NULL,2,'6|564|639',1,0),(640,'石油/天然气工业',NULL,2,'6|564|640',1,0),(641,'金属学与金属工艺',NULL,2,'6|564|641',1,0),(642,'武器工业',NULL,2,'6|564|642',1,0),(643,'能源与动力工程',NULL,2,'6|564|643',1,0),(644,'原子能技术',NULL,2,'6|564|644',1,0),(645,'轻工业/手工业',NULL,2,'6|564|645',1,0),(646,'水利工程',NULL,2,'6|564|646',1,0),(647,'汽车与交通运输',NULL,2,'6|564|647',1,0),(648,'航空/航天',NULL,2,'6|564|648',1,0),(649,'安全科学',NULL,2,'6|564|649',1,0),(650,'工具书/标准',NULL,2,'6|564|650',1,0),(651,'自动化技术',NULL,2,'6|564|651',1,0),(652,'一般工业技术',NULL,2,'6|564|652',1,0),(653,'数学',NULL,2,'6|565|653',1,0),(654,'化学',NULL,2,'6|565|654',1,0),(655,'物理学',NULL,2,'6|565|655',1,0),(656,'力学',NULL,2,'6|565|656',1,0),(657,'地理学',NULL,2,'6|565|657',1,0),(658,'生物科学',NULL,2,'6|565|658',1,0),(659,'环境科学',NULL,2,'6|565|659',1,0),(660,'大气科学',NULL,2,'6|565|660',1,0),(661,'总论',NULL,2,'6|565|661',1,0),(662,'天文学',NULL,2,'6|565|662',1,0),(663,'科技史',NULL,2,'6|565|663',1,0),(664,'自然科学类考试',NULL,2,'6|565|664',1,0),(665,'畜牧、狩猎、蚕、蜂',NULL,2,'6|566|665',1,0),(666,'水产、渔业',NULL,2,'6|566|666',1,0),(667,'养殖技术',NULL,2,'6|566|667',1,0),(668,'园艺',NULL,2,'6|566|668',1,0),(669,'农业基础科学',NULL,2,'6|566|669',1,0),(670,'林业',NULL,2,'6|566|670',1,0),(671,'农业工程',NULL,2,'6|566|671',1,0),(672,'农学（农艺学）',NULL,2,'6|566|672',1,0),(673,'植物保护',NULL,2,'6|566|673',1,0),(674,'农作物',NULL,2,'6|566|674',1,0),(675,'动物医学',NULL,2,'6|566|675',1,0),(676,'励志与成功',NULL,1,'9|676',1,0),(677,'人在职场',NULL,2,'9|676|677',1,0),(678,'人际关系',NULL,2,'9|676|678',1,0),(679,'情商/情绪管理',NULL,2,'9|676|679',1,0),(680,'时间管理',NULL,2,'9|676|680',1,0),(681,'演讲与口才',NULL,2,'9|676|681',1,0),(682,'名人励志',NULL,2,'9|676|682',1,0),(683,'创业必修',NULL,2,'9|676|683',1,0),(684,'男性励志',NULL,2,'9|676|684',1,0),(685,'女性励志',NULL,2,'9|676|685',1,0),(686,'财商/财富智慧',NULL,2,'9|676|686',1,0),(687,'成功/激励',NULL,2,'9|676|687',1,0),(688,'心理与修养',NULL,2,'9|676|688',1,0),(689,'性格与习惯',NULL,2,'9|676|689',1,0),(690,'智力与谋略',NULL,2,'9|676|690',1,0),(691,'青少年励志',NULL,2,'9|676|691',1,0),(692,'励志经典著作',NULL,2,'9|676|692',1,0),(693,'名言/格言',NULL,2,'9|676|693',1,0),(694,'励志小品',NULL,2,'9|676|694',1,0),(695,'成功学',NULL,2,'9|676|695',1,0),(696,'为人处世',NULL,2,'9|676|696',1,0),(697,'文明礼仪',NULL,2,'9|676|697',1,0),(698,'心灵鸡汤',NULL,2,'9|676|698',1,0),(699,'个人形象',NULL,2,'9|676|699',1,0),(700,'管理',NULL,1,'7|700',1,0),(701,'经济金融',NULL,1,'7|701',1,0),(702,'投资理财',NULL,1,'7|702',1,0),(703,'电子商务',NULL,1,'7|703',1,0),(704,'市场营销',NULL,2,'7|700|704',1,0),(705,'人力资源',NULL,2,'7|700|705',1,0),(706,'团队组建',NULL,2,'7|700|706',1,0),(707,'战略研究',NULL,2,'7|700|707',1,0),(708,'企业兴衰',NULL,2,'7|700|708',1,0),(709,'财务管理',NULL,2,'7|700|709',1,0),(710,'企业管理',NULL,2,'7|700|710',1,0),(711,'商务沟通',NULL,2,'7|700|711',1,0),(712,'供应链',NULL,2,'7|700|712',1,0),(713,'日常管理',NULL,2,'7|700|713',1,0),(714,'MBA',NULL,2,'7|700|714',1,0),(715,'管理学',NULL,2,'7|700|715',1,0),(716,'项目管理',NULL,2,'7|700|716',1,0),(717,'管理类职称考试',NULL,2,'7|700|717',1,0),(718,'管理信息系统',NULL,2,'7|700|718',1,0),(719,'经济学理论',NULL,2,'7|701|719',1,0),(720,'经济著作',NULL,2,'7|701|720',1,0),(721,'中国经济',NULL,2,'7|701|721',1,0),(722,'世界经济',NULL,2,'7|701|722',1,0),(723,'经济史',NULL,2,'7|701|723',1,0),(724,'货币银行',NULL,2,'7|701|724',1,0),(725,'统计/审计',NULL,2,'7|701|725',1,0),(726,'经济改革',NULL,2,'7|701|726',1,0),(727,'财政税收',NULL,2,'7|701|727',1,0),(728,'国际贸易',NULL,2,'7|701|728',1,0),(729,'国际金融',NULL,2,'7|701|729',1,0),(730,'行业经济',NULL,2,'7|701|730',1,0),(731,'经济通俗读物',NULL,2,'7|701|731',1,0),(732,'经济数学',NULL,2,'7|701|732',1,0),(733,'各流派经济学',NULL,2,'7|701|733',1,0),(734,'经济法',NULL,2,'7|701|734',1,0),(735,'财税外贸保险',NULL,2,'7|701|735',1,0),(736,'个人理财',NULL,2,'7|702|736',1,0),(737,'股票/证券',NULL,2,'7|702|737',1,0),(738,'期权',NULL,2,'7|702|738',1,0),(739,'外汇',NULL,2,'7|702|739',1,0),(740,'基金',NULL,2,'7|702|740',1,0),(741,'保险',NULL,2,'7|702|741',1,0),(742,'期货',NULL,2,'7|702|742',1,0),(743,'互联网金融',NULL,2,'7|702|743',1,0),(744,'境外投资',NULL,2,'7|702|744',1,0),(745,'女性理财',NULL,2,'7|702|745',1,0),(746,'彩票',NULL,2,'7|702|746',1,0),(747,'购房置业',NULL,2,'7|702|747',1,0),(748,'纳税',NULL,2,'7|702|748',1,0),(749,'理财技巧',NULL,2,'7|702|749',1,0),(750,'投资指南',NULL,2,'7|702|750',1,0),(751,'黄金投资',NULL,2,'7|702|751',1,0),(752,'电商思维',NULL,2,'7|703|752',1,0),(753,'微信微商',NULL,2,'7|703|753',1,0),(754,'第三方平台',NULL,2,'7|703|754',1,0),(755,'O2O',NULL,2,'7|703|755',1,0),(756,'网络营销',NULL,2,'7|703|756',1,0),(757,'客户服务',NULL,2,'7|703|757',1,0),(758,'大数据',NULL,2,'7|703|758',1,0),(759,'店铺管理',NULL,2,'7|703|759',1,0),(760,'搜索优化',NULL,2,'7|703|760',1,0),(761,'移动互联网',NULL,2,'7|703|761',1,0),(762,'互联网+',NULL,2,'7|703|762',1,0);
/*!40000 ALTER TABLE `kts_category` ENABLE KEYS */;
UNLOCK TABLES;

--
-- Table structure for table `kts_city`
--

DROP TABLE IF EXISTS `kts_city`;
/*!40101 SET @saved_cs_client     = @@character_set_client */;
/*!40101 SET character_set_client = utf8 */;
CREATE TABLE `kts_city` (
  `id` smallint(11) NOT NULL AUTO_INCREMENT,
  `city_id` varchar(6) NOT NULL COMMENT '市区id',
  `city` varchar(20) NOT NULL COMMENT '市/区',
  `father` varchar(6) NOT NULL COMMENT '上级省份',
  `open` tinyint(1) DEFAULT '0' COMMENT '是否开放',
  `code` char(1) NOT NULL,
  PRIMARY KEY (`id`)
) ENGINE=InnoDB AUTO_INCREMENT=362 DEFAULT CHARSET=utf8mb4 COMMENT='市表';
/*!40101 SET character_set_client = @saved_cs_client */;

--
-- Dumping data for table `kts_city`
--

LOCK TABLES `kts_city` WRITE;
/*!40000 ALTER TABLE `kts_city` DISABLE KEYS */;
INSERT INTO `kts_city` VALUES (1,'110100','北京','110000',0,'B'),(3,'120100','天津','120000',0,'T'),(5,'130100','石家庄','130000',0,'S'),(6,'130200','唐山','130000',0,'T'),(7,'130300','秦皇岛','130000',0,'Q'),(8,'130400','邯郸','130000',0,'H'),(9,'130500','邢台','130000',0,'X'),(10,'130600','保定','130000',0,'B'),(11,'130700','张家口','130000',0,'Z'),(12,'130800','承德','130000',0,'C'),(13,'130900','沧州','130000',0,'C'),(14,'131000','廊坊','130000',0,'L'),(15,'131100','衡水','130000',0,'H'),(16,'140100','太原','140000',0,'T'),(17,'140200','大同','140000',0,'D'),(18,'140300','阳泉','140000',0,'Y'),(19,'140400','长治','140000',0,'C'),(20,'140500','晋城','140000',0,'J'),(21,'140600','朔州','140000',0,'S'),(22,'140700','晋中','140000',0,'J'),(23,'140800','运城','140000',0,'Y'),(24,'140900','忻州','140000',0,'X'),(25,'141000','临汾','140000',0,'L'),(26,'141100','吕梁','140000',0,'L'),(27,'150100','呼和浩特','150000',0,'H'),(28,'150200','包头','150000',0,'B'),(29,'150300','乌海','150000',0,'W'),(30,'150400','赤峰','150000',0,'C'),(31,'150500','通辽','150000',0,'T'),(32,'150600','鄂尔多斯','150000',0,'E'),(33,'150700','呼伦贝尔','150000',0,'H'),(34,'150800','巴彦淖尔','150000',0,'B'),(35,'150900','乌兰察布','150000',0,'W'),(36,'152200','兴安盟','150000',0,'X'),(37,'152500','锡林郭勒盟','150000',0,'X'),(38,'152900','阿拉善盟','150000',0,'A'),(39,'210100','沈阳','210000',0,'S'),(40,'210200','大连','210000',0,'D'),(41,'210300','鞍山','210000',0,'A'),(42,'210400','抚顺','210000',0,'F'),(43,'210500','本溪','210000',0,'B'),(44,'210600','丹东','210000',0,'D'),(45,'210700','锦州','210000',0,'J'),(46,'210800','营口','210000',0,'Y'),(47,'210900','阜新','210000',0,'F'),(48,'211000','辽阳','210000',0,'L'),(49,'211100','盘锦','210000',0,'P'),(50,'211200','铁岭','210000',0,'T'),(51,'211300','朝阳','210000',0,'C'),(52,'211400','葫芦岛','210000',0,'H'),(53,'220100','长春','220000',0,'C'),(54,'220200','吉林','220000',0,'J'),(55,'220300','四平','220000',0,'S'),(56,'220400','辽源','220000',0,'L'),(57,'220500','通化','220000',0,'T'),(58,'220600','白山','220000',0,'B'),(59,'220700','松原','220000',0,'S'),(60,'220800','白城','220000',0,'B'),(61,'222400','延边朝鲜族自治州','220000',0,'Y'),(62,'230100','哈尔滨','230000',0,'H'),(63,'230200','齐齐哈尔','230000',0,'Q'),(64,'230300','鸡西','230000',0,'J'),(65,'230400','鹤岗','230000',0,'H'),(66,'230500','双鸭山','230000',0,'S'),(67,'230600','大庆','230000',0,'D'),(68,'230700','伊春','230000',0,'Y'),(69,'230800','佳木斯','230000',0,'J'),(70,'230900','七台河','230000',0,'Q'),(71,'231000','牡丹江','230000',0,'M'),(72,'231100','黑河','230000',0,'H'),(73,'231200','绥化','230000',0,'S'),(74,'232700','大兴安岭地区','230000',0,'D'),(75,'310100','上海','310000',0,'S'),(77,'320100','南京','320000',0,'N'),(78,'320200','无锡','320000',0,'W'),(79,'320300','徐州','320000',0,'X'),(80,'320400','常州','320000',0,'C'),(81,'320500','苏州','320000',0,'S'),(82,'320600','南通','320000',0,'N'),(83,'320700','连云港','320000',0,'L'),(84,'320800','淮安','320000',0,'H'),(85,'320900','盐城','320000',0,'Y'),(86,'321000','扬州','320000',0,'Y'),(87,'321100','镇江','320000',0,'Z'),(88,'321200','泰州','320000',0,'T'),(89,'321300','宿迁','320000',0,'S'),(90,'330100','杭州','330000',0,'H'),(91,'330200','宁波','330000',0,'N'),(92,'330300','温州','330000',0,'W'),(93,'330400','嘉兴','330000',0,'J'),(94,'330500','湖州','330000',0,'H'),(95,'330600','绍兴','330000',0,'S'),(96,'330700','金华','330000',0,'J'),(97,'330800','衢州','330000',0,'Q'),(98,'330900','舟山','330000',0,'Z'),(99,'331000','台州','330000',0,'T'),(100,'331100','丽水','330000',0,'L'),(101,'340100','合肥','340000',0,'H'),(102,'340200','芜湖','340000',0,'W'),(103,'340300','蚌埠','340000',0,'B'),(104,'340400','淮南','340000',0,'H'),(105,'340500','马鞍山','340000',0,'M'),(106,'340600','淮北','340000',0,'H'),(107,'340700','铜陵','340000',0,'T'),(108,'340800','安庆','340000',0,'A'),(109,'341000','黄山','340000',0,'H'),(110,'341100','滁州','340000',0,'C'),(111,'341200','阜阳','340000',0,'F'),(112,'341300','宿州','340000',0,'S'),(114,'341500','六安','340000',0,'L'),(115,'341600','亳州','340000',0,'H'),(116,'341700','池州','340000',0,'C'),(117,'341800','宣城','340000',0,'X'),(118,'350100','福州','350000',0,'F'),(119,'350200','厦门','350000',0,'X'),(120,'350300','莆田','350000',0,'P'),(121,'350400','三明','350000',0,'S'),(122,'350500','泉州','350000',0,'C'),(123,'350600','漳州','350000',0,'Z'),(124,'350700','南平','350000',0,'N'),(125,'350800','龙岩','350000',1,'L'),(126,'350900','宁德','350000',0,'N'),(127,'360100','南昌','360000',0,'N'),(128,'360200','景德镇','360000',0,'J'),(129,'360300','萍乡','360000',0,'P'),(130,'360400','九江','360000',0,'J'),(131,'360500','新余','360000',0,'X'),(132,'360600','鹰潭','360000',0,'Y'),(133,'360700','赣州','360000',0,'G'),(134,'360800','吉安','360000',0,'J'),(135,'360900','宜春','360000',0,'Y'),(136,'361000','抚州','360000',0,'F'),(137,'361100','上饶','360000',0,'S'),(138,'370100','济南','370000',0,'J'),(139,'370200','青岛','370000',0,'Q'),(140,'370300','淄博','370000',0,'Z'),(141,'370400','枣庄','370000',0,'Z'),(142,'370500','东营','370000',0,'D'),(143,'370600','烟台','370000',0,'Y'),(144,'370700','潍坊','370000',0,'W'),(145,'370800','济宁','370000',0,'J'),(146,'370900','泰安','370000',0,'T'),(147,'371000','威海','370000',0,'W'),(148,'371100','日照','370000',0,'R'),(149,'371200','莱芜','370000',0,'L'),(150,'371300','临沂','370000',0,'L'),(151,'371400','德州','370000',0,'D'),(152,'371500','聊城','370000',0,'L'),(153,'371600','滨州','370000',0,'B'),(154,'371700','荷泽','370000',0,'H'),(155,'410100','郑州','410000',0,'Z'),(156,'410200','开封','410000',0,'K'),(157,'410300','洛阳','410000',0,'L'),(158,'410400','平顶山','410000',0,'P'),(159,'410500','安阳','410000',0,'A'),(160,'410600','鹤壁','410000',0,'H'),(161,'410700','新乡','410000',0,'X'),(162,'410800','焦作','410000',0,'J'),(163,'410900','濮阳','410000',0,'P'),(164,'411000','许昌','410000',0,'X'),(165,'411100','漯河','410000',0,'L'),(166,'411200','三门峡','410000',0,'S'),(167,'411300','南阳','410000',0,'N'),(168,'411400','商丘','410000',0,'S'),(169,'411500','信阳','410000',0,'X'),(170,'411600','周口','410000',0,'Z'),(171,'411700','驻马店','410000',0,'Z'),(172,'420100','武汉','420000',0,'W'),(173,'420200','黄石','420000',0,'H'),(174,'420300','十堰','420000',0,'S'),(175,'420500','宜昌','420000',0,'Y'),(176,'420600','襄樊','420000',0,'X'),(177,'420700','鄂州','420000',0,'E'),(178,'420800','荆门','420000',0,'J'),(179,'420900','孝感','420000',0,'X'),(180,'421000','荆州','420000',0,'J'),(181,'421100','黄冈','420000',0,'H'),(182,'421200','咸宁','420000',0,'X'),(183,'421300','随州','420000',0,'S'),(184,'422800','恩施土家族苗族自治州','420000',0,'E'),(185,'429200','潜江','420000',0,'Q'),(186,'430100','长沙','430000',0,'C'),(187,'430200','株洲','430000',0,'Z'),(188,'430300','湘潭','430000',0,'X'),(189,'430400','衡阳','430000',0,'H'),(190,'430500','邵阳','430000',0,'S'),(191,'430600','岳阳','430000',0,'Y'),(192,'430700','常德','430000',0,'C'),(193,'430800','张家界','430000',0,'Z'),(194,'430900','益阳','430000',0,'Y'),(195,'431000','郴州','430000',0,'C'),(196,'431100','永州','430000',0,'Y'),(197,'431200','怀化','430000',0,'H'),(198,'431300','娄底','430000',0,'L'),(199,'433100','湘西土家族苗族自治州','430000',0,'X'),(200,'440100','广州','440000',0,'G'),(201,'440200','韶关','440000',0,'S'),(202,'440300','深圳','440000',1,'S'),(203,'440400','珠海','440000',0,'Z'),(204,'440500','汕头','440000',0,'S'),(205,'440600','佛山','440000',0,'F'),(206,'440700','江门','440000',1,'J'),(207,'440800','湛江','440000',0,'Z'),(208,'440900','茂名','440000',0,'M'),(209,'441200','肇庆','440000',0,'Z'),(210,'441300','惠州','440000',1,'H'),(211,'441400','梅州','440000',1,'M'),(212,'441500','汕尾','440000',0,'S'),(213,'441600','河源','440000',0,'H'),(214,'441700','阳江','440000',0,'Y'),(215,'441800','清远','440000',0,'Q'),(216,'441900','东莞','440000',1,'D'),(217,'442000','中山','440000',0,'Z'),(218,'445100','潮州','440000',1,'C'),(219,'445200','揭阳','440000',0,'J'),(220,'445300','云浮','440000',0,'Y'),(221,'450100','南宁','450000',0,'N'),(222,'450200','柳州','450000',0,'L'),(223,'450300','桂林','450000',0,'G'),(224,'450400','梧州','450000',0,'W'),(225,'450500','北海','450000',0,'B'),(226,'450600','防城港','450000',0,'F'),(227,'450700','钦州','450000',0,'Q'),(228,'450800','贵港','450000',0,'G'),(229,'450900','玉林','450000',0,'Y'),(230,'451000','百色','450000',0,'B'),(231,'451100','贺州','450000',0,'H'),(232,'451200','河池','450000',0,'H'),(233,'451300','来宾','450000',0,'L'),(234,'451400','崇左','450000',0,'C'),(235,'460100','海口','460000',0,'H'),(236,'460200','三亚','460000',0,'S'),(237,'460300','三沙','460000',0,'S'),(238,'469000','海南','460000',0,'H'),(239,'500100','重庆','500000',0,'C'),(241,'510100','成都','510000',0,'C'),(242,'510300','自贡','510000',0,'Z'),(243,'510400','攀枝花','510000',0,'P'),(244,'510500','泸州','510000',0,'L'),(245,'510600','德阳','510000',0,'D'),(246,'510700','绵阳','510000',0,'M'),(247,'510800','广元','510000',0,'G'),(248,'510900','遂宁','510000',0,'S'),(249,'511000','内江','510000',0,'N'),(250,'511100','乐山','510000',0,'L'),(251,'511300','南充','510000',0,'N'),(252,'511400','眉山','510000',0,'M'),(253,'511500','宜宾','510000',0,'Y'),(254,'511600','广安','510000',0,'G'),(255,'511700','达州','510000',0,'D'),(256,'511800','雅安','510000',0,'Y'),(257,'511900','巴中','510000',0,'B'),(258,'512000','资阳','510000',0,'Z'),(259,'513200','阿坝藏族羌族自治州','510000',0,'A'),(260,'513300','甘孜藏族自治州','510000',0,'G'),(261,'513400','凉山彝族自治州','510000',0,'L'),(262,'520100','贵阳','520000',0,'G'),(263,'520200','六盘水','520000',0,'L'),(264,'520300','遵义','520000',0,'Z'),(265,'520400','安顺','520000',0,'A'),(266,'522200','铜仁','520000',0,'T'),(267,'522300','黔西南布依族苗族自治州','520000',0,'Q'),(268,'522400','毕节地区','520000',0,'B'),(269,'522600','黔东南苗族侗族自治州','520000',0,'Q'),(270,'522700','黔南布依族苗族自治州','520000',0,'Q'),(271,'530100','昆明','530000',0,'K'),(272,'530300','曲靖','530000',0,'Q'),(273,'530400','玉溪','530000',0,'Y'),(274,'530500','保山','530000',0,'B'),(275,'530600','昭通','530000',0,'S'),(276,'530700','丽江','530000',0,'L'),(277,'530800','思茅','530000',0,'S'),(278,'530900','临沧','530000',0,'L'),(279,'532300','楚雄彝族自治州','530000',0,'C'),(280,'532500','红河哈尼族彝族自治州','530000',0,'H'),(281,'532600','文山壮族苗族自治州','530000',0,'W'),(282,'532800','西双版纳傣族自治州','530000',0,'X'),(283,'532900','大理白族自治州','530000',0,'D'),(284,'533100','德宏傣族景颇族自治州','530000',0,'D'),(285,'533300','怒江傈僳族自治州','530000',0,'N'),(286,'533400','迪庆藏族自治州','530000',0,'D'),(287,'540100','拉萨','540000',0,'L'),(288,'542100','昌都地区','540000',0,'C'),(289,'542200','山南地区','540000',0,'S'),(290,'542300','日喀则地区','540000',0,'R'),(291,'542400','那曲地区','540000',0,'N'),(292,'542500','阿里地区','540000',0,'A'),(293,'542600','林芝地区','540000',0,'L'),(294,'610100','西安','610000',0,'X'),(295,'610200','铜川','610000',0,'T'),(296,'610300','宝鸡','610000',0,'B'),(297,'610400','咸阳','610000',0,'X'),(298,'610500','渭南','610000',0,'W'),(299,'610600','延安','610000',0,'Y'),(300,'610700','汉中','610000',0,'H'),(301,'610800','榆林','610000',0,'Y'),(302,'610900','安康','610000',0,'A'),(303,'611000','商洛','610000',0,'S'),(304,'620100','兰州','620000',0,'L'),(305,'620200','嘉峪关','620000',0,'J'),(306,'620300','金昌','620000',0,'J'),(307,'620400','白银','620000',0,'B'),(308,'620500','天水','620000',0,'T'),(309,'620600','武威','620000',0,'W'),(310,'620700','张掖','620000',0,'Z'),(311,'620800','平凉','620000',0,'P'),(312,'620900','酒泉','620000',0,'J'),(313,'621000','庆阳','620000',0,'Q'),(314,'621100','定西','620000',0,'D'),(315,'621200','陇南','620000',0,'L'),(316,'622900','临夏回族自治州','620000',0,'L'),(317,'623000','甘南藏族自治州','620000',0,'G'),(318,'630100','西宁','630000',0,'X'),(319,'632100','海东地区','630000',0,'H'),(320,'632200','海北藏族自治州','630000',0,'H'),(321,'632300','黄南藏族自治州','630000',0,'H'),(322,'632500','海南藏族自治州','630000',0,'H'),(323,'632600','果洛藏族自治州','630000',0,'G'),(324,'632700','玉树藏族自治州','630000',0,'Y'),(325,'632800','海西蒙古族藏族自治州','630000',0,'H'),(326,'640100','银川','640000',0,'Y'),(327,'640200','石嘴山','640000',0,'S'),(328,'640300','吴忠','640000',0,'W'),(329,'640400','固原','640000',0,'G'),(330,'640500','中卫','640000',0,'Z'),(331,'650100','乌鲁木齐','650000',0,'W'),(332,'650200','克拉玛依','650000',0,'K'),(333,'652100','吐鲁番地区','650000',0,'T'),(334,'652200','哈密地区','650000',0,'H'),(335,'652300','昌吉回族自治州','650000',0,'C'),(336,'652700','博尔塔拉蒙古自治州','650000',0,'B'),(337,'652800','巴音郭楞蒙古自治州','650000',0,'B'),(338,'652900','阿克苏地区','650000',0,'A'),(339,'653000','克孜勒苏柯尔克孜自治州','650000',0,'K'),(340,'653100','喀什地区','650000',0,'K'),(341,'653200','和田地区','650000',0,'H'),(342,'654000','伊犁哈萨克自治州','650000',0,'Y'),(343,'654200','塔城地区','650000',0,'T'),(344,'654300','阿勒泰地区','650000',0,'A'),(345,'659000','新疆维吾尔自治区','650000',0,'X'),(346,'419000','济源','410000',0,'J'),(347,'429400','神农架林区','420000',0,'S'),(348,'429300','天门','420000',0,'T'),(349,'429100','仙桃','420000',0,'X'),(350,'710100','台北','710000',0,'T'),(351,'710200','高雄','710000',0,'G'),(352,'710300','基隆','710000',0,'J'),(353,'710400','台中','710000',0,'T'),(354,'710500','台南','710000',0,'T'),(355,'710600','新竹','710000',0,'X'),(356,'710700','嘉义','710000',0,'J'),(357,'719000','台湾','710000',0,'T'),(358,'810100','香港岛','810000',0,'X'),(359,'810200','九龙','810000',0,'J'),(360,'810300','新界','810000',0,'X'),(361,'820100','澳门','820000',0,'A');
/*!40000 ALTER TABLE `kts_city` ENABLE KEYS */;
UNLOCK TABLES;

--
-- Table structure for table `kts_collect`
--

DROP TABLE IF EXISTS `kts_collect`;
/*!40101 SET @saved_cs_client     = @@character_set_client */;
/*!40101 SET character_set_client = utf8 */;
CREATE TABLE `kts_collect` (
  `id` int(10) unsigned NOT NULL AUTO_INCREMENT,
  `type` tinyint(3) unsigned NOT NULL DEFAULT '1' COMMENT '收藏类型 1为图书 2 为评论 3为店铺',
  `user_id` int(10) unsigned NOT NULL COMMENT '收藏人',
  `book_id` int(10) unsigned NOT NULL DEFAULT '0',
  `book_number` bigint(22) unsigned NOT NULL DEFAULT '0' COMMENT '书号',
  `topic_id` int(10) unsigned DEFAULT NULL COMMENT '话题ID',
  `shop_id` int(10) unsigned DEFAULT NULL COMMENT '店铺ID',
  `collect_time` int(10) unsigned NOT NULL DEFAULT '0' COMMENT '收藏时间',
  PRIMARY KEY (`id`)
) ENGINE=InnoDB AUTO_INCREMENT=20 DEFAULT CHARSET=utf8mb4;
/*!40101 SET character_set_client = @saved_cs_client */;

--
-- Dumping data for table `kts_collect`
--

LOCK TABLES `kts_collect` WRITE;
/*!40000 ALTER TABLE `kts_collect` DISABLE KEYS */;
INSERT INTO `kts_collect` VALUES (1,1,6,2,9787806536711,NULL,NULL,1484071922),(2,1,2,1,9787807661979,NULL,NULL,1484077989),(3,1,1,1,9787807661979,NULL,NULL,1484097352),(5,1,12,1,9787807661979,NULL,NULL,1484147998),(6,1,12,5,9787119075341,NULL,NULL,1484148044),(8,1,7,3,9787508620831,NULL,NULL,1484184233),(9,1,3,1,9787807661979,NULL,NULL,1484317974),(10,2,14,0,0,9,NULL,1484537066),(15,2,12,0,0,14,NULL,1486108047),(17,1,18,67,9787505735859,NULL,NULL,1486446888),(19,1,4,74,9787806538302,NULL,NULL,1487320590);
/*!40000 ALTER TABLE `kts_collect` ENABLE KEYS */;
UNLOCK TABLES;

--
-- Table structure for table `kts_column_tag`
--

DROP TABLE IF EXISTS `kts_column_tag`;
/*!40101 SET @saved_cs_client     = @@character_set_client */;
/*!40101 SET character_set_client = utf8 */;
CREATE TABLE `kts_column_tag` (
  `tag_id` int(10) unsigned NOT NULL AUTO_INCREMENT,
  `tag_name` varchar(50) NOT NULL COMMENT '标签名称',
  `user_id` int(10) unsigned NOT NULL DEFAULT '0' COMMENT '用户id',
  `create_time` int(10) unsigned NOT NULL COMMENT '创建时间',
  `is_show` tinyint(1) NOT NULL DEFAULT '1' COMMENT '是否展示',
  PRIMARY KEY (`tag_id`),
  KEY `user_id` (`user_id`) USING BTREE
) ENGINE=InnoDB AUTO_INCREMENT=7 DEFAULT CHARSET=utf8mb4 COMMENT='栏目标签表';
/*!40101 SET character_set_client = @saved_cs_client */;

--
-- Dumping data for table `kts_column_tag`
--

LOCK TABLES `kts_column_tag` WRITE;
/*!40000 ALTER TABLE `kts_column_tag` DISABLE KEYS */;
INSERT INTO `kts_column_tag` VALUES (1,'恐怖惊悚',13,1486716684,1),(2,'文学',13,1486716716,1),(3,'小说',13,1486716725,1),(4,'历史',13,1486716748,1),(5,'数学',13,1486717362,1),(6,'语文',13,1486717541,1);
/*!40000 ALTER TABLE `kts_column_tag` ENABLE KEYS */;
UNLOCK TABLES;

--
-- Table structure for table `kts_comment_click`
--

DROP TABLE IF EXISTS `kts_comment_click`;
/*!40101 SET @saved_cs_client     = @@character_set_client */;
/*!40101 SET character_set_client = utf8 */;
CREATE TABLE `kts_comment_click` (
  `id` int(10) unsigned NOT NULL AUTO_INCREMENT,
  `comment_id` int(10) unsigned NOT NULL COMMENT '评论ID',
  `sum` int(10) unsigned NOT NULL DEFAULT '0' COMMENT '点赞总数',
  `is_show` tinyint(1) NOT NULL DEFAULT '1' COMMENT '是否展示',
  PRIMARY KEY (`id`)
) ENGINE=InnoDB DEFAULT CHARSET=utf8mb4 COMMENT='评论点赞变';
/*!40101 SET character_set_client = @saved_cs_client */;

--
-- Dumping data for table `kts_comment_click`
--

LOCK TABLES `kts_comment_click` WRITE;
/*!40000 ALTER TABLE `kts_comment_click` DISABLE KEYS */;
/*!40000 ALTER TABLE `kts_comment_click` ENABLE KEYS */;
UNLOCK TABLES;

--
-- Table structure for table `kts_config`
--

DROP TABLE IF EXISTS `kts_config`;
/*!40101 SET @saved_cs_client     = @@character_set_client */;
/*!40101 SET character_set_client = utf8 */;
CREATE TABLE `kts_config` (
  `config_id` int(11) NOT NULL AUTO_INCREMENT COMMENT '配置id',
  `config_name` varchar(255) NOT NULL COMMENT '配置名称',
  `config_field` varchar(255) NOT NULL COMMENT '配置英文名称，程序里C函数使用的名称',
  `config_value` text NOT NULL COMMENT '配置值',
  `config_value_type` tinyint(4) NOT NULL COMMENT '配置值的类型，1字符串，2开关',
  `config_type` tinyint(4) NOT NULL COMMENT '配置的类型',
  PRIMARY KEY (`config_id`)
) ENGINE=InnoDB DEFAULT CHARSET=utf8mb4;
/*!40101 SET character_set_client = @saved_cs_client */;

--
-- Dumping data for table `kts_config`
--

LOCK TABLES `kts_config` WRITE;
/*!40000 ALTER TABLE `kts_config` DISABLE KEYS */;
/*!40000 ALTER TABLE `kts_config` ENABLE KEYS */;
UNLOCK TABLES;

--
-- Table structure for table `kts_country`
--

DROP TABLE IF EXISTS `kts_country`;
/*!40101 SET @saved_cs_client     = @@character_set_client */;
/*!40101 SET character_set_client = utf8 */;
CREATE TABLE `kts_country` (
  `country_id` tinyint(3) NOT NULL AUTO_INCREMENT,
  `code` varchar(16) NOT NULL,
  `name_chinese` varchar(128) NOT NULL,
  `name_english` varchar(128) NOT NULL,
  `sorts` int(10) unsigned NOT NULL DEFAULT '0' COMMENT '排序',
  `is_show` tinyint(1) NOT NULL DEFAULT '1' COMMENT '是否显示',
  `is_book_set` tinyint(2) NOT NULL DEFAULT '0' COMMENT '图书筛选时使用(1出现在筛选中,0其他)',
  PRIMARY KEY (`country_id`)
) ENGINE=InnoDB AUTO_INCREMENT=127 DEFAULT CHARSET=utf8mb4;
/*!40101 SET character_set_client = @saved_cs_client */;

--
-- Dumping data for table `kts_country`
--

LOCK TABLES `kts_country` WRITE;
/*!40000 ALTER TABLE `kts_country` DISABLE KEYS */;
INSERT INTO `kts_country` VALUES (1,'00','英国','Unknown Country',126,1,1),(2,'TT','千里達與托貝哥共和國 (Trinidad and Tobago)','Trinidad and Tobago',0,1,0),(3,'TV','土瓦魯 (Tuvalu)','Tuvalu',0,1,0),(4,'TR','土耳其 (Türkiye)','Turkey (Türkiye)',0,1,0),(5,'TM','土庫曼 (Türkmenistan)','Turkmenistan (Türkmenistan)',0,1,0),(6,'BT','不丹 (འབྲུག་ཡུལ)','Bhutan (འབྲུག་ཡུལ)',0,1,0),(7,'CF','中非共和國 (République Centrafricaine)','Central African Republic (République Centrafricaine)',0,1,0),(8,'CN','中国','China (中国)',127,1,1),(9,'DK','丹麥 (Danmark)','Denmark (Danmark)',0,1,0),(10,'EC','厄瓜多 (Ecuador)','Ecuador',0,1,0),(11,'ER','厄利垂亞 (Ertra)','Eritrea (Ertra)',0,1,0),(12,'PG','巴布亞紐幾內亞 (Papua New Guinea)','Papua New Guinea',0,1,0),(13,'BR','巴西 (Brasil)','Brazil (Brasil)',0,1,0),(14,'BB','巴貝多 (Barbados)','Barbados',0,1,0),(15,'PY','巴拉圭 (Paraguay)','Paraguay',0,1,0),(16,'BH','巴林 (البحرين)','Bahrain (البحرين)',0,1,0),(17,'BS','巴哈馬 (Bahamas)','Bahamas',0,1,0),(18,'PA','巴拿馬 (Panamá)','Panama (Panamá)',0,1,0),(19,'PS','巴勒斯坦領土 (Palestinian Territory)','Palestinian Territory',0,1,0),(20,'PK','巴基斯坦 (پاکستان)','Pakistan (پاکستان)',0,1,0),(21,'JP','日本','Japan (日本)',125,1,1),(22,'BE','比利時 (België)','Belgium (België)',0,1,0),(23,'JM','牙買加 (Jamaica)','Jamaica',0,1,0),(24,'IL','以色列 (ישראל)','Israel (ישראל)',0,1,0),(25,'CA','加拿大 (Canada)','Canada',0,1,0),(26,'GA','加彭 (Gabon)','Gabon',0,1,0),(27,'MP','北馬里亞納群島 (Northern Mariana Islands)','Northern Mariana Islands',0,1,0),(28,'KP','北韓 (조선)','North Korea (조선)',123,1,0),(29,'QA','卡達 (قطر)','Qatar (قطر)',0,1,0),(30,'CU','古巴 (Cuba)','Cuba',0,1,0),(31,'SZ','史瓦濟蘭 (Swaziland)','Swaziland',0,1,0),(32,'TW','港澳台','Taiwan (台灣)',120,1,1),(33,'NE','尼日 (Niger)','Niger',0,1,0),(34,'NI','尼加拉瓜 (Nicaragua)','Nicaragua',0,1,0),(35,'NP','尼泊爾 (नेपाल)','Nepal (नेपाल)',0,1,0),(36,'BV','布干維島 (Bouvet Island)','Bouvet Island',0,1,0),(37,'BF','布吉納法索 (Burkina Faso)','Burkina Faso',0,1,0),(38,'GT','瓜地馬拉 (Guatemala)','Guatemala',0,1,0),(39,'GP','瓜達羅普 (Guadeloupe)','Guadeloupe',0,1,0),(40,'WF','瓦利斯群島和富圖納群島 (Wallis and Futuna)','Wallis and Futuna',0,1,0),(41,'GM','甘比亞 (Gambia)','Gambia',0,1,0),(42,'BY','白俄羅斯 (Белару́сь)','Belarus (Белару́сь)',0,1,0),(43,'PN','皮特康 (Pitcairn)','Pitcairn',0,1,0),(44,'LT','立陶宛 (Lietuva)','Lithuania (Lietuva)',0,1,0),(45,'IQ','伊拉克 (العراق)','Iraq (العراق)',0,1,0),(46,'IR','伊朗 (ایران)','Iran (ایران)',0,1,0),(47,'IS','冰島 (Ísland)','Iceland (Ísland)',0,1,0),(48,'LI','列支敦士登 (Liechtenstein)','Liechtenstein',0,1,0),(49,'HU','匈牙利 (Magyarország)','Hungary (Magyarország)',0,1,0),(50,'ID','印尼 (Indonesia)','Indonesia',0,1,0),(51,'IN','印度 (India)','India',110,1,1),(52,'DJ','吉布地 (Djibouti)','Djibouti',0,1,0),(53,'KI','吉里巴斯 (Kiribati)','Kiribati',0,1,0),(54,'KG','吉爾吉斯 (Кыргызстан)','Kyrgyzstan (Кыргызстан)',0,1,0),(55,'DO','多明尼加共和國 (Dominican Republic)','Dominican Republic',0,1,0),(56,'DM','多明尼克 (Dominica)','Dominica',0,1,0),(57,'TG','多哥 (Togo)','Togo',0,1,0),(58,'AG','安地卡及巴布達 (Antigua and Barbuda)','Antigua and Barbuda',0,1,0),(59,'AO','安哥拉 (Angola)','Angola',0,1,0),(60,'AD','安道爾共和國 (Andorra)','Andorra',0,1,0),(61,'AI','安歸拉島 (Anguilla)','Anguilla',0,1,0),(62,'TK','托克勞群島 (Tokelau)','Tokelau',0,1,0),(63,'BM','百慕達 (Bermuda)','Bermuda',0,1,0),(64,'ET','衣索比亞 (Ityop&#39;iya)','Ethiopia (Ityop&#39;iya)',0,1,0),(65,'ES','西班牙 (España)','Spain (España)',0,1,0),(66,'EH','西撒哈拉 (الصحراء الغربية)','Western Sahara (الصحراء الغربية)',0,1,0),(67,'HR','克羅埃西亞 (Hrvatska)','Croatia (Hrvatska)',0,1,0),(68,'SJ','冷岸及央棉群島 (Svalbard and Jan Mayen)','Svalbard and Jan Mayen',0,1,0),(69,'LY','利比亞 (ليبيا)','Libya (ليبيا)',0,1,0),(70,'HN','宏都拉斯 (Honduras)','Honduras',0,1,0),(71,'GR','希臘 (&#39;Eλλας)','Greece (&#39;Eλλας)',0,1,0),(72,'SA','沙烏地阿拉伯 (المملكة العربية السعودية)','Saudi Arabia (المملكة العربية السعودية)',0,1,0),(73,'BN','汶萊 (Brunei Darussalam)','Brunei (Brunei Darussalam)',0,1,0),(74,'BZ','貝里斯 (Belize)','Belize',0,1,0),(75,'BJ','貝南 (Bénin)','Benin (Bénin)',0,1,0),(76,'GQ','赤道幾內亞 (Guinea Ecuatorial)','Equatorial Guinea (Guinea Ecuatorial)',0,1,0),(77,'ZW','辛巴威 (Zimbabwe)','Zimbabwe',0,1,0),(78,'AM','亞美尼亞 (Հայաստան)','Armenia (Հայաստան)',0,1,0),(79,'AZ','亞賽拜然 (Azərbaycan)','Azerbaijan (Azərbaycan)',0,1,0),(80,'TZ','坦尚尼亞 (Tanzania)','Tanzania',0,1,0),(81,'NG','奈及利亞 (Nigeria)','Nigeria',0,1,0),(82,'VE','委內瑞拉 (Venezuela)','Venezuela',0,1,0),(83,'BD','孟加拉 (বাংলাদেশ)','Bangladesh (বাংলাদেশ)',0,1,0),(84,'ZM','尚比亞 (Zambia)','Zambia',0,1,0),(85,'PW','帛琉 (Belau)','Palau (Belau)',0,1,0),(86,'SB','所羅門群島 (Solomon Islands)','Solomon Islands',0,1,0),(87,'LV','拉脫維亞 (Latvija)','Latvia (Latvija)',0,1,0),(88,'TO','東加 (Tonga)','Tonga',0,1,0),(89,'TL','東帝汶 (Timor-Leste)','East Timor (Timor-Leste)',0,1,0),(90,'BA','波士尼亞-赫塞哥維納 (Bosna i Hercegovina)','Bosnia and Herzegovina (Bosna i Hercegovina)',0,1,0),(91,'BW','波札那 (Botswana)','Botswana',0,1,0),(92,'PR','波多黎克 (Puerto Rico)','Puerto Rico',0,1,0),(93,'PL','波蘭 (Polska)','Poland (Polska)',0,1,0),(94,'FR','法国','France',121,1,1),(95,'FO','法羅群島 (Faroe Islands)','Faroe Islands',0,1,0),(96,'GF','法屬圭亞那 (French Guiana)','French Guiana',0,1,0),(97,'PF','法屬波里尼西亞 (French Polynesia)','French Polynesia',0,1,0),(98,'TF','法屬南部屬地 (French Southern Territories)','French Southern Territories',0,1,0),(99,'GI','直布羅陀 (Gibraltar)','Gibraltar',0,1,0),(100,'KE','肯亞 (Kenya)','Kenya',0,1,0),(101,'FI','芬蘭 (Suomi)','Finland (Suomi)',0,1,0),(102,'AE','阿拉伯聯合大公國 (الإمارات العربيّة المتّحدة)','United Arab Emirates (الإمارات العربيّة المتّحدة)',0,1,0),(103,'AR','阿根廷 (Argentina)','Argentina',0,1,0),(104,'OM','阿曼 (عمان)','Oman (عمان)',0,1,0),(105,'AF','阿富汗 (افغانستان)','Afghanistan (افغانستان)',0,1,0),(106,'DZ','阿爾及利亞 (الجزائر)','Algeria (الجزائر)',0,1,0),(107,'AL','阿爾巴尼亞 (Shqipëria)','Albania (Shqipëria)',0,1,0),(108,'AW','阿魯巴島 (Aruba)','Aruba',0,1,0),(109,'BG','保加利亞 (България)','Bulgaria (България)',0,1,0),(110,'RU','俄羅斯 (Россия)','Russia (Россия)',0,1,0),(111,'ZA','南非 (South Africa)','South Africa',0,1,0),(112,'GS','南喬治亞與南桑威奇群島 (South Georgia and the South Sandwich Islands)','South Georgia and the South Sandwich Islands',0,1,0),(113,'AQ','南極洲 (Antarctica)','Antarctica',0,1,0),(114,'KR','韩国','South Korea (한국)',102,1,1),(115,'KZ','哈薩克 (Қазақстан)','Kazakhstan (Қазақстан)',0,1,0),(116,'KH','柬埔寨 (Kampuchea)','Cambodia (Kampuchea)',0,1,0),(117,'TD','查德 (Tchad)','Chad (Tchad)',0,1,0),(118,'BO','玻利維亞 (Bolivia)','Bolivia',0,1,0),(119,'CC','科克群島 (Cocos Islands)','Cocos Islands',0,1,0),(120,'CK','科克群島 (Cook Islands)','Cook Islands',0,1,0),(121,'KW','科威特 (الكويت)','Kuwait (الكويت)',0,1,0),(122,'KM','科摩洛 (Comores)','Comoros (Comores)',0,1,0),(123,'TN','突尼西亞 (تونس)','Tunisia (تونس)',0,1,0),(124,'JO','約旦 (الاردن)','Jordan (الاردن)',0,1,0),(125,'US','美国','United States',124,1,1),(126,'UM','美屬外部小群島 (United States minor outlying islands)','United States minor outlying islands',0,1,0),(127,'VI','美屬維京群島 (Virgin Islands, U.S.)','Virgin Islands, U.S.',0,1,0);
/*!40000 ALTER TABLE `kts_country` ENABLE KEYS */;
UNLOCK TABLES;

--
-- Table structure for table `kts_coupon`
--

DROP TABLE IF EXISTS `kts_coupon`;
/*!40101 SET @saved_cs_client     = @@character_set_client */;
/*!40101 SET character_set_client = utf8 */;
CREATE TABLE `kts_coupon` (
  `id` int(8) NOT NULL AUTO_INCREMENT COMMENT '表id',
  `name` varchar(50) NOT NULL COMMENT '优惠券名字',
  `type` tinyint(1) NOT NULL DEFAULT '0' COMMENT '发放类型 0面额模板1 按用户发放 2 注册 3 邀请 4 线下发放',
  `money` decimal(10,2) NOT NULL DEFAULT '0.00' COMMENT '优惠券金额',
  `integration` int(10) unsigned NOT NULL DEFAULT '0' COMMENT '需要兑换的积分',
  `createnum` int(11) unsigned DEFAULT '0' COMMENT '发放数量',
  `send_num` int(11) unsigned DEFAULT '0' COMMENT '已领取数量',
  `use_num` int(11) unsigned DEFAULT '0' COMMENT '已使用数量',
  `send_start_time` int(11) DEFAULT NULL COMMENT '发放开始时间',
  `send_end_time` int(11) DEFAULT NULL COMMENT '发放结束时间',
  `use_start_time` int(11) DEFAULT NULL COMMENT '使用开始时间',
  `use_end_time` int(11) DEFAULT NULL COMMENT '使用结束时间',
  `add_time` int(11) DEFAULT NULL COMMENT '添加时间',
  PRIMARY KEY (`id`)
) ENGINE=InnoDB DEFAULT CHARSET=utf8mb4;
/*!40101 SET character_set_client = @saved_cs_client */;

--
-- Dumping data for table `kts_coupon`
--

LOCK TABLES `kts_coupon` WRITE;
/*!40000 ALTER TABLE `kts_coupon` DISABLE KEYS */;
/*!40000 ALTER TABLE `kts_coupon` ENABLE KEYS */;
UNLOCK TABLES;

--
-- Table structure for table `kts_coupon_list`
--

DROP TABLE IF EXISTS `kts_coupon_list`;
/*!40101 SET @saved_cs_client     = @@character_set_client */;
/*!40101 SET character_set_client = utf8 */;
CREATE TABLE `kts_coupon_list` (
  `id` int(8) NOT NULL AUTO_INCREMENT COMMENT '表id',
  `cid` int(8) NOT NULL DEFAULT '0' COMMENT '优惠券 对应coupon表id',
  `type` tinyint(1) NOT NULL DEFAULT '0' COMMENT '发放类型 1 积分兑换',
  `uid` int(8) NOT NULL DEFAULT '0' COMMENT '用户id',
  `order_id` int(8) NOT NULL DEFAULT '0' COMMENT '订单id',
  `use_time` int(11) NOT NULL DEFAULT '0' COMMENT '使用时间',
  `code` varchar(10) DEFAULT '' COMMENT '优惠券兑换码',
  `send_time` int(11) NOT NULL DEFAULT '0' COMMENT '发放时间',
  PRIMARY KEY (`id`)
) ENGINE=InnoDB DEFAULT CHARSET=utf8mb4;
/*!40101 SET character_set_client = @saved_cs_client */;

--
-- Dumping data for table `kts_coupon_list`
--

LOCK TABLES `kts_coupon_list` WRITE;
/*!40000 ALTER TABLE `kts_coupon_list` DISABLE KEYS */;
/*!40000 ALTER TABLE `kts_coupon_list` ENABLE KEYS */;
UNLOCK TABLES;

--
-- Table structure for table `kts_delivery_doc`
--

DROP TABLE IF EXISTS `kts_delivery_doc`;
/*!40101 SET @saved_cs_client     = @@character_set_client */;
/*!40101 SET character_set_client = utf8 */;
CREATE TABLE `kts_delivery_doc` (
  `id` int(11) unsigned NOT NULL AUTO_INCREMENT COMMENT '发货单ID',
  `order_id` int(11) unsigned NOT NULL COMMENT '订单ID',
  `order_sn` varchar(64) NOT NULL COMMENT '订单编号',
  `user_id` int(11) unsigned NOT NULL COMMENT '用户ID',
  `admin_id` int(11) unsigned NOT NULL DEFAULT '0' COMMENT '管理员ID',
  `consignee` varchar(64) NOT NULL COMMENT '收货人',
  `zipcode` varchar(6) DEFAULT NULL COMMENT '邮编',
  `mobile` varchar(20) NOT NULL COMMENT '联系手机',
  `country` int(11) unsigned NOT NULL COMMENT '国ID',
  `province` int(11) unsigned NOT NULL COMMENT '省ID',
  `city` int(11) unsigned NOT NULL COMMENT '市ID',
  `district` int(11) unsigned NOT NULL COMMENT '区ID',
  `address` varchar(255) NOT NULL COMMENT '地址',
  `shipping_code` varchar(32) DEFAULT NULL COMMENT '物流code',
  `shipping_name` varchar(64) DEFAULT NULL COMMENT '快递名称',
  `shipping_price` decimal(10,2) DEFAULT '0.00' COMMENT '运费',
  `invoice_no` varchar(255) NOT NULL COMMENT '物流单号',
  `tel` varchar(64) DEFAULT NULL COMMENT '座机电话',
  `note` text COMMENT '管理员添加的备注信息',
  `best_time` int(11) DEFAULT NULL COMMENT '友好收货时间',
  `create_time` int(11) NOT NULL COMMENT '创建时间',
  `is_del` tinyint(1) DEFAULT '0' COMMENT '是否删除',
  PRIMARY KEY (`id`),
  KEY `order_id` (`order_id`) USING BTREE,
  KEY `user_id` (`user_id`) USING BTREE
) ENGINE=InnoDB DEFAULT CHARSET=utf8mb4 COMMENT='发货单';
/*!40101 SET character_set_client = @saved_cs_client */;

--
-- Dumping data for table `kts_delivery_doc`
--

LOCK TABLES `kts_delivery_doc` WRITE;
/*!40000 ALTER TABLE `kts_delivery_doc` DISABLE KEYS */;
/*!40000 ALTER TABLE `kts_delivery_doc` ENABLE KEYS */;
UNLOCK TABLES;

--
-- Table structure for table `kts_ebook_read`
--

DROP TABLE IF EXISTS `kts_ebook_read`;
/*!40101 SET @saved_cs_client     = @@character_set_client */;
/*!40101 SET character_set_client = utf8 */;
CREATE TABLE `kts_ebook_read` (
  `read_id` mediumint(8) unsigned NOT NULL AUTO_INCREMENT COMMENT '自增ID号',
  `user_id` int(10) unsigned NOT NULL DEFAULT '0' COMMENT '用户的id',
  `book_id` mediumint(8) unsigned NOT NULL DEFAULT '0' COMMENT '书本的id',
  `addtime` int(10) unsigned NOT NULL DEFAULT '0' COMMENT '添加时间',
  `updtime` int(10) unsigned NOT NULL DEFAULT '0' COMMENT '修改时间',
  `schedule` tinyint(3) unsigned NOT NULL DEFAULT '0' COMMENT '阅读进度',
  `is_buy` tinyint(1) unsigned NOT NULL DEFAULT '0' COMMENT '是否可以购买 1是 0否',
  `is_show` tinyint(1) unsigned NOT NULL DEFAULT '1' COMMENT '是否显示 1是 0 否',
  PRIMARY KEY (`read_id`),
  KEY `user_id` (`user_id`) USING BTREE,
  KEY `book_id` (`book_id`) USING BTREE
) ENGINE=InnoDB DEFAULT CHARSET=utf8mb4 COMMENT='用户读取电子书表';
/*!40101 SET character_set_client = @saved_cs_client */;

--
-- Dumping data for table `kts_ebook_read`
--

LOCK TABLES `kts_ebook_read` WRITE;
/*!40000 ALTER TABLE `kts_ebook_read` DISABLE KEYS */;
/*!40000 ALTER TABLE `kts_ebook_read` ENABLE KEYS */;
UNLOCK TABLES;

--
-- Table structure for table `kts_feedback`
--

DROP TABLE IF EXISTS `kts_feedback`;
/*!40101 SET @saved_cs_client     = @@character_set_client */;
/*!40101 SET character_set_client = utf8 */;
CREATE TABLE `kts_feedback` (
  `fd_id` mediumint(10) unsigned NOT NULL AUTO_INCREMENT,
  `user_id` int(10) unsigned DEFAULT NULL COMMENT '用户ID',
  `fd_content` text COMMENT '留言内容',
  `fd_time` int(10) unsigned DEFAULT NULL COMMENT '添加时间',
  `is_check` tinyint(4) DEFAULT '0' COMMENT '是否处理 1已经处理,0未处理',
  `remarks` varchar(255) DEFAULT NULL COMMENT '备注说明',
  PRIMARY KEY (`fd_id`)
) ENGINE=InnoDB AUTO_INCREMENT=2 DEFAULT CHARSET=utf8mb4 COMMENT='反馈表';
/*!40101 SET character_set_client = @saved_cs_client */;

--
-- Dumping data for table `kts_feedback`
--

LOCK TABLES `kts_feedback` WRITE;
/*!40000 ALTER TABLE `kts_feedback` DISABLE KEYS */;
INSERT INTO `kts_feedback` VALUES (1,2,'希望app变得更好',1484081285,0,NULL);
/*!40000 ALTER TABLE `kts_feedback` ENABLE KEYS */;
UNLOCK TABLES;

--
-- Table structure for table `kts_groups`
--

DROP TABLE IF EXISTS `kts_groups`;
/*!40101 SET @saved_cs_client     = @@character_set_client */;
/*!40101 SET character_set_client = utf8 */;
CREATE TABLE `kts_groups` (
  `group_id` int(10) unsigned NOT NULL AUTO_INCREMENT,
  `name` varchar(50) NOT NULL COMMENT '小组名',
  `imageurl` varchar(200) DEFAULT NULL COMMENT '小组头像',
  `introduce` varchar(255) NOT NULL COMMENT '小组简介',
  `is_show` tinyint(1) NOT NULL DEFAULT '1' COMMENT '是否展示',
  `follow_number` int(8) unsigned DEFAULT '0' COMMENT '关注人数',
  `create_time` int(8) unsigned NOT NULL COMMENT '创建时间',
  PRIMARY KEY (`group_id`)
) ENGINE=InnoDB DEFAULT CHARSET=utf8mb4 COMMENT='社区小组表';
/*!40101 SET character_set_client = @saved_cs_client */;

--
-- Dumping data for table `kts_groups`
--

LOCK TABLES `kts_groups` WRITE;
/*!40000 ALTER TABLE `kts_groups` DISABLE KEYS */;
/*!40000 ALTER TABLE `kts_groups` ENABLE KEYS */;
UNLOCK TABLES;

--
-- Table structure for table `kts_guide_page`
--

DROP TABLE IF EXISTS `kts_guide_page`;
/*!40101 SET @saved_cs_client     = @@character_set_client */;
/*!40101 SET character_set_client = utf8 */;
CREATE TABLE `kts_guide_page` (
  `id` int(10) unsigned NOT NULL AUTO_INCREMENT,
  `title` varchar(255) DEFAULT NULL COMMENT '标题',
  `imageurl` varchar(200) DEFAULT NULL COMMENT '图片',
  `desc` varchar(255) DEFAULT NULL COMMENT '简介',
  `is_show` tinyint(1) NOT NULL DEFAULT '1' COMMENT '是否展示',
  `type` tinyint(1) NOT NULL DEFAULT '1' COMMENT '类型:1app',
  `sorts` tinyint(2) NOT NULL DEFAULT '0' COMMENT '排序',
  PRIMARY KEY (`id`)
) ENGINE=InnoDB AUTO_INCREMENT=2 DEFAULT CHARSET=utf8mb4 COMMENT='引导页面表';
/*!40101 SET character_set_client = @saved_cs_client */;

--
-- Dumping data for table `kts_guide_page`
--

LOCK TABLES `kts_guide_page` WRITE;
/*!40000 ALTER TABLE `kts_guide_page` DISABLE KEYS */;
INSERT INTO `kts_guide_page` VALUES (1,'引导页1','Fju-lx_zUiNBPDUK9WIEEEo',NULL,1,1,0);
/*!40000 ALTER TABLE `kts_guide_page` ENABLE KEYS */;
UNLOCK TABLES;

--
-- Table structure for table `kts_history`
--

DROP TABLE IF EXISTS `kts_history`;
/*!40101 SET @saved_cs_client     = @@character_set_client */;
/*!40101 SET character_set_client = utf8 */;
CREATE TABLE `kts_history` (
  `history_id` int(10) NOT NULL AUTO_INCREMENT,
  `ad_year` varchar(40) NOT NULL COMMENT '公元年份',
  `lunar_year` varchar(40) NOT NULL COMMENT '农历年份',
  `calendar_name` varchar(64) NOT NULL DEFAULT '' COMMENT '纪年名称',
  `dynasty` varchar(20) NOT NULL DEFAULT '' COMMENT '朝代',
  `posthumous` varchar(20) NOT NULL DEFAULT '' COMMENT '庙号',
  `era` varchar(20) NOT NULL DEFAULT '' COMMENT '年号',
  `is_show` tinyint(1) NOT NULL DEFAULT '1' COMMENT '是否展示',
  PRIMARY KEY (`history_id`)
) ENGINE=InnoDB AUTO_INCREMENT=4090 DEFAULT CHARSET=utf8mb4 COMMENT='历史表';
/*!40101 SET character_set_client = @saved_cs_client */;

--
-- Dumping data for table `kts_history`
--

LOCK TABLES `kts_history` WRITE;
/*!40000 ALTER TABLE `kts_history` DISABLE KEYS */;
INSERT INTO `kts_history` VALUES (1,'距今70-20万年','','','','','',0),(2,'距今约7000年','','','','','',0),(3,'公元前3000年','','','','','',0),(4,'公元前2717-2599年','','','','','',0),(5,'公元前2070年','辛卯','','夏','','',0),(6,'公元前2069年','壬辰','','夏','','',0),(7,'公元前2068年','癸巳','','夏','','',0),(8,'公元前2067年','甲午','','夏','','',0),(9,'公元前2066年','乙未','','夏','','',0),(10,'公元前2065年','丙申','','夏','','',0),(11,'公元前2064年','丁酉','','夏','','',0),(12,'公元前2063年','戊戌','','夏','','',0),(13,'公元前2062年','己亥','','夏','','',0),(14,'公元前2061年','庚子','','夏','','',0),(15,'公元前2060年','辛丑','','夏','','',0),(16,'公元前2059年','壬寅','','夏','','',0),(17,'公元前2058年','癸卯','','夏','','',0),(18,'公元前2057年','甲辰','','夏','','',0),(19,'公元前2056年','乙巳','','夏','','',0),(20,'公元前2055年','丙午','','夏','','',0),(21,'公元前2054年','丁未','','夏','','',0),(22,'公元前2053年','戊申','','夏','','',0),(23,'公元前2052年','己酉','','夏','','',0),(24,'公元前2051年','庚戌','','夏','','',0),(25,'公元前2050年','辛亥','','夏','','',0),(26,'公元前2049年','壬子','','夏','','',0),(27,'公元前2048年','癸丑','','夏','','',0),(28,'公元前2047年','甲寅','','夏','','',0),(29,'公元前2046年','乙卯','','夏','','',0),(30,'公元前2045年','丙辰','','夏','','',0),(31,'公元前2044年','丁己','','夏','','',0),(32,'公元前2043年','戊午','','夏','','',0),(33,'公元前2042年','己未','','夏','','',0),(34,'公元前2041年','庚申','','夏','','',0),(35,'公元前2040年','辛酉','','夏','','',0),(36,'公元前2039年','壬戌','','夏','','',0),(37,'公元前2038年','癸亥','','夏','','',0),(38,'公元前2037年','甲子','','夏','','',0),(39,'公元前2036年','乙丑','','夏','','',0),(40,'公元前2035年','丙寅','','夏','','',0),(41,'公元前2034年','丁卯','','夏','','',0),(42,'公元前2033年','戊辰','','夏','','',0),(43,'公元前2032年','己巳','','夏','','',0),(44,'公元前2031年','庚午','','夏','','',0),(45,'公元前2030年','辛未','','夏','','',0),(46,'公元前2029年','壬申','','夏','','',0),(47,'公元前2028年','癸酉','','夏','','',0),(48,'公元前2027年','甲戌','','夏','','',0),(49,'公元前2026年','乙亥','','夏','','',0),(50,'公元前2025年','丙子','','夏','','',0),(51,'公元前2024年','丁丑','','夏','','',0),(52,'公元前2023年','戊寅','','夏','','',0),(53,'公元前2022年','己卯','','夏','','',0),(54,'公元前2021年','庚辰','','夏','','',0),(55,'公元前2020年','辛巳','','夏','','',0),(56,'公元前2019年','壬午','','夏','','',0),(57,'公元前2018年','癸未','','夏','','',0),(58,'公元前2017年','甲申','','夏','','',0),(59,'公元前2016年','乙酉','','夏','','',0),(60,'公元前2015年','丙戌','','夏','','',0),(61,'公元前2014年','丁亥','','夏','','',0),(62,'公元前2013年','戊子','','夏','','',0),(63,'公元前2012年','己丑','','夏','','',0),(64,'公元前2011年','庚寅','','夏','','',0),(65,'公元前2010年','辛卯','','夏','','',0),(66,'公元前2009年','壬辰','','夏','','',0),(67,'公元前2008年','癸巳','','夏','','',0),(68,'公元前2007年','甲午','','夏','','',0),(69,'公元前2006年','乙未','','夏','','',0),(70,'公元前2005年','丙申','','夏','','',0),(71,'公元前2004年','丁酉','','夏','','',0),(72,'公元前2003年','戊戌','','夏','','',0),(73,'公元前2002年','己亥','','夏','','',0),(74,'公元前2001年','庚子','','夏','','',0),(75,'公元前2000年','辛丑','','夏','','',0),(76,'公元前1999年','壬寅','','夏','','',0),(77,'公元前1998年','癸卯','','夏','','',0),(78,'公元前1997年','甲辰','','夏','','',0),(79,'公元前1996年','乙巳','','夏','','',0),(80,'公元前1995年','丙午','','夏','','',0),(83,'公元前1992年','己酉','','夏','','',0),(84,'公元前1991年','庚戌','','夏','','',0),(85,'公元前1990年','辛亥','','夏','','',0),(86,'公元前1989年','壬子','','夏','','',0),(87,'公元前1988年','癸丑','','夏','','',0),(88,'公元前1987年','甲寅','','夏','','',0),(89,'公元前1986年','乙卯','','夏','','',0),(90,'公元前1985年','丙辰','','夏','','',0),(91,'公元前1984年','丁己','','夏','','',0),(92,'公元前1983年','戊午','','夏','','',0),(93,'公元前1982年','己未','','夏','','',0),(94,'公元前1981年','庚申','','夏','','',0),(95,'公元前1980年','辛酉','','夏','','',0),(96,'公元前1979年','壬戌','','夏','','',0),(97,'公元前1978年','癸亥','','夏','','',0),(98,'公元前1977年','甲子','','夏','','',0),(99,'公元前1976年','乙丑','','夏','','',0),(404,'公元前1671年','庚午','','夏','','',0),(405,'公元前1670年','辛未','','夏','','',0),(406,'公元前1669年','壬申','','夏','','',0),(407,'公元前1668年','癸酉','','夏','','',0),(408,'公元前1667年','甲戌','','夏','','',0),(409,'公元前1666年','乙亥','','夏','','',0),(410,'公元前1665年','丙子','','夏','','',0),(411,'公元前1664年','丁丑','','夏','','',0),(412,'公元前1663年','戊寅','','夏','','',0),(413,'公元前1662年','己卯','','夏','','',0),(414,'公元前1661年','庚辰','','夏','','',0),(415,'公元前1660年','辛巳','','夏','','',0),(416,'公元前1659年','壬午','','夏','','',0),(417,'公元前1658年','癸未','','夏','','',0),(418,'公元前1657年','甲申','','夏','','',0),(419,'公元前1656年','乙酉','','夏','','',0),(420,'公元前1655年','丙戌','','夏','','',0),(421,'公元前1654年','丁亥','','夏','','',0),(422,'公元前1653年','戊子','','夏','','',0),(423,'公元前1652年','己丑','','夏','','',0),(424,'公元前1651年','庚寅','','夏','','',0),(425,'公元前1650年','辛卯','','夏','','',0),(426,'公元前1649年','壬辰','','夏','','',0),(427,'公元前1648年','癸巳','','夏','','',0),(428,'公元前1647年','甲午','','夏','','',0),(429,'公元前1646年','乙未','','夏','','',0),(430,'公元前1645年','丙申','','夏','','',0),(431,'公元前1644年','丁酉','','夏','','',0),(432,'公元前1643年','戊戌','','夏','','',0),(433,'公元前1642年','己亥','','夏','','',0),(434,'公元前1641年','庚子','','夏','','',0),(435,'公元前1640年','辛丑','','夏','','',0),(436,'公元前1639年','壬寅','','夏','','',0),(437,'公元前1638年','癸卯','','夏','','',0),(438,'公元前1637年','甲辰','','夏','','',0),(439,'公元前1636年','乙巳','','夏','','',0),(440,'公元前1635年','丙午','','夏','','',0),(441,'公元前1634年','丁未','','夏','','',0),(442,'公元前1633年','戊申','','夏','','',0),(443,'公元前1632年','己酉','','夏','','',0),(444,'公元前1631年','庚戌','','夏','','',0),(445,'公元前1630年','辛亥','','夏','','',0),(446,'公元前1629年','壬子','','夏','','',0),(447,'公元前1628年','癸丑','','夏','','',0),(448,'公元前1627年','甲寅','','夏','','',0),(449,'公元前1626年','乙卯','','夏','','',0),(450,'公元前1625年','丙辰','','夏','','',0),(451,'公元前1624年','丁己','','夏','','',0),(452,'公元前1623年','戊午','','夏','','',0),(453,'公元前1622年','己未','','夏','','',0),(454,'公元前1621年','庚申','','夏','','',0),(455,'公元前1620年','辛酉','','夏','','',0),(456,'公元前1619年','壬戌','','夏','','',0),(457,'公元前1618年','癸亥','','夏','','',0),(458,'公元前1617年','甲子年','','夏','','',0),(459,'公元前1616年','乙丑','','夏','','',0),(460,'公元前1615年','丙寅','','夏','','',0),(461,'公元前1614年','丁卯','','夏','','',0),(462,'公元前1613年','戊辰','','夏','','',0),(463,'公元前1612年','己巳','','夏','','',0),(464,'公元前1611年','庚午','','夏','','',0),(465,'公元前1610年','辛未','','夏','','',0),(466,'公元前1609年','壬申','','夏','','',0),(467,'公元前1608年','癸酉','','夏','','',0),(468,'公元前1607年','甲戌','','夏','','',0),(469,'公元前1606年','乙亥','','夏','','',0),(470,'公元前1605年','丙子','','夏','','',0),(471,'公元前1604年','丁丑','','夏','','',0),(472,'公元前1603年','戊寅','','夏','','',0),(473,'公元前1602年','己卯','','夏','','',0),(474,'公元前1601年','庚辰','','夏','','',0),(475,'公元前1600年','辛巳','','商','太祖','',0),(476,'公元前1599年','壬午','','商','太祖','',0),(477,'公元前1598年','癸未','','商','太祖','',0),(478,'公元前1597年','甲申','','商','太祖','',0),(479,'公元前1596年','乙酉','','商','太祖','',0),(480,'公元前1595年','丙戌','','商','太祖','',0),(481,'公元前1594年','丁亥','','商','太祖','',0),(482,'公元前1593年','戊子','','商','太祖','',0),(483,'公元前1592年','己丑','','商','太祖','',0),(484,'公元前1591年','庚寅','','商','太祖','',0),(485,'公元前1590年','辛卯','','商','太祖','',0),(486,'公元前1589年','壬辰','','商','太祖','',0),(487,'公元前1588年','癸巳','','商','太祖','',0),(488,'公元前1587年','甲午','','商','','',0),(489,'公元前1586年','乙未','','商','','',0),(490,'公元前1585年','丙申','','商','','',0),(491,'公元前1584年','丁酉','','商','','',0),(492,'公元前1583年','戊戌','','商','','',0),(493,'公元前1582年','己亥','','商','','',0),(494,'公元前1581年','庚子','','商','','',0),(495,'公元前1580年','辛丑','','商','太宗','',0),(496,'公元前1579年','壬寅','','商','太宗','',0),(497,'公元前1578年','癸卯','','商','太宗','',0),(498,'公元前1577年','甲辰','','商','太宗','',0),(499,'公元前1576年','乙巳','','商','太宗','',0),(500,'公元前1575年','丙午','','商','太宗','',0),(501,'公元前1574年','丁未','','商','太宗','',0),(502,'公元前1573年','戊申','','商','太宗','',0),(503,'公元前1572年','己酉','','商','太宗','',0),(504,'公元前1571年','庚戌','','商','太宗','',0),(505,'公元前1570年','辛亥','','商','太宗','',0),(506,'公元前1569年','壬子','','商','太宗','',0),(507,'公元前1568年','癸丑','','商','太宗','',0),(508,'公元前1567年','甲寅','','商','太宗','',0),(509,'公元前1566年','乙卯','','商','太宗','',0),(510,'公元前1565年','丙辰','','商','太宗','',0),(511,'公元前1564年','丁己','','商','太宗','',0),(512,'公元前1563年','戊午','','商','太宗','',0),(513,'公元前1562年','己未','','商','太宗','',0),(514,'公元前1561年','庚申','','商','太宗','',0),(515,'公元前1560年','辛酉','','商','太宗','',0),(516,'公元前1559年','壬戌','','商','太宗','',0),(517,'公元前1558年','癸亥','','商','太宗','',0),(518,'公元前1557年','甲子','','商','','',0),(519,'公元前1556年','乙丑','','商','','',0),(520,'公元前1555年','丙寅','','商','','',0),(521,'公元前1554年','丁卯','','商','','',0),(522,'公元前1553年','戊辰','','商','','',0),(523,'公元前1552年','己巳','','商','','',0),(524,'公元前1551年','庚午','','商','','',0),(525,'公元前1550年','辛未','','商','','',0),(526,'公元前1549年','壬申','','商','','',0),(527,'公元前1548年','癸酉','','商','','',0),(528,'公元前1547年','甲戌','','商','','',0),(529,'公元前1546年','乙亥','','商','','',0),(530,'公元前1545年','丙子','','商','','',0),(531,'公元前1544年','丁丑','','商','','',0),(532,'公元前1543年','戊寅','','商','','',0),(533,'公元前1542年','己卯','','商','','',0),(534,'公元前1541年','庚辰','','商','','',0),(535,'公元前1540年','辛巳','','商','','',0),(536,'公元前1539年','壬午','','商','','',0),(537,'公元前1538年','癸未','','商','','',0),(538,'公元前1537年','甲申','','商','','',0),(539,'公元前1536年','乙酉','','商','','',0),(540,'公元前1535年','丙戌','','商','','',0),(541,'公元前1534年','丁亥','','商','','',0),(542,'公元前1533年','戊子','','商','','',0),(543,'公元前1532年','己丑','','商','','',0),(544,'公元前1531年','庚寅','','商','','',0),(545,'公元前1530年','辛卯','','商','','',0),(546,'公元前1529年','壬辰','','商','','',0),(547,'公元前1528年','癸巳','','商','','',0),(548,'公元前1527年','甲午','','商','','',0),(549,'公元前1526年','乙未','','商','','',0),(550,'公元前1525年','丙申','','商','','',0),(551,'公元前1524年','丁酉','','商','','',0),(552,'公元前1523年','戊戌','','商','','',0),(553,'公元前1522年','己亥','','商','','',0),(554,'公元前1521年','庚子','','商','','',0),(555,'公元前1520年','辛丑','','商','','',0),(556,'公元前1519年','壬寅','','商','','',0),(557,'公元前1518年','癸卯','','商','','',0),(558,'公元前1517年','甲辰','','商','','',0),(559,'公元前1516年','乙巳','','商','','',0),(560,'公元前1515年','丙午','','商','','',0),(561,'公元前1514年','丁未','','商','','',0),(562,'公元前1513年','戊申','','商','','',0),(563,'公元前1512年','己酉','','商','','',0),(564,'公元前1511年','庚戌','','商','','',0),(565,'公元前1510年','辛亥','','商','','',0),(566,'公元前1509年','壬子','','商','','',0),(567,'公元前1508年','癸丑','','商','','',0),(568,'公元前1507年','甲寅','','商','','',0),(569,'公元前1506年','乙卯','','商','','',0),(570,'公元前1505年','丙辰','','商','','',0),(571,'公元前1504年','丁己','','商','','',0),(572,'公元前1503年','戊午','','商','','',0),(573,'公元前1502年','己未','','商','','',0),(574,'公元前1501年','庚申','','商','','',0),(575,'公元前1500年','辛酉','','商','','',0),(576,'公元前1499年','壬戌','','商','','',0),(577,'公元前1498年','癸亥','','商','','',0),(578,'公元前1497年','甲子','','商','','',0),(579,'公元前1496年','乙丑','','商','','',0),(580,'公元前1495年','丙寅','','商','','',0),(581,'公元前1494年','丁卯','','商','','',0),(582,'公元前1493年','戊辰','','商','','',0),(583,'公元前1492年','己巳','','商','','',0),(584,'公元前1491年','庚午','','商','','',0),(585,'公元前1490年','辛未','','商','','',0),(586,'公元前1489年','壬申','','商','','',0),(587,'公元前1488年','癸酉','','商','中宗','',0),(588,'公元前1487年','甲戌','','商','中宗','',0),(589,'公元前1486年','乙亥','','商','中宗','',0),(590,'公元前1485年','丙子','','商','中宗','',0),(591,'公元前1484年','丁丑','','商','中宗','',0),(592,'公元前1483年','戊寅','','商','中宗','',0),(593,'公元前1482年','己卯','','商','中宗','',0),(594,'公元前1481年','庚辰','','商','中宗','',0),(595,'公元前1480年','辛巳','','商','中宗','',0),(596,'公元前1479年','壬午','','商','中宗','',0),(597,'公元前1478年','癸未','','商','中宗','',0),(598,'公元前1477年','甲申','','商','中宗','',0),(599,'公元前1476年','乙酉','','商','中宗','',0),(600,'公元前1475年','丙戌','','商','中宗','',0),(601,'公元前1474年','丁亥','','商','中宗','',0),(602,'公元前1473年','戊子','','商','中宗','',0),(603,'公元前1472年','己丑','','商','中宗','',0),(604,'公元前1471年','庚寅','','商','中宗','',0),(605,'公元前1470年','辛卯','','商','中宗','',0),(606,'公元前1469年','壬辰','','商','中宗','',0),(607,'公元前1468年','癸巳','','商','中宗','',0),(608,'公元前1467年','甲午','','商','中宗','',0),(609,'公元前1466年','乙未','','商','中宗','',0),(610,'公元前1465年','丙申','','商','中宗','',0),(611,'公元前1464年','丁酉','','商','中宗','',0),(612,'公元前1463年','戊戌','','商','中宗','',0),(613,'公元前1462年','己亥','','商','中宗','',0),(614,'公元前1461年','庚子','','商','中宗','',0),(615,'公元前1460年','辛丑','','商','中宗','',0),(616,'公元前1459年','壬寅','','商','中宗','',0),(617,'公元前1458年','癸卯','','商','中宗','',0),(618,'公元前1457年','甲辰','','商','中宗','',0),(619,'公元前1456年','乙巳','','商','中宗','',0),(620,'公元前1455年','丙午','','商','中宗','',0),(621,'公元前1454年','丁未','','商','中宗','',0),(622,'公元前1453年','戊申','','商','中宗','',0),(623,'公元前1452年','己酉','','商','中宗','',0),(624,'公元前1451年','庚戌','','商','中宗','',0),(625,'公元前1450年','辛亥','','商','中宗','',0),(626,'公元前1449年','壬子','','商','中宗','',0),(627,'公元前1448年','癸丑','','商','中宗','',0),(628,'公元前1447年','甲寅','','商','中宗','',0),(629,'公元前1446年','乙卯','','商','中宗','',0),(630,'公元前1445年','丙辰','','商','中宗','',0),(631,'公元前1444年','丁己','','商','中宗','',0),(632,'公元前1443年','戊午','','商','中宗','',0),(633,'公元前1442年','己未','','商','中宗','',0),(634,'公元前1441年','庚申','','商','中宗','',0),(635,'公元前1440年','辛酉','','商','中宗','',0),(636,'公元前1439年','壬戌','','商','中宗','',0),(637,'公元前1438年','癸亥','','商','中宗','',0),(638,'公元前1437年','甲子','','商','中宗','',0),(639,'公元前1436年','乙丑','','商','中宗','',0),(640,'公元前1435年','丙寅','','商','中宗','',0),(641,'公元前1434年','丁卯','','商','中宗','',0),(642,'公元前1433年','戊辰','','商','中宗','',0),(643,'公元前1432年','己巳','','商','中宗','',0),(644,'公元前1431年','庚午','','商','中宗','',0),(645,'公元前1430年','辛未','','商','中宗','',0),(646,'公元前1429年','壬申','','商','中宗','',0),(647,'公元前1428年','癸酉','','商','中宗','',0),(648,'公元前1427年','甲戌','','商','中宗','',0),(649,'公元前1426年','乙亥','','商','中宗','',0),(650,'公元前1425年','丙子','','商','中宗','',0),(651,'公元前1424年','丁丑','','商','中宗','',0),(652,'公元前1423年','戊寅','','商','中宗','',0),(653,'公元前1422年','己卯','','商','中宗','',0),(654,'公元前1421年','庚辰','','商','中宗','',0),(655,'公元前1420年','辛巳','','商','中宗','',0),(656,'公元前1419年','壬午','','商','中宗','',0),(657,'公元前1418年','癸未','','商','中宗','',0),(658,'公元前1417年','甲申','','商','中宗','',0),(659,'公元前1416年','乙酉','','商','中宗','',0),(660,'公元前1415年','丙戌','','商','中宗','',0),(661,'公元前1414年','丁亥','','商','中宗','',0),(662,'公元前1413年','戊子','','商','','',0),(663,'公元前1412年','己丑','','商','','',0),(664,'公元前1411年','庚寅','','商','','',0),(665,'公元前1410年','辛卯','','商','','',0),(666,'公元前1409年','壬辰','','商','','',0),(667,'公元前1408年','癸巳','','商','','',0),(668,'公元前1407年','甲午','','商','','',0),(669,'公元前1406年','乙未','','商','','',0),(670,'公元前1405年','丙申','','商','','',0),(671,'公元前1404年','丁酉','','商','','',0),(672,'公元前1403年','戊戌','','商','','',0),(673,'公元前1402年','己亥','','商','','',0),(674,'公元前1401年','庚子','','商','','',0),(675,'公元前1400年','辛丑','','商','','',0),(676,'公元前1399年','壬寅','','商','','',0),(677,'公元前1398年','癸卯','','商','','',0),(678,'公元前1397年','甲辰','','商','','',0),(679,'公元前1396年','乙巳','','商','','',0),(680,'公元前1395年','丙午','','商','','',0),(681,'公元前1394年','丁未','','商','','',0),(682,'公元前1393年','戊申','','商','','',0),(683,'公元前1392年','己酉','','商','','',0),(684,'公元前1391年','庚戌','','商','','',0),(685,'公元前1390年','辛亥','','商','','',0),(686,'公元前1389年','壬子','','商','','',0),(687,'公元前1388年','癸丑','','商','','',0),(688,'公元前1387年','甲寅','','商','','',0),(689,'公元前1386年','乙卯','','商','','',0),(690,'公元前1385年','丙辰','','商','','',0),(691,'公元前1384年','丁己','','商','','',0),(692,'公元前1383年','戊午','','商','','',0),(693,'公元前1382年','己未','','商','','',0),(694,'公元前1381年','庚申','','商','','',0),(695,'公元前1380年','辛酉','','商','','',0),(696,'公元前1379年','壬戌','','商','','',0),(697,'公元前1378年','癸亥','','商','','',0),(698,'公元前1377年','甲子','','商','','',0),(699,'公元前1376年','乙丑','','商','','',0),(700,'公元前1375年','丙寅','','商','','',0),(701,'公元前1374年','丁卯','','商','','',0),(702,'公元前1373年','戊辰','','商','','',0),(703,'公元前1372年','己巳','','商','','',0),(704,'公元前1371年','庚午','','商','','',0),(705,'公元前1370年','辛未','','商','','',0),(706,'公元前1369年','壬申','','商','','',0),(707,'公元前1368年','癸酉','','商','','',0),(708,'公元前1367年','甲戌','','商','','',0),(709,'公元前1366年','乙亥','','商','','',0),(710,'公元前1365年','丙子','','商','','',0),(711,'公元前1364年','丁丑','','商','','',0),(712,'公元前1363年','戊寅','','商','','',0),(713,'公元前1362年','己卯','','商','','',0),(714,'公元前1361年','庚辰','','商','','',0),(715,'公元前1360年','辛巳','','商','','',0),(716,'公元前1359年','壬午','','商','','',0),(717,'公元前1358年','癸未','','商','','',0),(718,'公元前1357年','甲申','','商','','',0),(719,'公元前1356年','乙酉','','商','','',0),(720,'公元前1355年','丙戌','','商','','',0),(721,'公元前1354年','丁亥','','商','','',0),(722,'公元前1353年','戊子','','商','','',0),(723,'公元前1352年','己丑','','商','','',0),(724,'公元前1351年','庚寅','','商','','',0),(725,'公元前1350年','辛卯','','商','','',0),(726,'公元前1349年','壬辰','','商','','',0),(727,'公元前1348年','癸巳','','商','','',0),(728,'公元前1347年','甲午','','商','','',0),(729,'公元前1346年','乙未','','商','','',0),(730,'公元前1345年','丙申','','商','','',0),(731,'公元前1344年','丁酉','','商','','',0),(732,'公元前1343年','戊戌','','商','','',0),(733,'公元前1342年','己亥','','商','','',0),(734,'公元前1341年','庚子','','商','','',0),(735,'公元前1340年','辛丑','','商','','',0),(736,'公元前1339年','壬寅','','商','','',0),(737,'公元前1338年','癸卯','','商','','',0),(738,'公元前1337年','甲辰','','商','','',0),(739,'公元前1336年','乙巳','','商','','',0),(740,'公元前1335年','丙午','','商','','',0),(741,'公元前1334年','丁未','','商','','',0),(742,'公元前1333年','戊申','','商','','',0),(743,'公元前1332年','己酉','','商','','',0),(744,'公元前1331年','庚戌','','商','','',0),(745,'公元前1330年','辛亥','','商','','',0),(746,'公元前1329年','壬子','','商','','',0),(747,'公元前1328年','癸丑','','商','','',0),(748,'公元前1327年','甲寅','','商','','',0),(749,'公元前1326年','乙卯','','商','','',0),(750,'公元前1325年','丙辰','','商','','',0),(751,'公元前1324年','丁己','','商','','',0),(752,'公元前1323年','戊午','','商','','',0),(753,'公元前1322年','己未','','商','','',0),(754,'公元前1321年','庚申','','商','','',0),(755,'公元前1320年','辛酉','','商','','',0),(756,'公元前1319年','壬戌','','商','','',0),(757,'公元前1318年','癸亥','','商','','',0),(758,'公元前1317年','甲子','','商','','',0),(759,'公元前1316年','乙丑','','商','','',0),(760,'公元前1315年','丙寅','','商','','',0),(761,'公元前1314年','丁卯','','商','','',0),(762,'公元前1313年','戊辰','','商','','',0),(763,'公元前1312年','己巳','','商','','',0),(764,'公元前1311年','庚午','','商','','',0),(765,'公元前1310年','辛未','','商','','',0),(766,'公元前1309年','壬申','','商','','',0),(767,'公元前1308年','癸酉','','商','','',0),(768,'公元前1307年','甲戌','','商','','',0),(769,'公元前1306年','乙亥','','商','','',0),(770,'公元前1305年','丙子','','商','','',0),(771,'公元前1304年','丁丑','','商','','',0),(772,'公元前1303年','戊寅','','商','','',0),(773,'公元前1302年','己卯','','商','','',0),(774,'公元前1301年','庚辰','','商','','',0),(775,'公元前1300年','辛巳','','商','世祖','',0),(776,'公元前1299年','壬午','','商','世祖','',0),(777,'公元前1298年','癸未','','商','世祖','',0),(778,'公元前1297年','甲申','','商','世祖','',0),(779,'公元前1296年','乙酉','','商','世祖','',0),(780,'公元前1295年','丙戌','','商','世祖','',0),(781,'公元前1294年','丁亥','','商','世祖','',0),(782,'公元前1293年','戊子','','商','世祖','',0),(783,'公元前1292年','己丑','','商','世祖','',0),(784,'公元前1291年','庚寅','','商','世祖','',0),(785,'公元前1290年','辛卯','','商','世祖','',0),(786,'公元前1289年','壬辰','','商','世祖','',0),(787,'公元前1288年','癸巳','','商','世祖','',0),(788,'公元前1287年','甲午','','商','世祖','',0),(789,'公元前1286年','乙未','','商','世祖','',0),(790,'公元前1285年','丙申','','商','世祖','',0),(791,'公元前1284年','丁酉','','商','世祖','',0),(792,'公元前1283年','戊戌','','商','世祖','',0),(793,'公元前1282年','己亥','','商','世祖','',0),(794,'公元前1281年','庚子','','商','世祖','',0),(795,'公元前1280年','辛丑','','商','世祖','',0),(796,'公元前1279年','壬寅','','商','世祖','',0),(797,'公元前1278年','癸卯','','商','世祖','',0),(798,'公元前1277年','甲辰','','商','世祖','',0),(799,'公元前1276年','乙巳','','商','世祖','',0),(800,'公元前1275年','丙午','','商','世祖','',0),(801,'公元前1274年','丁未','','商','世祖','',0),(802,'公元前1273年','戊申','','商','世祖','',0),(803,'公元前1272年','己酉','','商','','',0),(804,'公元前1271年','庚戌','','商','','',0),(805,'公元前1270年','辛亥','','商','','',0),(806,'公元前1269年','壬子','','商','','',0),(807,'公元前1268年','癸丑','','商','','',0),(808,'公元前1267年','甲寅','','商','','',0),(809,'公元前1266年','乙卯','','商','','',0),(810,'公元前1265年','丙辰','','商','','',0),(811,'公元前1264年','丁己','','商','','',0),(812,'公元前1263年','戊午','','商','','',0),(813,'公元前1262年','己未','','商','','',0),(814,'公元前1261年','庚申','','商','','',0),(815,'公元前1260年','辛酉','','商','','',0),(816,'公元前1259年','壬戌','','商','高宗','',0),(817,'公元前1258年','癸亥','','商','高宗','',0),(818,'公元前1257年','甲子','','商','高宗','',0),(819,'公元前1256年','乙丑','','商','高宗','',0),(820,'公元前1255年','丙寅','','商','高宗','',0),(821,'公元前1254年','丁卯','','商','高宗','',0),(822,'公元前1253年','戊辰','','商','高宗','',0),(823,'公元前1252年','己巳','','商','高宗','',0),(824,'公元前1251年','庚午','','商','高宗','',0),(825,'公元前1250年','辛未','','商','高宗','',0),(826,'公元前1249年','壬申','','商','高宗','',0),(827,'公元前1248年','癸酉','','商','高宗','',0),(828,'公元前1247年','甲戌','','商','高宗','',0),(829,'公元前1246年','乙亥','','商','高宗','',0),(830,'公元前1245年','丙子','','商','高宗','',0),(831,'公元前1244年','丁丑','','商','高宗','',0),(832,'公元前1243年','戊寅','','商','高宗','',0),(833,'公元前1242年','己卯','','商','高宗','',0),(834,'公元前1241年','庚辰','','商','高宗','',0),(835,'公元前1240年','辛巳','','商','高宗','',0),(836,'公元前1239年','壬午','','商','高宗','',0),(837,'公元前1238年','癸未','','商','高宗','',0),(838,'公元前1237年','甲申','','商','高宗','',0),(839,'公元前1236年','乙酉','','商','高宗','',0),(840,'公元前1235年','丙戌','','商','高宗','',0),(841,'公元前1234年','丁亥','','商','高宗','',0),(842,'公元前1233年','戊子','','商','高宗','',0),(843,'公元前1232年','己丑','','商','高宗','',0),(844,'公元前1231年','庚寅','','商','高宗','',0),(845,'公元前1230年','辛卯','','商','高宗','',0),(846,'公元前1229年','壬辰','','商','高宗','',0),(847,'公元前1228年','癸巳','','商','高宗','',0),(848,'公元前1227年','甲午','','商','高宗','',0),(849,'公元前1226年','乙未','','商','高宗','',0),(850,'公元前1225年','丙申','','商','高宗','',0),(851,'公元前1224年','丁酉','','商','高宗','',0),(852,'公元前1223年','戊戌','','商','高宗','',0),(853,'公元前1222年','己亥','','商','高宗','',0),(854,'公元前1221年','庚子','','商','高宗','',0),(855,'公元前1220年','辛丑','','商','高宗','',0),(856,'公元前1219年','壬寅','','商','高宗','',0),(857,'公元前1218年','癸卯','','商','高宗','',0),(858,'公元前1217年','甲辰','','商','高宗','',0),(859,'公元前1216年','乙巳','','商','高宗','',0),(860,'公元前1215年','丙午','','商','高宗','',0),(861,'公元前1214年','丁未','','商','高宗','',0),(862,'公元前1213年','戊申','','商','高宗','',0),(863,'公元前1212年','己酉','','商','高宗','',0),(864,'公元前1211年','庚戌','','商','高宗','',0),(865,'公元前1210年','辛亥','','商','高宗','',0),(866,'公元前1209年','壬子','','商','高宗','',0),(867,'公元前1208年','癸丑','','商','高宗','',0),(868,'公元前1207年','甲寅','','商','高宗','',0),(869,'公元前1206年','乙卯','','商','高宗','',0),(870,'公元前1205年','丙辰','','商','高宗','',0),(871,'公元前1204年','丁己','','商','高宗','',0),(872,'公元前1203年','戊午','','商','高宗','',0),(873,'公元前1202年','己未','','商','高宗','',0),(874,'公元前1201年','庚申','','商','高宗','',0),(875,'公元前1200年','辛酉','','商','','',0),(876,'公元前1199年','壬戌','','商','','',0),(877,'公元前1198年','癸亥','','商','','',0),(878,'公元前1197年','甲子','','商','','',0),(879,'公元前1196年','乙丑','','商','','',0),(880,'公元前1195年','丙寅年','','商','','',0),(881,'公元前1194年','丁卯','','商','','',0),(882,'公元前1193年','戊辰','','商','','',0),(883,'公元前1192年','己巳','','商','','',0),(884,'公元前1191年','庚午','','商','','',0),(885,'公元前1190年','辛未','','商','','',0),(886,'公元前1189年','壬申','','商','世宗','',0),(887,'公元前1188年','癸酉','','商','世宗','',0),(888,'公元前1187年','甲戌','','商','世宗','',0),(889,'公元前1186年','乙亥','','商','世宗','',0),(890,'公元前1185年','丙子','','商','世宗','',0),(891,'公元前1184年','丁丑','','商','世宗','',0),(892,'公元前1183年','戊寅','','商','世宗','',0),(893,'公元前1182年','己卯','','商','世宗','',0),(894,'公元前1181年','庚辰','','商','世宗','',0),(895,'公元前1180年','辛巳','','商','世宗','',0),(896,'公元前1179年','壬午','','商','世宗','',0),(897,'公元前1178年','癸未','','商','世宗','',0),(898,'公元前1177年','甲申','','商','世宗','',0),(899,'公元前1176年','乙酉','','商','世宗','',0),(900,'公元前1175年','丙戌','','商','世宗','',0),(901,'公元前1174年','丁亥','','商','世宗','',0),(902,'公元前1173年','戊子','','商','世宗','',0),(903,'公元前1172年','己丑','','商','世宗','',0),(904,'公元前1171年','庚寅','','商','世宗','',0),(905,'公元前1170年','辛卯','','商','世宗','',0),(906,'公元前1169年','壬辰','','商','世宗','',0),(907,'公元前1168年','癸巳','','商','世宗','',0),(908,'公元前1167年','甲午','','商','世宗','',0),(928,'公元前1147年','甲寅','','商','康祖','',0),(929,'公元前1146年','乙卯','','商','康祖','',0),(930,'公元前1145年','丙辰','','商','康祖','',0),(931,'公元前1144年','丁己','','商','武祖','',0),(932,'公元前1143年','戊午','','商','武祖','',0),(933,'公元前1142年','己未','','商','武祖','',0),(934,'公元前1141年','庚申','','商','武祖','',0),(935,'公元前1140年','辛酉','','商','武祖','',0),(936,'公元前1139年','壬戌','','商','武祖','',0),(937,'公元前1138年','癸亥','','商','武祖','',0),(938,'公元前1137年','甲子','','商','武祖','',0),(939,'公元前1136年','乙丑','','商','武祖','',0),(940,'公元前1135年','丙寅','','商','武祖','',0),(941,'公元前1134年','丁卯','','商','武祖','',0),(942,'公元前1133年','戊辰','','商','武祖','',0),(943,'公元前1132年','己巳','','商','武祖','',0),(944,'公元前1131年','庚午','','商','武祖','',0),(945,'公元前1130年','辛未','','商','武祖','',0),(946,'公元前1129年','壬申','','商','武祖','',0),(947,'公元前1128年','癸酉','','商','武祖','',0),(948,'公元前1127年','甲戌','','商','武祖','',0),(949,'公元前1126年','乙亥','','商','武祖','',0),(950,'公元前1125年','丙子','','商','武祖','',0),(967,'公元前1108年','癸巳','','商','','',0),(968,'公元前1107年','甲午','','商','','',0),(1010,'公元前1065年','丙子','','商','','',0),(1011,'公元前1064年','丁丑','','商','','',0),(1012,'公元前1063年','戊寅','','商','','',0),(1013,'公元前1062年','己卯','','商','','',0),(1014,'公元前1061年','庚辰','','商','','',0),(1015,'公元前1060年','辛巳','','商','','',0),(1016,'公元前1059年','壬午','','商','','',0),(1017,'公元前1058年','癸未','','商','','',0),(1018,'公元前1057年','甲申','','商','','',0),(1019,'公元前1056年','乙酉','','商','','',0),(1020,'公元前1055年','丙戌','','商','','',0),(1021,'公元前1054年','丁亥','','商','','',0),(1022,'公元前1053年','戊子','','商','','',0),(1023,'公元前1052年','己丑','','商','','',0),(1024,'公元前1051年','庚寅','','商','','',0),(1025,'公元前1050年','辛卯','','商','','',0),(1026,'公元前1049年','壬辰','','商','','',0),(1027,'公元前1048年','癸巳','','商','','',0),(1028,'公元前1047年','甲午','','商','','',0),(1029,'公元前1046年','乙未','','西周','','',0),(1030,'公元前1045年','丙申','','西周','','',0),(1031,'公元前1044年','丁酉','','西周','','',0),(1032,'公元前1043年','戊戌','','西周','','',0),(1033,'公元前1042年','己亥','','西周','','',0),(1034,'公元前1041年','庚子','','西周','','',0),(1035,'公元前1040年','辛丑','','西周','','',0),(1036,'公元前1039年','壬寅','','西周','','',0),(1037,'公元前1038年','癸卯','','西周','','',0),(1038,'公元前1037年','甲辰','','西周','','',0),(1039,'公元前1036年','乙巳','','西周','','',0),(1040,'公元前1035年','丙午','','西周','','',0),(1041,'公元前1034年','丁未','','西周','','',0),(1042,'公元前1033年','戊申','','西周','','',0),(1043,'公元前1032年','己酉','','西周','','',0),(1044,'公元前1031年','庚戌','','西周','','',0),(1045,'公元前1030年','辛亥','','西周','','',0),(1046,'公元前1029年','壬子','','西周','','',0),(1047,'公元前1028年','癸丑','','西周','','',0),(1048,'公元前1027年','甲寅','','西周','','',0),(1049,'公元前1026年','乙卯','','西周','','',0),(1050,'公元前1025年','丙辰','','西周','','',0),(1051,'公元前1024年','丁己','','西周','','',0),(1052,'公元前1023年','戊午','','西周','','',0),(1053,'公元前1022年','己未','','西周','','',0),(1054,'公元前1021年','庚申','','西周','','',0),(1055,'公元前1020年','辛酉','','西周','','',0),(1056,'公元前1019年','壬戌','','西周','','',0),(1057,'公元前1018年','癸亥','','西周','','',0),(1058,'公元前1017年','甲子','','西周','','',0),(1059,'公元前1016年','乙丑','','西周','','',0),(1060,'公元前1015年','丙寅','','西周','','',0),(1061,'公元前1014年','丁卯','','西周','','',0),(1062,'公元前1013年','戊辰','','西周','','',0),(1063,'公元前1012年','己巳','','西周','','',0),(1064,'公元前1011年','庚午','','西周','','',0),(1065,'公元前1010年','辛未','','西周','','',0),(1066,'公元前1009年','壬申','','西周','','',0),(1067,'公元前1008年','癸酉','','西周','','',0),(1068,'公元前1007年','甲戌','','西周','','',0),(1069,'公元前1006年','乙亥','','西周','','',0),(1070,'公元前1005年','丙子','','西周','','',0),(1071,'公元前1004年','丁丑','','西周','','',0),(1072,'公元前1003年','戊寅','','西周','','',0),(1073,'公元前1002年','己卯','','西周','','',0),(1074,'公元前1001年','庚辰年','','西周','','',0),(1075,'公元前1000年','辛巳','','西周','','',0),(1076,'公元前999年','壬午','','西周','','',0),(1077,'公元前998年','癸未','','西周','','',0),(1078,'公元前997年','甲申','','西周','','',0),(1079,'公元前996年','乙酉','','西周','','',0),(1080,'公元前995年','丙戌','','西周','','',0),(1081,'公元前994年','丁亥','','西周','','',0),(1082,'公元前993年','戊子','','西周','','',0),(1083,'公元前992年','己丑','','西周','','',0),(1084,'公元前991年','庚寅','','西周','','',0),(1085,'公元前990年','辛卯','','西周','','',0),(1086,'公元前989年','壬辰','','西周','','',0),(1087,'公元前988年','癸巳','','西周','','',0),(1088,'公元前987年','甲午','','西周','','',0),(1089,'公元前986年','乙未','','西周','','',0),(1090,'公元前985年','丙申','','西周','','',0),(1091,'公元前984年','丁酉','','西周','','',0),(1092,'公元前983年','戊戌','','西周','','',0),(1093,'公元前982年','己亥','','西周','','',0),(1094,'公元前981年','庚子','','西周','','',0),(1095,'公元前980年','辛丑','','西周','','',0),(1096,'公元前979年','壬寅','','西周','','',0),(1097,'公元前978年','癸卯','','西周','','',0),(1098,'公元前977年','甲辰','','西周','','',0),(1099,'公元前976年','乙巳','','西周','','',0),(1100,'公元前975年','丙午','','西周','','',0),(1101,'公元前974年','丁未','','西周','','',0),(1102,'公元前973年','戊申','','西周','','',0),(1103,'公元前972年','己酉','','西周','','',0),(1104,'公元前971年','庚戌','','西周','','',0),(1105,'公元前970年','辛亥','','西周','','',0),(1106,'公元前969年','壬子','','西周','','',0),(1107,'公元前968年','癸丑','','西周','','',0),(1108,'公元前967年','甲寅','','西周','','',0),(1109,'公元前966年','乙卯','','西周','','',0),(1110,'公元前965年','丙辰','','西周','','',0),(1111,'公元前964年','丁己','','西周','','',0),(1112,'公元前963年','戊午','','西周','','',0),(1113,'公元前962年','己未','','西周','','',0),(1114,'公元前961年','庚申','','西周','','',0),(1115,'公元前960年','辛酉','','西周','','',0),(1116,'公元前959年','壬戌','','西周','','',0),(1117,'公元前958年','癸亥','','西周','','',0),(1118,'公元前957年','甲子','','西周','','',0),(1119,'公元前956年','乙丑','','西周','','',0),(1120,'公元前955年','丙寅','','西周','','',0),(1121,'公元前954年','丁卯','','西周','','',0),(1122,'公元前953年','戊辰','','西周','','',0),(1123,'公元前952年','己巳','','西周','','',0),(1124,'公元前951年','庚午','','西周','','',0),(1125,'公元前950年','辛未','','西周','','',0),(1126,'公元前949年','壬申','','西周','','',0),(1127,'公元前948年','癸酉','','西周','','',0),(1128,'公元前947年','甲戌','','西周','','',0),(1129,'公元前946年','乙亥','','西周','','',0),(1130,'公元前945年','丙子','','西周','','',0),(1131,'公元前944年','丁丑','','西周','','',0),(1132,'公元前943年','戊寅','','西周','','',0),(1133,'公元前942年','己卯','','西周','','',0),(1134,'公元前941年','庚辰','','西周','','',0),(1135,'公元前940年','辛巳','','西周','','',0),(1136,'公元前939年','壬午','','西周','','',0),(1137,'公元前938年','癸未年','','西周','','',0),(1138,'公元前937年','甲申','','西周','','',0),(1139,'公元前936年','乙酉','','西周','','',0),(1140,'公元前935年','丙戌','','西周','','',0),(1141,'公元前934年','丁亥','','西周','','',0),(1142,'公元前933年','戊子','','西周','','',0),(1143,'公元前932年','己丑','','西周','','',0),(1144,'公元前931年','庚寅','','西周','','',0),(1145,'公元前930年','辛卯','','西周','','',0),(1146,'公元前929年','壬辰','','西周','','',0),(1147,'公元前928年','癸巳','','西周','','',0),(1148,'公元前927年','甲午','','西周','','',0),(1149,'公元前926年','乙未','','西周','','',0),(1150,'公元前925年','丙申','','西周','','',0),(1151,'公元前924年','丁酉','','西周','','',0),(1152,'公元前923年','戊戌','','西周','','',0),(1153,'公元前922年','己亥','','西周','','',0),(1154,'公元前921年','庚子','','西周','','',0),(1155,'公元前920年','辛丑','','西周','','',0),(1156,'公元前919年','壬寅','','西周','','',0),(1157,'公元前918年','癸卯','','西周','','',0),(1158,'公元前917年','甲辰','','西周','','',0),(1159,'公元前916年','乙巳','','西周','','',0),(1160,'公元前915年','丙午','','西周','','',0),(1161,'公元前914年','丁未','','西周','','',0),(1162,'公元前913年','戊申','','西周','','',0),(1163,'公元前912年','己酉','','西周','','',0),(1164,'公元前911年','庚戌','','西周','','',0),(1165,'公元前910年','辛亥','','西周','','',0),(1166,'公元前909年','壬子','','西周','','',0),(1167,'公元前908年','癸丑','','西周','','',0),(1168,'公元前907年','甲寅','','西周','','',0),(1169,'公元前906年','乙卯','','西周','','',0),(1170,'公元前905年','丙辰','','西周','','',0),(1171,'公元前904年','丁己','','西周','','',0),(1172,'公元前903年','戊午','','西周','','',0),(1173,'公元前902年','己未','','西周','','',0),(1174,'公元前901年','庚申','','西周','','',0),(1175,'公元前900年','辛酉','','西周','','',0),(1176,'公元前899年','壬戌','','西周','','',0),(1177,'公元前898年','癸亥','','西周','','',0),(1178,'公元前897年','甲子','','西周','','',0),(1179,'公元前896年','乙丑','','西周','','',0),(1180,'公元前895年','丙寅','','西周','','',0),(1181,'公元前894年','丁卯','','西周','','',0),(1182,'公元前893年','戊辰','','西周','','',0),(1183,'公元前892年','己巳','','西周','','',0),(1184,'公元前891年','庚午','','西周','','',0),(1185,'公元前890年','辛未','','西周','','',0),(1186,'公元前889年','壬申','','西周','','',0),(1187,'公元前888年','癸酉','','西周','','',0),(1188,'公元前887年','甲戌','','西周','','',0),(1189,'公元前886年','乙亥','','西周','','',0),(1190,'公元前885年','丙子','','西周','','',0),(1191,'公元前884年','丁丑','','西周','','',0),(1192,'公元前883年','戊寅','','西周','','',0),(1193,'公元前882年','己卯','','西周','','',0),(1194,'公元前881年','庚辰','','西周','','',0),(1195,'公元前880年','辛巳','','西周','','',0),(1196,'公元前879年','壬午','','西周','','',0),(1197,'公元前878年','癸未','','西周','','',0),(1198,'公元前877年','甲申','','西周','','',0),(1199,'公元前876年','乙酉','','西周','','',0),(1200,'公元前875年','丙戌','','西周','','',0),(1201,'公元前874年','丁亥','','西周','','',0),(1202,'公元前873年','戊子','','西周','','',0),(1203,'公元前872年','己丑','','西周','','',0),(1204,'公元前871年','庚寅','','西周','','',0),(1205,'公元前870年','辛卯','','西周','','',0),(1206,'公元前869年','壬辰','','西周','','',0),(1207,'公元前868年','癸巳','','西周','','',0),(1208,'公元前867年','甲午','','西周','','',0),(1209,'公元前866年','乙未','','西周','','',0),(1210,'公元前865年','丙申','','西周','','',0),(1211,'公元前864年','丁酉','','西周','','',0),(1212,'公元前863年','戊戌','','西周','','',0),(1213,'公元前862年','己亥','','西周','','',0),(1214,'公元前861年','庚子','','西周','','',0),(1215,'公元前860年','辛丑','','西周','','',0),(1216,'公元前859年','壬寅','','西周','','',0),(1217,'公元前858年','癸卯','','西周','','',0),(1218,'公元前857年','甲辰','','西周','','',0),(1219,'公元前856年','乙巳','','西周','','',0),(1220,'公元前855年','丙午','','西周','','',0),(1221,'公元前854年','丁未','','西周','','',0),(1222,'公元前853年','戊申','','西周','','',0),(1223,'公元前852年','己酉','','西周','','',0),(1224,'公元前851年','庚戌','','西周','','',0),(1225,'公元前850年','辛亥','','西周','','',0),(1226,'公元前849年','壬子','','西周','','',0),(1227,'公元前848年','癸丑','','西周','','',0),(1228,'公元前847年','甲寅','','西周','','',0),(1229,'公元前846年','乙卯','','西周','','',0),(1230,'公元前845年','丙辰','','西周','','',0),(1231,'公元前844年','丁己','','西周','','',0),(1232,'公元前843年','戊午','','西周','','',0),(1233,'公元前842年','己未','','西周','','',0),(1234,'公元前841年','庚申','','西周','','',0),(1235,'公元前840年','辛酉','','西周','','',0),(1236,'公元前839年','壬戌','','西周','','',0),(1237,'公元前838年','癸亥','','西周','','',0),(1238,'公元前837年','甲子','','西周','','',0),(1239,'公元前836年','乙丑','','西周','','',0),(1240,'公元前835年','丙寅','','西周','','',0),(1241,'公元前834年','丁卯','','西周','','',0),(1242,'公元前833年','戊辰','','西周','','',0),(1243,'公元前832年','己巳','','西周','','',0),(1244,'公元前831年','庚午','','西周','','',0),(1245,'公元前830年','辛未','','西周','','',0),(1246,'公元前829年','壬申','','西周','','',0),(1247,'公元前828年','癸酉','','西周','','',0),(1248,'公元前827年','甲戌','','西周','','',0),(1249,'公元前826年','乙亥','','西周','','',0),(1250,'公元前825年','丙子','','西周','','',0),(1251,'公元前824年','丁丑','','西周','','',0),(1252,'公元前823年','戊寅','','西周','','',0),(1253,'公元前822年','己卯','','西周','','',0),(1254,'公元前821年','庚辰','','西周','','',0),(1255,'公元前820年','辛巳','','西周','','',0),(1256,'公元前819年','壬午','','西周','','',0),(1257,'公元前818年','癸未','','西周','','',0),(1258,'公元前817年','甲申','','西周','','',0),(1259,'公元前816年','乙酉','','西周','','',0),(1260,'公元前815年','丙戌','','西周','','',0),(1261,'公元前814年','丁亥','','西周','','',0),(1262,'公元前813年','戊子','','西周','','',0),(1263,'公元前812年','己丑','','西周','','',0),(1264,'公元前811年','庚寅','','西周','','',0),(1265,'公元前810年','辛卯','','西周','','',0),(1266,'公元前809年','壬辰','','西周','','',0),(1267,'公元前808年','癸巳','','西周','','',0),(1268,'公元前807年','甲午','','西周','','',0),(1269,'公元前806年','乙未','','西周','','',0),(1270,'公元前805年','丙申','','西周','','',0),(1271,'公元前804年','丁酉','','西周','','',0),(1272,'公元前803年','戊戌','','西周','','',0),(1273,'公元前802年','己亥','','西周','','',0),(1274,'公元前801年','庚子','','西周','','',0),(1275,'公元前800年','辛丑','','西周','','',0),(1276,'公元前799年','壬寅','','西周','','',0),(1277,'公元前798年','癸卯','','西周','','',0),(1278,'公元前797年','甲辰','','西周','','',0),(1279,'公元前796年','乙巳','','西周','','',0),(1280,'公元前795年','丙午','','西周','','',0),(1281,'公元前794年','丁未','','西周','','',0),(1282,'公元前793年','戊申','','西周','','',0),(1283,'公元前792年','己酉','','西周','','',0),(1284,'公元前791年','庚戌','','西周','','',0),(1285,'公元前790年','辛亥','','西周','','',0),(1286,'公元前789年','壬子','','西周','','',0),(1287,'公元前788年','癸丑','','西周','','',0),(1288,'公元前787年','甲寅','','西周','','',0),(1289,'公元前786年','乙卯','','西周','','',0),(1290,'公元前785年','丙辰','','西周','','',0),(1291,'公元前784年','丁己','','西周','','',0),(1292,'公元前783年','戊午','','西周','','',0),(1293,'公元前782年','己未','','西周','','',0),(1294,'公元前781年','庚申','','西周','','',0),(1295,'公元前780年','辛酉','','西周','','',0),(1296,'公元前779年','壬戌','','西周','','',0),(1297,'公元前778年','癸亥','','西周','','',0),(1298,'公元前777年','甲子','','西周','','',0),(1299,'公元前776年','乙丑','','西周','','',0),(1300,'公元前775年','丙寅','','西周','','',0),(1301,'公元前774年','丁卯','','西周','','',0),(1302,'公元前773年','戊辰','','西周','','',0),(1303,'公元前772年','己巳','','西周','','',0),(1304,'公元前771年','庚午','','西周','','',0),(1305,'公元前770年','辛未','','东周（春秋战国）','','',0),(1306,'公元前769年','壬申','','东周（春秋战国）','','',0),(1307,'公元前768年','癸酉','','东周（春秋战国）','','',0),(1308,'公元前767年','甲戌','','东周（春秋战国）','','',0),(1309,'公元前766年','乙亥','','东周（春秋战国）','','',0),(1310,'公元前765年','丙子','','东周（春秋战国）','','',0),(1311,'公元前764年','丁丑','','东周（春秋战国）','','',0),(1312,'公元前763年','戊寅','','东周（春秋战国）','','',0),(1313,'公元前762年','己卯','','东周（春秋战国）','','',0),(1314,'公元前761年','庚辰','','东周（春秋战国）','','',0),(1315,'公元前760年','辛巳','','东周（春秋战国）','','',0),(1316,'公元前759年','壬午','','东周（春秋战国）','','',0),(1317,'公元前758年','癸未','','东周（春秋战国）','','',0),(1318,'公元前757年','甲申','','东周（春秋战国）','','',0),(1319,'公元前756年','乙酉','','东周（春秋战国）','','',0),(1320,'公元前755年','丙戌','','东周（春秋战国）','','',0),(1321,'公元前754年','丁亥','','东周（春秋战国）','','',0),(1322,'公元前753年','戊子','','东周（春秋战国）','','',0),(1323,'公元前752年','己丑','','东周（春秋战国）','','',0),(1324,'公元前751年','庚寅','','东周（春秋战国）','','',0),(1325,'公元前750年','辛卯','','东周（春秋战国）','','',0),(1326,'公元前749年','壬辰','','东周（春秋战国）','','',0),(1327,'公元前748年','癸巳','','东周（春秋战国）','','',0),(1328,'公元前747年','甲午','','东周（春秋战国）','','',0),(1329,'公元前746年','乙未','','东周（春秋战国）','','',0),(1330,'公元前745年','丙申','','东周（春秋战国）','','',0),(1331,'公元前744年','丁酉','','东周（春秋战国）','','',0),(1332,'公元前743年','戊戌','','东周（春秋战国）','','',0),(1333,'公元前742年','己亥','','东周（春秋战国）','','',0),(1334,'公元前741年','庚子','','东周（春秋战国）','','',0),(1335,'公元前740年','辛丑','','东周（春秋战国）','','',0),(1336,'公元前739年','壬寅','','东周（春秋战国）','','',0),(1337,'公元前738年','癸卯','','东周（春秋战国）','','',0),(1338,'公元前737年','甲辰','','东周（春秋战国）','','',0),(1339,'公元前736年','乙巳','','东周（春秋战国）','','',0),(1340,'公元前735年','丙午','','东周（春秋战国）','','',0),(1341,'公元前734年','丁未','','东周（春秋战国）','','',0),(1342,'公元前733年','戊申','','东周（春秋战国）','','',0),(1343,'公元前732年','己酉','','东周（春秋战国）','','',0),(1344,'公元前731年','庚戌','','东周（春秋战国）','','',0),(1345,'公元前730年','辛亥','','东周（春秋战国）','','',0),(1346,'公元前729年','壬子','','东周（春秋战国）','','',0),(1347,'公元前728年','癸丑','','东周（春秋战国）','','',0),(1348,'公元前727年','甲寅','','东周（春秋战国）','','',0),(1349,'公元前726年','乙卯','','东周（春秋战国）','','',0),(1350,'公元前725年','丙辰','','东周（春秋战国）','','',0),(1351,'公元前724年','丁己','','东周（春秋战国）','','',0),(1352,'公元前723年','戊午','','东周（春秋战国）','','',0),(1353,'公元前722年','己未','','东周（春秋战国）','','',0),(1354,'公元前721年','庚申','','东周（春秋战国）','','',0),(1355,'公元前720年','辛酉','','东周（春秋战国）','','',0),(1356,'公元前719年','壬戌','','东周（春秋战国）','','',0),(1357,'公元前718年','癸亥','','东周（春秋战国）','','',0),(1358,'公元前717年','甲子','','东周（春秋战国）','','',0),(1359,'公元前716年','乙丑','','东周（春秋战国）','','',0),(1360,'公元前715年','丙寅','','东周（春秋战国）','','',0),(1361,'公元前714年','丁卯','','东周（春秋战国）','','',0),(1362,'公元前713年','戊辰','','东周（春秋战国）','','',0),(1363,'公元前712年','己巳','','东周（春秋战国）','','',0),(1364,'公元前711年','庚午','','东周（春秋战国）','','',0),(1365,'公元前710年','辛未','','东周（春秋战国）','','',0),(1366,'公元前709年','壬申','','东周（春秋战国）','','',0),(1367,'公元前708年','癸酉','','东周（春秋战国）','','',0),(1368,'公元前707年','甲戌','','东周（春秋战国）','','',0),(1369,'公元前706年','乙亥','','东周（春秋战国）','','',0),(1370,'公元前705年','丙子','','东周（春秋战国）','','',0),(1371,'公元前704年','丁丑','','东周（春秋战国）','','',0),(1372,'公元前703年','戊寅','','东周（春秋战国）','','',0),(1373,'公元前702年','己卯','','东周（春秋战国）','','',0),(1374,'公元前701年','庚辰','','东周（春秋战国）','','',0),(1375,'公元前700年','辛巳','','东周（春秋战国）','','',0),(1376,'公元前699年','壬午','','东周（春秋战国）','','',0),(1377,'公元前698年','癸未','','东周（春秋战国）','','',0),(1378,'公元前697年','甲申','','东周（春秋战国）','','',0),(1379,'公元前696年','乙酉','','东周（春秋战国）','','',0),(1380,'公元前695年','丙戌','','东周（春秋战国）','','',0),(1381,'公元前694年','丁亥','','东周（春秋战国）','','',0),(1382,'公元前693年','戊子','','东周（春秋战国）','','',0),(1383,'公元前692年','己丑','','东周（春秋战国）','','',0),(1384,'公元前691年','庚寅','','东周（春秋战国）','','',0),(1385,'公元前690年','辛卯','','东周（春秋战国）','','',0),(1386,'公元前689年','壬辰','','东周（春秋战国）','','',0),(1387,'公元前688年','癸巳','','东周（春秋战国）','','',0),(1388,'公元前687年','甲午','','东周（春秋战国）','','',0),(1389,'公元前686年','乙未','','东周（春秋战国）','','',0),(1390,'公元前685年','丙申','','东周（春秋战国）','','',0),(1391,'公元前684年','丁酉','','东周（春秋战国）','','',0),(1392,'公元前683年','戊戌','','东周（春秋战国）','','',0),(1393,'公元前682年','己亥','','东周（春秋战国）','','',0),(1394,'公元前681年','庚子','','东周（春秋战国）','','',0),(1395,'公元前680年','辛丑','','东周（春秋战国）','','',0),(1396,'公元前679年','壬寅','','东周（春秋战国）','','',0),(1397,'公元前678年','癸卯','','东周（春秋战国）','','',0),(1398,'公元前677年','甲辰','','东周（春秋战国）','','',0),(1399,'公元前676年','乙巳','','东周（春秋战国）','','',0),(1400,'公元前675年','丙午','','东周（春秋战国）','','',0),(1401,'公元前674年','丁未','','东周（春秋战国）','','',0),(1402,'公元前673年','戊申','','东周（春秋战国）','','',0),(1403,'公元前672年','己酉','','东周（春秋战国）','','',0),(1404,'公元前671年','庚戌','','东周（春秋战国）','','',0),(1405,'公元前670年','辛亥','','东周（春秋战国）','','',0),(1406,'公元前669年','壬子','','东周（春秋战国）','','',0),(1407,'公元前668年','癸丑','','东周（春秋战国）','','',0),(1408,'公元前667年','甲寅','','东周（春秋战国）','','',0),(1409,'公元前666年','乙卯','','东周（春秋战国）','','',0),(1410,'公元前665年','丙辰','','东周（春秋战国）','','',0),(1411,'公元前664年','丁己','','东周（春秋战国）','','',0),(1412,'公元前663年','戊午','','东周（春秋战国）','','',0),(1413,'公元前662年','己未','','东周（春秋战国）','','',0),(1414,'公元前661年','庚申','','东周（春秋战国）','','',0),(1415,'公元前660年','辛酉','','东周（春秋战国）','','',0),(1416,'公元前659年','壬戌','','东周（春秋战国）','','',0),(1417,'公元前658年','癸亥','','东周（春秋战国）','','',0),(1418,'公元前657年','甲子','','东周（春秋战国）','','',0),(1419,'公元前656年','乙丑','','东周（春秋战国）','','',0),(1420,'公元前655年','丙寅','','东周（春秋战国）','','',0),(1421,'公元前654年','丁卯','','东周（春秋战国）','','',0),(1422,'公元前653年','戊辰','','东周（春秋战国）','','',0),(1423,'公元前652年','己巳','','东周（春秋战国）','','',0),(1424,'公元前651年','庚午','','东周（春秋战国）','','',0),(1425,'公元前650年','辛未','','东周（春秋战国）','','',0),(1426,'公元前649年','壬申','','东周（春秋战国）','','',0),(1427,'公元前648年','癸酉','','东周（春秋战国）','','',0),(1428,'公元前647年','甲戌','','东周（春秋战国）','','',0),(1429,'公元前646年','乙亥','','东周（春秋战国）','','',0),(1430,'公元前645年','丙子','','东周（春秋战国）','','',0),(1431,'公元前644年','丁丑','','东周（春秋战国）','','',0),(1432,'公元前643年','戊寅','','东周（春秋战国）','','',0),(1433,'公元前642年','己卯','','东周（春秋战国）','','',0),(1434,'公元前641年','庚辰','','东周（春秋战国）','','',0),(1435,'公元前640年','辛巳','','东周（春秋战国）','','',0),(1436,'公元前639年','壬午','','东周（春秋战国）','','',0),(1437,'公元前638年','癸未','','东周（春秋战国）','','',0),(1438,'公元前637年','甲申','','东周（春秋战国）','','',0),(1439,'公元前636年','乙酉','','东周（春秋战国）','','',0),(1440,'公元前635年','丙戌','','东周（春秋战国）','','',0),(1441,'','丁亥','','东周（春秋战国）','','',0),(1442,'公元前633年','戊子','','东周（春秋战国）','','',0),(1443,'公元前632年','己丑','','东周（春秋战国）','','',0),(1444,'公元前631年','庚寅','','东周（春秋战国）','','',0),(1445,'公元前630年','辛卯','','东周（春秋战国）','','',0),(1446,'公元前629年','壬辰','','东周（春秋战国）','','',0),(1447,'公元前628年','癸巳','','东周（春秋战国）','','',0),(1448,'公元前627年','甲午','','东周（春秋战国）','','',0),(1449,'公元前626年','乙未','','东周（春秋战国）','','',0),(1450,'公元前625年','丙申','','东周（春秋战国）','','',0),(1451,'公元前624年','丁酉','','东周（春秋战国）','','',0),(1452,'公元前623年','戊戌','','东周（春秋战国）','','',0),(1453,'公元前622年','己亥','','东周（春秋战国）','','',0),(1454,'公元前621年','庚子','','东周（春秋战国）','','',0),(1455,'公元前620年','辛丑','','东周（春秋战国）','','',0),(1456,'公元前619年','壬寅','','东周（春秋战国）','','',0),(1457,'公元前618年','癸卯','','东周（春秋战国）','','',0),(1458,'公元前617年','甲辰','','东周（春秋战国）','','',0),(1459,'公元前616年','乙巳','','东周（春秋战国）','','',0),(1460,'公元前615年','丙午','','东周（春秋战国）','','',0),(1461,'公元前614年','丁未','','东周（春秋战国）','','',0),(1462,'公元前613年','戊申','','东周（春秋战国）','','',0),(1463,'公元前612年','己酉','','东周（春秋战国）','','',0),(1464,'公元前611年','庚戌','','东周（春秋战国）','','',0),(1465,'公元前610年','辛亥','','东周（春秋战国）','','',0),(1466,'公元前609年','壬子','','东周（春秋战国）','','',0),(1467,'公元前608年','癸丑','','东周（春秋战国）','','',0),(1468,'公元前607年','甲寅','','东周（春秋战国）','','',0),(1469,'公元前606年','乙卯','','东周（春秋战国）','','',0),(1470,'公元前605年','丙辰','','东周（春秋战国）','','',0),(1471,'公元前604年','丁己','','东周（春秋战国）','','',0),(1472,'公元前603年','戊午','','东周（春秋战国）','','',0),(1473,'公元前602年','己未','','东周（春秋战国）','','',0),(1474,'公元前601年','庚申','','东周（春秋战国）','','',0),(1475,'公元前600年','辛酉','','东周（春秋战国）','','',0),(1476,'公元前599年','壬戌','','东周（春秋战国）','','',0),(1477,'公元前598年','癸亥','','东周（春秋战国）','','',0),(1478,'公元前597年','甲子','','东周（春秋战国）','','',0),(1479,'公元前596年','乙丑','','东周（春秋战国）','','',0),(1480,'公元前595年','丙寅','','东周（春秋战国）','','',0),(1481,'公元前594年','丁卯','','东周（春秋战国）','','',0),(1482,'公元前593年','戊辰','','东周（春秋战国）','','',0),(1483,'公元前592年','己巳','','东周（春秋战国）','','',0),(1484,'公元前591年','庚午','','东周（春秋战国）','','',0),(1485,'公元前590年','辛未','','东周（春秋战国）','','',0),(1486,'公元前589年','壬申','','东周（春秋战国）','','',0),(1487,'公元前588年','癸酉','','东周（春秋战国）','','',0),(1488,'公元前587年','甲戌','','东周（春秋战国）','','',0),(1489,'公元前586年','乙亥','','东周（春秋战国）','','',0),(1490,'公元前585年','丙子','','东周（春秋战国）','','',0),(1491,'公元前584年','丁丑','','东周（春秋战国）','','',0),(1492,'公元前583年','戊寅','','东周（春秋战国）','','',0),(1493,'公元前582年','己卯','','东周（春秋战国）','','',0),(1494,'公元前581年','庚辰','','东周（春秋战国）','','',0),(1495,'公元前580年','辛巳','','东周（春秋战国）','','',0),(1496,'公元前579年','壬午','','东周（春秋战国）','','',0),(1497,'公元前578年','癸未','','东周（春秋战国）','','',0),(1498,'公元前577年','甲申','','东周（春秋战国）','','',0),(1499,'公元前576年','乙酉','','东周（春秋战国）','','',0),(1500,'公元前575年','丙戌','','东周（春秋战国）','','',0),(1501,'公元前574年','丁亥','','东周（春秋战国）','','',0),(1502,'公元前573年','戊子','','东周（春秋战国）','','',0),(1503,'公元前572年','己丑','','东周（春秋战国）','','',0),(1504,'公元前571年','庚寅','','东周（春秋战国）','','',0),(1505,'公元前570年','辛卯','','东周（春秋战国）','','',0),(1506,'公元前569年','壬辰','','东周（春秋战国）','','',0),(1507,'公元前568年','癸巳','','东周（春秋战国）','','',0),(1508,'公元前567年','甲午','','东周（春秋战国）','','',0),(1509,'公元前566年','乙未','','东周（春秋战国）','','',0),(1510,'公元前565年','丙申','','东周（春秋战国）','','',0),(1511,'公元前564年','丁酉','','东周（春秋战国）','','',0),(1512,'公元前563年','戊戌','','东周（春秋战国）','','',0),(1513,'公元前562年','己亥','','东周（春秋战国）','','',0),(1514,'公元前561年','庚子','','东周（春秋战国）','','',0),(1515,'公元前560年','辛丑','','东周（春秋战国）','','',0),(1516,'公元前559年','壬寅','','东周（春秋战国）','','',0),(1517,'公元前558年','癸卯','','东周（春秋战国）','','',0),(1518,'公元前557年','甲辰','','东周（春秋战国）','','',0),(1519,'公元前556年','乙巳','','东周（春秋战国）','','',0),(1520,'公元前555年','丙午','','东周（春秋战国）','','',0),(1521,'公元前554年','丁未','','东周（春秋战国）','','',0),(1522,'公元前553年','戊申','','东周（春秋战国）','','',0),(1523,'公元前552年','己酉','','东周（春秋战国）','','',0),(1524,'公元前551年','庚戌','','东周（春秋战国）','','',0),(1525,'公元前550年','辛亥','','东周（春秋战国）','','',0),(1526,'公元前549年','壬子','','东周（春秋战国）','','',0),(1527,'公元前548年','癸丑','','东周（春秋战国）','','',0),(1528,'公元前547年','甲寅','','东周（春秋战国）','','',0),(1529,'公元前546年','乙卯','','东周（春秋战国）','','',0),(1530,'公元前545年','丙辰','','东周（春秋战国）','','',0),(1531,'公元前544年','丁己','','东周（春秋战国）','','',0),(1532,'公元前543年','戊午','','东周（春秋战国）','','',0),(1533,'公元前542年','己未','','东周（春秋战国）','','',0),(1534,'公元前541年','庚申','','东周（春秋战国）','','',0),(1535,'公元前540年','辛酉','','东周（春秋战国）','','',0),(1536,'公元前539年','壬戌','','东周（春秋战国）','','',0),(1537,'公元前538年','癸亥','','东周（春秋战国）','','',0),(1538,'公元前537年','甲子','','东周（春秋战国）','','',0),(1539,'公元前536年','乙丑','','东周（春秋战国）','','',0),(1540,'公元前535年','丙寅','','东周（春秋战国）','','',0),(1541,'公元前534年','丁卯','','东周（春秋战国）','','',0),(1542,'公元前533年','戊辰','','东周（春秋战国）','','',0),(1543,'公元前532年','己巳','','东周（春秋战国）','','',0),(1544,'公元前531年','庚午','','东周（春秋战国）','','',0),(1545,'公元前530年','辛未','','东周（春秋战国）','','',0),(1546,'公元前529年','壬申','','东周（春秋战国）','','',0),(1547,'公元前528年','癸酉','','东周（春秋战国）','','',0),(1548,'公元前527年','甲戌','','东周（春秋战国）','','',0),(1549,'公元前526年','乙亥','','东周（春秋战国）','','',0),(1550,'公元前525年','丙子','','东周（春秋战国）','','',0),(1551,'公元前524年','丁丑','','东周（春秋战国）','','',0),(1552,'公元前523年','戊寅','','东周（春秋战国）','','',0),(1553,'公元前522年','己卯','','东周（春秋战国）','','',0),(1554,'公元前521年','庚辰','','东周（春秋战国）','','',0),(1555,'公元前520年','辛巳','','东周（春秋战国）','','',0),(1556,'公元前519年','壬午','','东周（春秋战国）','','',0),(1557,'公元前518年','癸未','','东周（春秋战国）','','',0),(1558,'公元前517年','甲申','','东周（春秋战国）','','',0),(1559,'公元前516年','乙酉','','东周（春秋战国）','','',0),(1560,'公元前515年','丙戌','','东周（春秋战国）','','',0),(1561,'公元前514年','丁亥','','东周（春秋战国）','','',0),(1562,'公元前513年','戊子','','东周（春秋战国）','','',0),(1563,'公元前512年','己丑','','东周（春秋战国）','','',0),(1564,'公元前511年','庚寅','','东周（春秋战国）','','',0),(1565,'公元前510年','辛卯','','东周（春秋战国）','','',0),(1566,'公元前509年','壬辰','','东周（春秋战国）','','',0),(1567,'公元前508年','癸巳','','东周（春秋战国）','','',0),(1568,'公元前507年','甲午','','东周（春秋战国）','','',0),(1569,'公元前506年','乙未','','东周（春秋战国）','','',0),(1570,'公元前505年','丙申','','东周（春秋战国）','','',0),(1571,'公元前504年','丁酉','','东周（春秋战国）','','',0),(1572,'公元前503年','戊戌','','东周（春秋战国）','','',0),(1573,'公元前502年','己亥','','东周（春秋战国）','','',0),(1574,'公元前501年','庚子','','东周（春秋战国）','','',0),(1575,'公元前500年','辛丑','','东周（春秋战国）','','',0),(1576,'公元前499年','壬寅','','东周（春秋战国）','','',0),(1577,'公元前498年','癸卯','','东周（春秋战国）','','',0),(1578,'公元前497年','甲辰','','东周（春秋战国）','','',0),(1579,'公元前496年','乙巳','','东周（春秋战国）','','',0),(1580,'公元前495年','丙午','','东周（春秋战国）','','',0),(1581,'公元前494年','丁未','','东周（春秋战国）','','',0),(1582,'公元前493年','戊申','','东周（春秋战国）','','',0),(1583,'公元前492年','己酉','','东周（春秋战国）','','',0),(1584,'公元前491年','庚戌','','东周（春秋战国）','','',0),(1585,'公元前490年','辛亥','','东周（春秋战国）','','',0),(1586,'公元前489年','壬子','','东周（春秋战国）','','',0),(1587,'公元前488年','癸丑','','东周（春秋战国）','','',0),(1588,'公元前487年','甲寅','','东周（春秋战国）','','',0),(1589,'公元前486年','乙卯','','东周（春秋战国）','','',0),(1590,'公元前485年','丙辰','','东周（春秋战国）','','',0),(1591,'公元前484年','丁己','','东周（春秋战国）','','',0),(1592,'公元前483年','戊午','','东周（春秋战国）','','',0),(1593,'公元前482年','己未','','东周（春秋战国）','','',0),(1594,'公元前481年','庚申','','东周（春秋战国）','','',0),(1595,'公元前480年','辛酉','','东周（春秋战国）','','',0),(1596,'公元前479年','壬戌','','东周（春秋战国）','','',0),(1597,'公元前478年','癸亥','','东周（春秋战国）','','',0),(1598,'公元前477年','甲子','','东周（春秋战国）','','',0),(1599,'公元前476年','乙丑','','东周（春秋战国）','','',0),(1600,'公元前475年','丙寅','','东周（春秋战国）','','',0),(1601,'公元前474年','丁卯','','东周（春秋战国）','','',0),(1602,'公元前473年','戊辰','','东周（春秋战国）','','',0),(1603,'公元前472年','己巳','','东周（春秋战国）','','',0),(1604,'公元前471年','庚午','','东周（春秋战国）','','',0),(1605,'公元前470年','辛未','','东周（春秋战国）','','',0),(1606,'公元前469年','壬申','','东周（春秋战国）','','',0),(1607,'公元前468年','癸酉','','东周（春秋战国）','','',0),(1608,'公元前467年','甲戌','','东周（春秋战国）','','',0),(1609,'公元前466年','乙亥','','东周（春秋战国）','','',0),(1610,'公元前465年','丙子','','东周（春秋战国）','','',0),(1611,'公元前464年','丁丑','','东周（春秋战国）','','',0),(1612,'公元前463年','戊寅','','东周（春秋战国）','','',0),(1613,'公元前462年','己卯','','东周（春秋战国）','','',0),(1614,'公元前461年','庚辰','','东周（春秋战国）','','',0),(1615,'公元前460年','辛巳','','东周（春秋战国）','','',0),(1616,'公元前459年','壬午','','东周（春秋战国）','','',0),(1617,'公元前458年','癸未','','东周（春秋战国）','','',0),(1618,'公元前457年','甲申','','东周（春秋战国）','','',0),(1619,'公元前456年','乙酉','','东周（春秋战国）','','',0),(1620,'公元前455年','丙戌','','东周（春秋战国）','','',0),(1621,'公元前454年','丁亥','','东周（春秋战国）','','',0),(1622,'公元前453年','戊子','','东周（春秋战国）','','',0),(1623,'公元前452年','己丑','','东周（春秋战国）','','',0),(1624,'公元前451年','庚寅','','东周（春秋战国）','','',0),(1625,'公元前450年','辛卯','','东周（春秋战国）','','',0),(1626,'公元前449年','壬辰','','东周（春秋战国）','','',0),(1627,'公元前448年','癸巳','','东周（春秋战国）','','',0),(1628,'公元前447年','甲午','','东周（春秋战国）','','',0),(1629,'公元前446年','乙未','','东周（春秋战国）','','',0),(1630,'公元前445年','丙申','','东周（春秋战国）','','',0),(1631,'公元前444年','丁酉','','东周（春秋战国）','','',0),(1632,'公元前443年','戊戌','','东周（春秋战国）','','',0),(1633,'公元前442年','己亥','','东周（春秋战国）','','',0),(1634,'公元前441年','庚子','','东周（春秋战国）','','',0),(1635,'公元前440年','辛丑','','东周（春秋战国）','','',0),(1636,'公元前439年','壬寅','','东周（春秋战国）','','',0),(1637,'公元前438年','癸卯','','东周（春秋战国）','','',0),(1638,'公元前437年','甲辰','','东周（春秋战国）','','',0),(1639,'公元前436年','乙巳','','东周（春秋战国）','','',0),(1640,'公元前435年','丙午','','东周（春秋战国）','','',0),(1641,'公元前434年','丁未','','东周（春秋战国）','','',0),(1642,'公元前433年','戊申','','东周（春秋战国）','','',0),(1643,'公元前432年','己酉','','东周（春秋战国）','','',0),(1644,'公元前431年','庚戌','','东周（春秋战国）','','',0),(1645,'公元前430年','辛亥','','东周（春秋战国）','','',0),(1646,'公元前429年','壬子','','东周（春秋战国）','','',0),(1647,'公元前428年','癸丑','','东周（春秋战国）','','',0),(1648,'公元前427年','甲寅','','东周（春秋战国）','','',0),(1649,'公元前426年','乙卯','','东周（春秋战国）','','',0),(1650,'公元前425年','丙辰','','东周（春秋战国）','','',0),(1651,'公元前424年','丁己','','东周（春秋战国）','','',0),(1652,'公元前423年','戊午','','东周（春秋战国）','','',0),(1653,'公元前422年','己未','','东周（春秋战国）','','',0),(1654,'公元前421年','庚申','','东周（春秋战国）','','',0),(1655,'公元前420年','辛酉','','东周（春秋战国）','','',0),(1656,'公元前419年','壬戌','','东周（春秋战国）','','',0),(1657,'公元前418年','癸亥','','东周（春秋战国）','','',0),(1658,'公元前417年','甲子','','东周（春秋战国）','','',0),(1659,'公元前416年','乙丑','','东周（春秋战国）','','',0),(1660,'公元前415年','丙寅','','东周（春秋战国）','','',0),(1661,'公元前414年','丁卯','','东周（春秋战国）','','',0),(1662,'公元前413年','戊辰','','东周（春秋战国）','','',0),(1663,'公元前412年','己巳','','东周（春秋战国）','','',0),(1664,'公元前411年','庚午','','东周（春秋战国）','','',0),(1665,'公元前410年','辛未','','东周（春秋战国）','','',0),(1666,'公元前409年','壬申','','东周（春秋战国）','','',0),(1667,'公元前408年','癸酉','','东周（春秋战国）','','',0),(1668,'公元前407年','甲戌','','东周（春秋战国）','','',0),(1669,'公元前406年','乙亥','','东周（春秋战国）','','',0),(1670,'公元前405年','丙子','','东周（春秋战国）','','',0),(1671,'公元前404年','丁丑','','东周（春秋战国）','','',0),(1672,'公元前403年','戊寅','','东周（春秋战国）','','',0),(1673,'公元前402年','己卯','','东周（春秋战国）','','',0),(1674,'公元前401年','庚辰','','东周（春秋战国）','','',0),(1675,'公元前400年','辛巳','','东周（春秋战国）','','',0),(1676,'公元前399年','壬午','','东周（春秋战国）','','',0),(1677,'公元前398年','癸未','','东周（春秋战国）','','',0),(1678,'公元前397年','甲申','','东周（春秋战国）','','',0),(1679,'公元前396年','乙酉','','东周（春秋战国）','','',0),(1680,'公元前395年','丙戌','','东周（春秋战国）','','',0),(1681,'公元前394年','丁亥','','东周（春秋战国）','','',0),(1682,'公元前393年','戊子','','东周（春秋战国）','','',0),(1683,'公元前392年','己丑','','东周（春秋战国）','','',0),(1684,'公元前391年','庚寅','','东周（春秋战国）','','',0),(1685,'公元前390年','辛卯','','东周（春秋战国）','','',0),(1686,'公元前389年','壬辰','','东周（春秋战国）','','',0),(1687,'公元前388年','癸巳','','东周（春秋战国）','','',0),(1688,'公元前387年','甲午','','东周（春秋战国）','','',0),(1689,'公元前386年','乙未','','东周（春秋战国）','','',0),(1690,'公元前385年','丙申','','东周（春秋战国）','','',0),(1691,'公元前384年','丁酉','','东周（春秋战国）','','',0),(1692,'公元前383年','戊戌','','东周（春秋战国）','','',0),(1693,'公元前382年','己亥','','东周（春秋战国）','','',0),(1694,'公元前381年','庚子','','东周（春秋战国）','','',0),(1695,'公元前380年','辛丑','','东周（春秋战国）','','',0),(1696,'公元前379年','壬寅','','东周（春秋战国）','','',0),(1697,'公元前378年','癸卯','','东周（春秋战国）','','',0),(1698,'公元前377年','甲辰','','东周（春秋战国）','','',0),(1699,'公元前376年','乙巳','','东周（春秋战国）','','',0),(1700,'公元前375年','丙午','','东周（春秋战国）','','',0),(1701,'公元前374年','丁未','','东周（春秋战国）','','',0),(1702,'公元前373年','戊申','','东周（春秋战国）','','',0),(1703,'公元前372年','己酉','','东周（春秋战国）','','',0),(1704,'公元前371年','庚戌','','东周（春秋战国）','','',0),(1705,'公元前370年','辛亥','','东周（春秋战国）','','',0),(1706,'公元前369年','壬子','','东周（春秋战国）','','',0),(1707,'公元前368年','癸丑','','东周（春秋战国）','','',0),(1708,'公元前367年','甲寅','','东周（春秋战国）','','',0),(1709,'公元前366年','乙卯','','东周（春秋战国）','','',0),(1710,'公元前365年','丙辰','','东周（春秋战国）','','',0),(1711,'公元前364年','丁己','','东周（春秋战国）','','',0),(1712,'公元前363年','戊午','','东周（春秋战国）','','',0),(1713,'公元前362年','己未','','东周（春秋战国）','','',0),(1714,'公元前361年','庚申','','东周（春秋战国）','','',0),(1715,'公元前360年','辛酉','','东周（春秋战国）','','',0),(1716,'公元前359年','壬戌','','东周（春秋战国）','','',0),(1717,'公元前358年','癸亥','','东周（春秋战国）','','',0),(1718,'公元前357年','甲子','','东周（春秋战国）','','',0),(1719,'公元前356年','乙丑','','东周（春秋战国）','','',0),(1720,'公元前355年','丙寅','','东周（春秋战国）','','',0),(1721,'公元前354年','丁卯','','东周（春秋战国）','','',0),(1722,'公元前353年','戊辰','','东周（春秋战国）','','',0),(1723,'公元前352年','己巳','','东周（春秋战国）','','',0),(1724,'公元前351年','庚午','','东周（春秋战国）','','',0),(1725,'公元前350年','辛未','','东周（春秋战国）','','',0),(1726,'公元前349年','壬申','','东周（春秋战国）','','',0),(1727,'公元前348年','癸酉','','东周（春秋战国）','','',0),(1728,'公元前347年','甲戌','','东周（春秋战国）','','',0),(1729,'公元前346年','乙亥','','东周（春秋战国）','','',0),(1730,'公元前345年','丙子','','东周（春秋战国）','','',0),(1731,'公元前344年','丁丑','','东周（春秋战国）','','',0),(1732,'公元前343年','戊寅','','东周（春秋战国）','','',0),(1733,'公元前342年','己卯','','东周（春秋战国）','','',0),(1734,'公元前341年','庚辰','','东周（春秋战国）','','',0),(1735,'公元前340年','辛巳','','东周（春秋战国）','','',0),(1736,'公元前339年','壬午','','东周（春秋战国）','','',0),(1737,'公元前338年','癸未','','东周（春秋战国）','','',0),(1738,'公元前337年','甲申','','东周（春秋战国）','','',0),(1739,'公元前336年','乙酉','','东周（春秋战国）','','',0),(1740,'公元前335年','丙戌','','东周（春秋战国）','','',0),(1741,'公元前334年','丁亥','','东周（春秋战国）','','',0),(1742,'公元前333年','戊子','','东周（春秋战国）','','',0),(1743,'公元前332年','己丑','','东周（春秋战国）','','',0),(1744,'公元前331年','庚寅','','东周（春秋战国）','','',0),(1745,'公元前330年','辛卯','','东周（春秋战国）','','',0),(1746,'公元前329年','壬辰','','东周（春秋战国）','','',0),(1747,'公元前328年','癸巳','','东周（春秋战国）','','',0),(1748,'公元前327年','甲午','','东周（春秋战国）','','',0),(1749,'公元前326年','乙未','','东周（春秋战国）','','',0),(1750,'公元前325年','丙申','','东周（春秋战国）','','',0),(1751,'公元前324年','丁酉','','东周（春秋战国）','','',0),(1752,'公元前323年','戊戌','','东周（春秋战国）','','',0),(1753,'公元前322年','己亥','','东周（春秋战国）','','',0),(1754,'公元前321年','庚子','','东周（春秋战国）','','',0),(1755,'公元前320年','辛丑','','东周（春秋战国）','','',0),(1756,'公元前319年','壬寅','','东周（春秋战国）','','',0),(1757,'公元前318年','癸卯','','东周（春秋战国）','','',0),(1758,'公元前317年','甲辰','','东周（春秋战国）','','',0),(1759,'公元前316年','乙巳','','东周（春秋战国）','','',0),(1760,'公元前315年','丙午','','东周（春秋战国）','','',0),(1761,'公元前314年','丁未','','东周（春秋战国）','','',0),(1762,'公元前313年','戊申','','东周（春秋战国）','','',0),(1763,'公元前312年','己酉','','东周（春秋战国）','','',0),(1764,'公元前311年','庚戌','','东周（春秋战国）','','',0),(1765,'公元前310年','辛亥','','东周（春秋战国）','','',0),(1766,'公元前309年','壬子','','东周（春秋战国）','','',0),(1767,'公元前308年','癸丑','','东周（春秋战国）','','',0),(1768,'公元前307年','甲寅','','东周（春秋战国）','','',0),(1769,'公元前306年','乙卯','','东周（春秋战国）','','',0),(1770,'公元前305年','丙辰','','东周（春秋战国）','','',0),(1771,'公元前304年','丁己','','东周（春秋战国）','','',0),(1772,'公元前303年','戊午','','东周（春秋战国）','','',0),(1773,'公元前302年','己未','','东周（春秋战国）','','',0),(1774,'公元前301年','庚申','','东周（春秋战国）','','',0),(1775,'公元前300年','辛酉','','东周（春秋战国）','','',0),(1776,'公元前299年','壬戌','','东周（春秋战国）','','',0),(1777,'公元前298年','癸亥','','东周（春秋战国）','','',0),(1778,'公元前297年','甲子','','东周（春秋战国）','','',0),(1779,'公元前296年','乙丑','','东周（春秋战国）','','',0),(1780,'公元前295年','丙寅','','东周（春秋战国）','','',0),(1781,'公元前294年','丁卯','','东周（春秋战国）','','',0),(1782,'公元前293年','戊辰','','东周（春秋战国）','','',0),(1783,'公元前292年','己巳','','东周（春秋战国）','','',0),(1784,'公元前291年','庚午','','东周（春秋战国）','','',0),(1785,'公元前290年','辛未','','东周（春秋战国）','','',0),(1786,'公元前289年','壬申','','东周（春秋战国）','','',0),(1787,'公元前288年','癸酉','','东周（春秋战国）','','',0),(1788,'公元前287年','甲戌','','东周（春秋战国）','','',0),(1789,'公元前286年','乙亥','','东周（春秋战国）','','',0),(1790,'公元前285年','丙子','','东周（春秋战国）','','',0),(1791,'公元前284年','丁丑','','东周（春秋战国）','','',0),(1792,'公元前283年','戊寅','','东周（春秋战国）','','',0),(1793,'公元前282年','己卯','','东周（春秋战国）','','',0),(1794,'公元前281年','庚辰','','东周（春秋战国）','','',0),(1795,'公元前280年','辛巳','','东周（春秋战国）','','',0),(1796,'公元前279年','壬午','','东周（春秋战国）','','',0),(1797,'公元前278年','癸未','','东周（春秋战国）','','',0),(1798,'公元前277年','甲申','','东周（春秋战国）','','',0),(1799,'公元前276年','乙酉','','东周（春秋战国）','','',0),(1800,'公元前275年','丙戌','','东周（春秋战国）','','',0),(1801,'公元前274年','丁亥','','东周（春秋战国）','','',0),(1802,'公元前273年','戊子','','东周（春秋战国）','','',0),(1803,'公元前272年','己丑','','东周（春秋战国）','','',0),(1804,'公元前271年','庚寅','','东周（春秋战国）','','',0),(1805,'公元前270年','辛卯','','东周（春秋战国）','','',0),(1806,'公元前269年','壬辰','','东周（春秋战国）','','',0),(1807,'公元前268年','癸巳','','东周（春秋战国）','','',0),(1808,'公元前267年','甲午','','东周（春秋战国）','','',0),(1809,'公元前266年','乙未','','东周（春秋战国）','','',0),(1810,'公元前265年','丙申','','东周（春秋战国）','','',0),(1811,'公元前264年','丁酉','','东周（春秋战国）','','',0),(1812,'公元前263年','戊戌','','东周（春秋战国）','','',0),(1813,'公元前262年','己亥','','东周（春秋战国）','','',0),(1814,'公元前261年','庚子','','东周（春秋战国）','','',0),(1815,'公元前260年','辛丑','','东周（春秋战国）','','',0),(1816,'公元前259年','壬寅','','东周（春秋战国）','','',0),(1817,'公元前258年','癸卯','','东周（春秋战国）','','',0),(1818,'公元前257年','甲辰','','东周（春秋战国）','','',0),(1819,'公元前256年','乙巳','','东周（春秋战国）','','',0),(1820,'公元前255年','丙午','','东周（春秋战国）','','',0),(1821,'公元前254年','丁未','','东周（春秋战国）','','',0),(1822,'公元前253年','戊申','','东周（春秋战国）','','',0),(1823,'公元前252年','己酉','','东周（春秋战国）','','',0),(1824,'公元前251年','庚戌','','东周（春秋战国）','','',0),(1825,'公元前250年','辛亥','','东周（春秋战国）','','',0),(1826,'公元前249年','壬子','','东周（春秋战国）','','',0),(1827,'公元前248年','癸丑','','东周（春秋战国）','','',0),(1828,'公元前247年','甲寅','','东周（春秋战国）','','',0),(1829,'公元前246年','乙卯','','东周（春秋战国）','','',0),(1830,'公元前245年','丙辰','','东周（春秋战国）','','',0),(1831,'公元前244年','丁己','','东周（春秋战国）','','',0),(1832,'公元前243年','戊午','','东周（春秋战国）','','',0),(1833,'公元前242年','己未','','东周（春秋战国）','','',0),(1834,'公元前241年','庚申','','东周（春秋战国）','','',0),(1835,'公元前240年','辛酉','','东周（春秋战国）','','',0),(1836,'公元前239年','壬戌','','东周（春秋战国）','','',0),(1837,'公元前238年','癸亥','','东周（春秋战国）','','',0),(1838,'公元前237年','甲子','','东周（春秋战国）','','',0),(1839,'公元前236年','乙丑','','东周（春秋战国）','','',0),(1840,'公元前235年','丙寅','','东周（春秋战国）','','',0),(1841,'公元前234年','丁卯','','东周（春秋战国）','','',0),(1842,'公元前233年','戊辰','','东周（春秋战国）','','',0),(1843,'公元前232年','己巳','','东周（春秋战国）','','',0),(1844,'公元前231年','庚午','','东周（春秋战国）','','',0),(1845,'公元前230年','辛未','','东周（春秋战国）','','',0),(1846,'公元前229年','壬申','','东周（春秋战国）','','',0),(1847,'公元前228年','癸酉','','东周（春秋战国）','','',0),(1848,'公元前227年','甲戌','','东周（春秋战国）','','',0),(1849,'公元前226年','乙亥','','东周（春秋战国）','','',0),(1850,'公元前225年','丙子','','东周（春秋战国）','','',0),(1851,'公元前224年','丁丑','','东周（春秋战国）','','',0),(1852,'公元前223年','戊寅','','东周（春秋战国）','','',0),(1853,'公元前222年','己卯','','东周（春秋战国）','','',0),(1854,'公元前221年','庚辰','','秦','','',0),(1855,'公元前220年','辛巳','','秦','','',0),(1856,'公元前219年','壬午','','秦','','',0),(1857,'公元前218年','癸未','','秦','','',0),(1858,'公元前217年','甲申','','秦','','',0),(1859,'公元前216年','乙酉','','秦','','',0),(1860,'公元前215年','丙戌','','秦','','',0),(1861,'公元前214年','丁亥','','秦','','',0),(1862,'公元前213年','戊子','','秦','','',0),(1863,'公元前212年','己丑','','秦','','',0),(1864,'公元前211年','庚寅','','秦','','',0),(1865,'公元前210年','辛卯','','秦','','',0),(1866,'公元前209年','壬辰','','秦','','',0),(1867,'公元前208年','癸巳','','秦','','',0),(1868,'公元前207年','甲午','','秦','','',0),(1869,'公元前206年','乙未','','西汉','太祖','',0),(1870,'公元前205年','丙申','','西汉','太祖','',0),(1871,'公元前204年','丁酉','','西汉','太祖','',0),(1872,'公元前203年','戊戌','','西汉','太祖','',0),(1873,'公元前202年','己亥','','西汉','太祖','',0),(1874,'公元前201年','庚子','','西汉','太祖','',0),(1875,'公元前200年','辛丑','','西汉','太祖','',0),(1876,'公元前199年','壬寅','','西汉','太祖','',0),(1877,'公元前198年','癸卯','','西汉','太祖','',0),(1878,'公元前197年','甲辰','','西汉','太祖','',0),(1879,'公元前196年','乙巳','','西汉','太祖','',0),(1880,'公元前195年','丙午','','西汉','','',0),(1881,'公元前194年','丁未','','西汉','','',0),(1882,'公元前193年','戊申','','西汉','','',0),(1883,'公元前192年','己酉','','西汉','','',0),(1884,'公元前191年','庚戌','','西汉','','',0),(1885,'公元前190年','辛亥','','西汉','','',0),(1886,'公元前189年','壬子','','西汉','','',0),(1887,'公元前188年','癸丑','','西汉','','',0),(1888,'公元前187年','甲寅','','西汉','','',0),(1889,'公元前186年','乙卯','','西汉','','',0),(1890,'公元前185年','丙辰','','西汉','','',0),(1891,'公元前184年','丁己','','西汉','','',0),(1892,'公元前183年','戊午','','西汉','','',0),(1893,'公元前182年','己未','','西汉','','',0),(1894,'公元前181年','庚申','','西汉','','',0),(1895,'公元前180年','辛酉','','西汉','无/太宗','',0),(1896,'公元前179年','壬戌','','西汉','太宗','',0),(1897,'公元前178年','癸亥','','西汉','太宗','',0),(1898,'公元前177年','甲子','','西汉','太宗','',0),(1899,'公元前176年','乙丑','','西汉','太宗','',0),(1900,'公元前175年','丙寅','','西汉','太宗','',0),(1901,'公元前174年','丁卯','','西汉','太宗','',0),(1902,'公元前173年','戊辰','','西汉','太宗','',0),(1903,'公元前172年','己巳','','西汉','太宗','',0),(1904,'公元前171年','庚午','','西汉','太宗','',0),(1905,'公元前170年','辛未','','西汉','太宗','',0),(1906,'公元前169年','壬申','','西汉','太宗','',0),(1907,'公元前168年','癸酉','','西汉','太宗','',0),(1908,'公元前167年','甲戌','','西汉','太宗','',0),(1909,'公元前166年','乙亥','','西汉','太宗','',0),(1910,'公元前165年','丙子','','西汉','太宗','',0),(1911,'公元前164年','丁丑','','西汉','太宗','',0),(1912,'公元前163年','戊寅','','西汉','太宗','',0),(1913,'公元前162年','己卯','','西汉','太宗','',0),(1914,'公元前161年','庚辰','','西汉','太宗','',0),(1915,'公元前160年','辛巳','','西汉','太宗','',0),(1916,'公元前159年','壬午','','西汉','太宗','',0),(1917,'公元前158年','癸未','','西汉','太宗','',0),(1918,'公元前157年','甲申','','西汉','太宗/无','',0),(1919,'公元前156年','乙酉','','西汉','','',0),(1920,'公元前155年','丙戌','','西汉','','',0),(1921,'公元前154年','丁亥','','西汉','','',0),(1922,'公元前153年','戊子','','西汉','','',0),(1923,'公元前152年','己丑','','西汉','','',0),(1924,'公元前151年','庚寅','','西汉','','',0),(1925,'公元前150年','辛卯','','西汉','','',0),(1926,'公元前149年','壬辰','','西汉','','',0),(1927,'公元前148年','癸巳','','西汉','','',0),(1928,'公元前147年','甲午','','西汉','','',0),(1929,'公元前146年','乙未','','西汉','','',0),(1930,'公元前145年','丙申','','西汉','','',0),(1931,'公元前144年','丁酉','','西汉','','',0),(1932,'公元前143年','戊戌','','西汉','','',0),(1933,'公元前142年','己亥','','西汉','','',0),(1934,'公元前141年','庚子','','西汉','世宗','',0),(1935,'公元前140年','辛丑','建元元年','西汉','世宗','建元',0),(1936,'公元前139年','壬寅','建元二年','西汉','世宗','建元',0),(1937,'公元前138年','癸卯','建元三年','西汉','世宗','建元',0),(1938,'公元前137年','甲辰','建元四年','西汉','世宗','建元',0),(1939,'公元前136年','乙巳','建元五年','西汉','世宗','建元',0),(1940,'公元前135年','丙午','建元六年','西汉','世宗','建元',0),(1941,'公元前134年','丁未','元光元年','西汉','世宗','元光',0),(1942,'公元前133年','戊申','元光二年','西汉','世宗','元光',0),(1943,'公元前132年','己酉','元光三年','西汉','世宗','元光',0),(1944,'公元前131年','庚戌','元光四年','西汉','世宗','元光',0),(1945,'公元前130年','辛亥','元光五年','西汉','世宗','元光',0),(1946,'公元前129年','壬子','元光六年','西汉','世宗','元光',0),(1947,'公元前128年','癸丑','元朔元年','西汉','世宗','元朔',0),(1948,'公元前127年','甲寅','元朔二年','西汉','世宗','元朔',0),(1949,'公元前126年','乙卯','元朔三年','西汉','世宗','元朔',0),(1950,'公元前125年','丙辰','元朔四年','西汉','世宗','元朔',0),(1951,'公元前124年','丁己','元朔五年','西汉','世宗','元朔',0),(1952,'公元前123年','戊午','元朔六年','西汉','世宗','元朔',0),(1953,'公元前122年','己未','元狩元年','西汉','世宗','元狩',0),(1954,'公元前121年','庚申','元狩二年','西汉','世宗','元狩',0),(1955,'公元前120年','辛酉','元狩三年','西汉','世宗','元狩',0),(1956,'公元前119年','壬戌','元狩四年','西汉','世宗','元狩',0),(1957,'公元前118年','癸亥','元狩五年','西汉','世宗','元狩',0),(1958,'公元前117年','甲子','元狩六年','西汉','世宗','元狩',0),(1959,'公元前116年','乙丑','元鼎元年','西汉','世宗','元鼎',0),(1960,'公元前115年','丙寅','元鼎二年','西汉','世宗','元鼎',0),(1961,'公元前114年','丁卯','元鼎三年','西汉','世宗','元鼎',0),(1962,'公元前113年','戊辰','元鼎四年','西汉','世宗','元鼎',0),(1963,'公元前112年','己巳','元鼎五年','西汉','世宗','元鼎',0),(1964,'公元前111年','庚午','元鼎六年','西汉','世宗','元鼎',0),(1965,'公元前110年','辛未','元封元年','西汉','世宗','元封',0),(1966,'公元前109年','壬申','元封二年','西汉','世宗','元封',0),(1967,'公元前108年','癸酉','元封三年','西汉','世宗','元封',0),(1968,'公元前107年','甲戌','元封四年','西汉','世宗','元封',0),(1969,'公元前106年','乙亥','元封五年','西汉','世宗','元封',0),(1970,'公元前105年','丙子','元封六年','西汉','世宗','元封',0),(1971,'公元前104年','丁丑','太初元年','西汉','世宗','太初',0),(1972,'公元前103年','戊寅','太初二年','西汉','世宗','太初',0),(1973,'公元前102年','己卯','太初三年','西汉','世宗','太初',0),(1974,'公元前101年','庚辰','太初四年','西汉','世宗','太初',0),(1975,'公元前100年','辛巳','天汉元年','西汉','世宗','天汉',0),(1976,'公元前99年','壬午','天汉二年','西汉','世宗','天汉',0),(1977,'公元前98年','癸未','天汉三年','西汉','世宗','天汉',0),(1978,'公元前97年','甲申','天汉四年','西汉','世宗','天汉',0),(1979,'公元前96年','乙酉','太始元年','西汉','世宗','太始',0),(1980,'公元前95年','丙戌','太始二年','西汉','世宗','太始',0),(1981,'公元前94年','丁亥','太始三年','西汉','世宗','太始',0),(1982,'公元前93年','戊子','太始四年','西汉','世宗','太始',0),(1983,'公元前92年','己丑','征和元年','西汉','世宗','征和',0),(1984,'公元前91年','庚寅','征和二年','西汉','世宗','征和',0),(1985,'公元前90年','辛卯','征和三年','西汉','世宗','征和',0),(1986,'公元前89年','壬辰','征和四年','西汉','世宗','征和',0),(1987,'公元前88年','癸巳','后元元年','西汉','世宗','后元',0),(1988,'公元前87年','甲午','后元二年','西汉','世宗/无','后元',0),(1989,'公元前86年','乙未','始元一年','西汉','','始元',0),(1990,'公元前85年','丙申','始元二年','西汉','','始元',0),(1991,'公元前84年','丁酉','始元三年','西汉','','始元',0),(1992,'公元前83年','戊戌','始元四年','西汉','','始元',0),(1993,'公元前82年','己亥','始元五年','西汉','','始元',0),(1994,'公元前81年','庚子','始元六年','西汉','','始元',0),(1995,'公元前80年','辛丑','始元七年/元凤元年','西汉','','始元/元凤',0),(1996,'公元前79年','壬寅','元凤二年','西汉','','元凤',0),(1997,'公元前78年','癸卯','元凤三年','西汉','','元凤',0),(1998,'公元前77年','甲辰','元凤四年','西汉','','元凤',0),(1999,'公元前76年','乙巳','元凤五年','西汉','','元凤',0),(2000,'公元前75年','丙午','元凤六年','西汉','','元凤',0),(2001,'公元前74年','丁未','元平元年','西汉','无/中宗','元平',0),(2002,'公元前73年','戊申','本始元年','西汉','中宗','本始',0),(2003,'公元前72年','己酉','本始二年','西汉','中宗','本始',0),(2004,'公元前71年','庚戌','本始三年','西汉','中宗','本始',0),(2005,'公元前70年','辛亥','本始四年','西汉','中宗','本始',0),(2006,'公元前69年','壬子','地节元年','西汉','中宗','地节',0),(2007,'公元前68年','癸丑','地节二年','西汉','中宗','地节',0),(2008,'公元前67年','甲寅','地节三年','西汉','中宗','地节',0),(2009,'公元前66年','乙卯','地节四年','西汉','中宗','地节',0),(2010,'公元前65年','丙辰','元康元年','西汉','中宗','元康',0),(2011,'公元前64年','丁己','元康二年','西汉','中宗','元康',0),(2012,'公元前63年','戊午','元康三年','西汉','中宗','元康',0),(2013,'公元前62年','己未','元康四年','西汉','中宗','元康',0),(2014,'公元前61年','庚申','元康五年/神爵元年','西汉','中宗','元康/神爵',0),(2015,'公元前60年','辛酉','神爵二年','西汉','中宗','神爵',0),(2016,'公元前59年','壬戌','神爵三年','西汉','中宗','神爵',0),(2017,'公元前58年','癸亥','神爵四年','西汉','中宗','神爵',0),(2018,'公元前57年','甲子','五凤元年','西汉','中宗','五凤',0),(2019,'公元前56年','乙丑','五凤二年','西汉','中宗','五凤',0),(2020,'公元前55年','丙寅','五凤三年','西汉','中宗','五凤',0),(2021,'公元前54年','丁卯','五凤四年','西汉','中宗','五凤',0),(2022,'公元前53年','戊辰','甘露元年','西汉','中宗','甘露',0),(2023,'公元前52年','己巳','甘露二年','西汉','中宗','甘露',0),(2024,'公元前51年','庚午','甘露三年','西汉','中宗','甘露',0),(2025,'公元前50年','辛未','甘露四年','西汉','中宗','甘露',0),(2026,'公元前49年','壬申','黄龙元年','西汉','中宗/高宗','黄龙',0),(2027,'公元前48年','癸酉','初元元年','西汉','高宗','初元',0),(2028,'公元前47年','甲戌','初元二年','西汉','高宗','初元',0),(2029,'公元前46年','乙亥','初元三年','西汉','高宗','初元',0),(2030,'公元前45年','丙子','初元四年','西汉','高宗','初元',0),(2031,'公元前44年','丁丑','初元五年','西汉','高宗','初元',0),(2032,'公元前43年','戊寅','永光元年','西汉','高宗','永光',0),(2033,'公元前42年','己卯','永光二年','西汉','高宗','永光',0),(2034,'公元前41年','庚辰','永光三年','西汉','高宗','永光',0),(2035,'公元前40年','辛巳','永光四年','西汉','高宗','永光',0),(2036,'公元前39年','壬午','永光五年','西汉','高宗','永光',0),(2037,'公元前38年','癸未','建昭元年','西汉','高宗','建昭',0),(2038,'公元前37年','甲申','建昭二年','西汉','高宗','建昭',0),(2039,'公元前36年','乙酉','建昭三年','西汉','高宗','建昭',0),(2040,'公元前35年','丙戌','建昭四年','西汉','高宗','建昭',0),(2041,'公元前34年','丁亥','建昭五年','西汉','高宗','建昭',0),(2042,'公元前33年','戊子','竟宁元年','西汉','高宗/统宗','竟宁',0),(2043,'公元前32年','己丑','建始元年','西汉','统宗','建始',0),(2044,'公元前31年','庚寅','建始二年','西汉','统宗','建始',0),(2045,'公元前30年','辛卯','建始三年','西汉','统宗','建始',0),(2046,'公元前29年','壬辰','建始四年','西汉','统宗','建始',0),(2047,'公元前28年','癸巳','建始五年/河平元年','西汉','统宗','建始/河平',0),(2048,'公元前27年','甲午','河平二年','西汉','统宗','河平',0),(2049,'公元前26年','乙未','河平三年','西汉','统宗','河平',0),(2050,'公元前25年','丙申','河平四年','西汉','统宗','河平',0),(2051,'公元前24年','丁酉','阳朔元年','西汉','统宗','阳朔',0),(2052,'公元前23年','戊戌','阳朔二年','西汉','统宗','阳朔',0),(2053,'公元前22年','己亥','阳朔三年','西汉','统宗','阳朔',0),(2054,'公元前21年','庚子','阳朔四年','西汉','统宗','阳朔',0),(2055,'公元前20年','辛丑','鸿嘉元年','西汉','统宗','鸿嘉',0),(2056,'公元前19年','壬寅','鸿嘉二年','西汉','统宗','鸿嘉',0),(2057,'公元前18年','癸卯','鸿嘉三年','西汉','统宗','鸿嘉',0),(2058,'公元前17年','甲辰','鸿嘉四年','西汉','统宗','鸿嘉',0),(2059,'公元前16年','乙巳','永始元年','西汉','统宗','永始',0),(2060,'公元前15年','丙午','永始二年','西汉','统宗','永始',0),(2061,'公元前14年','丁未','永始三年','西汉','统宗','永始',0),(2062,'公元前13年','戊申','永始四年','西汉','统宗','永始',0),(2063,'公元前12年','己酉','元延元年','西汉','统宗','元延',0),(2064,'公元前11年','庚戌','元延二年','西汉','统宗','元延',0),(2065,'公元前10年','辛亥','元延三年','西汉','统宗','元延',0),(2066,'公元前9年','壬子','元延四年','西汉','统宗','元延',0),(2067,'公元前8年','癸丑','绥和元年','西汉','统宗','绥和',0),(2068,'公元前7年','甲寅','绥和二年','西汉','统宗/无','绥和',0),(2069,'公元前6年','乙卯','建平元年','西汉','','建平',0),(2070,'公元前5年','丙辰','建平二年/太初元将元年','西汉','','建平/太初元将',0),(2071,'公元前4年','丁己','建平三年','西汉','','建平',0),(2072,'公元前3年','戊午','建平四年','西汉','','建平',0),(2073,'公元前2年','己未','元寿元年','西汉','','元寿',0),(2074,'公元前1年','庚申','元寿二年','西汉','无/元宗','元寿',0),(2075,'公元1年','辛酉','元始元年','西汉','元宗','元始',0),(2076,'公元2年','壬戌','元始二年','西汉','元宗','元始',0),(2077,'公元3年','癸亥','元始三年','西汉','元宗','元始',0),(2078,'公元4年','甲子','元始四年','西汉','元宗','元始',0),(2079,'公元5年','乙丑','元始五年','西汉','元宗','元始',0),(2080,'公元6年','丙寅','居摄元年','西汉','元宗/无','居摄',0),(2081,'公元7年','丁卯','居摄二年','西汉','','居摄',0),(2082,'公元8年','戊辰','居摄三年/初始元年','西汉','','居摄/初始',0),(2083,'公元9年','己巳','','西汉','','',0),(2084,'公元10年','庚午','','西汉','','',0),(2085,'公元11年','辛未','','西汉','','',0),(2086,'公元12年','壬申','','西汉','','',0),(2087,'公元13年','癸酉','','西汉','','',0),(2088,'公元14年','甲戌','','西汉','','',0),(2089,'公元15年','乙亥','','西汉','','',0),(2090,'公元16年','丙子','','西汉','','',0),(2091,'公元17年','丁丑','','西汉','','',0),(2092,'公元18年','戊寅','','西汉','','',0),(2093,'公元19年','己卯','','西汉','','',0),(2094,'公元20年','庚辰','','西汉','','',0),(2095,'公元21年','辛巳','','西汉','','',0),(2096,'公元22年','壬午','','西汉','','',0),(2097,'公元23年','癸未','','西汉','','',0),(2098,'公元24年','甲申','','西汉','','',0),(2099,'公元25年','乙酉','建武元年','东汉','世祖','建武',0),(2100,'公元26年','丙戌','建武二年','东汉','世祖','建武',0),(2101,'公元27年','丁亥','建武三年','东汉','世祖','建武',0),(2102,'公元28年','戊子','建武四年','东汉','世祖','建武',0),(2103,'公元29年','己丑','建武五年','东汉','世祖','建武',0),(2104,'公元30年','庚寅','建武六年','东汉','世祖','建武',0),(2105,'公元31年','辛卯','建武七年','东汉','世祖','建武',0),(2106,'公元32年','壬辰','建武八年','东汉','世祖','建武',0),(2107,'公元33年','癸巳','建武九年','东汉','世祖','建武',0),(2108,'公元34年','甲午','建武十年','东汉','世祖','建武',0),(2109,'公元35年','乙未','建武十一年','东汉','世祖','建武',0),(2110,'公元36年','丙申','建武十二年','东汉','世祖','建武',0),(2111,'公元37年','丁酉','建武十三年','东汉','世祖','建武',0),(2112,'公元38年','戊戌','建武十四年','东汉','世祖','建武',0),(2113,'公元39年','己亥','建武十五年','东汉','世祖','建武',0),(2114,'公元40年','庚子','建武十六年','东汉','世祖','建武',0),(2115,'公元41年','辛丑','建武十七年','东汉','世祖','建武',0),(2116,'公元42年','壬寅','建武十八年','东汉','世祖','建武',0),(2117,'公元43年','癸卯','建武十九年','东汉','世祖','建武',0),(2118,'公元44年','甲辰','建武二十年','东汉','世祖','建武',0),(2119,'公元45年','乙巳','建武二十一年','东汉','世祖','建武',0),(2120,'公元46年','丙午','建武二十二年','东汉','世祖','建武',0),(2121,'公元47年','丁未','建武二十三年','东汉','世祖','建武',0),(2122,'公元48年','戊申','建武二十四年','东汉','世祖','建武',0),(2123,'公元49年','己酉','建武二十五年','东汉','世祖','建武',0),(2124,'公元50年','庚戌','建武二十六年','东汉','世祖','建武',0),(2125,'公元51年','辛亥','建武二十七年','东汉','世祖','建武',0),(2126,'公元52年','壬子','建武二十八年','东汉','世祖','建武',0),(2127,'公元53年','癸丑','建武二十九年','东汉','世祖','建武',0),(2128,'公元54年','甲寅','建武三十年','东汉','世祖','建武',0),(2129,'公元55年','乙卯','建武三十一年','东汉','世祖','建武',0),(2130,'公元56年','丙辰','建武三十二年/建武中元元年','东汉','世祖','建武/建武中元',0),(2131,'公元57年','丁己','建武中元二年','东汉','世祖/显宗','建武中元',0),(2132,'公元58年','戊午','永平元年','东汉','显宗','永平',0),(2133,'公元59年','己未','永平二年','东汉','显宗','永平',0),(2134,'公元60年','庚申','永平三年','东汉','显宗','永平',0),(2135,'公元61年','辛酉','永平四年','东汉','显宗','永平',0),(2136,'公元62年','壬戌','永平五年','东汉','显宗','永平',0),(2137,'公元63年','癸亥','永平六年','东汉','显宗','永平',0),(2138,'公元64年','甲子','永平七年','东汉','显宗','永平',0),(2139,'公元65年','乙丑','永平八年','东汉','显宗','永平',0),(2140,'公元66年','丙寅','永平九年','东汉','显宗','永平',0),(2141,'公元67年','丁卯','永平十年','东汉','显宗','永平',0),(2142,'公元68年','戊辰','永平十一年','东汉','显宗','永平',0),(2143,'公元69年','己巳','永平十二年','东汉','显宗','永平',0),(2144,'公元70年','庚午','永平十三年','东汉','显宗','永平',0),(2145,'公元71年','辛未','永平十四年','东汉','显宗','永平',0),(2146,'公元72年','壬申','永平十五年','东汉','显宗','永平',0),(2147,'公元73年','癸酉','永平十六年','东汉','显宗','永平',0),(2148,'公元74年','甲戌','永平十七年','东汉','显宗','永平',0),(2149,'公元75年','乙亥','永平十八年','东汉','显宗/肃宗','永平',0),(2150,'公元76年','丙子','建初元年','东汉','肃宗','建初',0),(2151,'公元77年','丁丑','建初二年','东汉','肃宗','建初',0),(2152,'公元78年','戊寅','建初三年','东汉','肃宗','建初',0),(2153,'公元79年','己卯','建初四年','东汉','肃宗','建初',0),(2154,'公元80年','庚辰','建初五年','东汉','肃宗','建初',0),(2155,'公元81年','辛巳','建初六年','东汉','肃宗','建初',0),(2156,'公元82年','壬午','建初七年','东汉','肃宗','建初',0),(2157,'公元83年','癸未','建初八年','东汉','肃宗','建初',0),(2158,'公元84年','甲申','元和元年','东汉','肃宗','建初/元和',0),(2159,'公元85年','乙酉','元和二年','东汉','肃宗','元和',0),(2160,'公元86年','丙戌','元和三年','东汉','肃宗','元和',0),(2161,'公元87年','丁亥','章和元年','东汉','肃宗','元和/章和',0),(2162,'公元88年','戊子','章和二年','东汉','肃宗/穆宗','章和',0),(2163,'公元89年','己丑','永元元年','东汉','穆宗','永元',0),(2164,'公元90年','庚寅','永元二年','东汉','穆宗','永元',0),(2165,'公元91年','辛卯','永元三年','东汉','穆宗','永元',0),(2166,'公元92年','壬辰','永元四年','东汉','穆宗','永元',0),(2167,'公元93年','癸巳','永元五年','东汉','穆宗','永元',0),(2168,'公元94年','甲午','永元六年','东汉','穆宗','永元',0),(2169,'公元95年','乙未','永元七年','东汉','穆宗','永元',0),(2170,'公元96年','丙申','永元八年','东汉','穆宗','永元',0),(2171,'公元97年','丁酉','永元九年','东汉','穆宗','永元',0),(2172,'公元98年','戊戌','永元十年','东汉','穆宗','永元',0),(2173,'公元99年','己亥','永元十一年','东汉','穆宗','永元',0),(2174,'公元100年','庚子','永元十二年','东汉','穆宗','永元',0),(2175,'公元101年','辛丑','永元十三年','东汉','穆宗','永元',0),(2176,'公元102年','壬寅','永元十四年','东汉','穆宗','永元',0),(2177,'公元103年','癸卯','永元十五年','东汉','穆宗','永元',0),(2178,'公元104年','甲辰','永元十六年','东汉','穆宗','永元',0),(2179,'公元105年','乙巳','永元十七年/元兴元年','东汉','穆宗','永元/元兴',0),(2180,'公元106年','丙午','延平元年','东汉','恭宗','延平',0),(2181,'公元107年','丁未','永初元年','东汉','恭宗','永初',0),(2182,'公元108年','戊申','永初二年','东汉','恭宗','永初',0),(2183,'公元109年','己酉','永初三年','东汉','恭宗','永初',0),(2184,'公元110年','庚戌','永初四年','东汉','恭宗','永初',0),(2185,'公元111年','辛亥','永初五年','东汉','恭宗','永初',0),(2186,'公元112年','壬子','永初六年','东汉','恭宗','永初',0),(2187,'公元113年','癸丑','永初七年','东汉','恭宗','永初',0),(2188,'公元114年','甲寅','永初八年','东汉','恭宗','元初',0),(2189,'公元115年','乙卯','永初九年','东汉','恭宗','元初',0),(2190,'公元116年','丙辰','永初十年','东汉','恭宗','元初',0),(2191,'公元117年','丁己','永初十一年','东汉','恭宗','元初',0),(2192,'公元118年','戊午','永初十二年','东汉','恭宗','元初',0),(2193,'公元119年','己未','永初十三年','东汉','恭宗','元初',0),(2194,'公元120年','庚申','元初十四年/永宁元年','东汉','恭宗','元初/永宁',0),(2195,'公元121年','辛酉','永宁二年/建光元年','东汉','恭宗','永宁/建光',0),(2196,'公元122年','壬戌','建光二年/延光元年','东汉','恭宗','建光/延光',0),(2197,'公元123年','癸亥','延光二年','东汉','恭宗','延光',0),(2198,'公元124年','甲子','延光三年','东汉','恭宗','延光',0),(2199,'公元125年','乙丑','延光四年','东汉','恭宗/无/敬宗','延光',0),(2200,'公元126年','丙寅','永建元年','东汉','敬宗','永建',0),(2201,'公元127年','丁卯','永建二年','东汉','敬宗','永建',0),(2202,'公元128年','戊辰','永建三年','东汉','敬宗','永建',0),(2203,'公元129年','己巳','永建四年','东汉','敬宗','永建',0),(2204,'公元130年','庚午','永建五年','东汉','敬宗','永建',0),(2205,'公元131年','辛未','永建六年','东汉','敬宗','永建',0),(2206,'公元132年','壬申','永建七年/阳嘉元年','东汉','敬宗','永建/阳嘉',0),(2207,'公元133年','癸酉','阳嘉二年','东汉','敬宗','阳嘉',0),(2208,'公元134年','甲戌','阳嘉三年','东汉','敬宗','阳嘉',0),(2209,'公元135年','乙亥','阳嘉四年','东汉','敬宗','阳嘉',0),(2210,'公元136年','丙子','永和元年','东汉','敬宗','永和',0),(2211,'公元137年','丁丑','永和二年','东汉','敬宗','永和',0),(2212,'公元138年','戊寅','永和三年','东汉','敬宗','永和',0),(2213,'公元139年','己卯','永和四年','东汉','敬宗','永和',0),(2214,'公元140年','庚辰','永和五年','东汉','敬宗','永和',0),(2215,'公元141年','辛巳','永和六年','东汉','敬宗','永和',0),(2216,'公元142年','壬午','汉安元年','东汉','敬宗','汉安',0),(2217,'公元143年','癸未','汉安二年','东汉','敬宗','汉安',0),(2218,'公元144年','甲申','汉安三年/建康元年','东汉','敬宗/无','汉安/建康',0),(2219,'公元145年','乙酉','永熹元年','东汉','无/无','永憙',0),(2220,'公元146年','丙戌','本初元年','东汉','无/威宗','本初',0),(2221,'公元147年','丁亥','建和元年','东汉','威宗','建和',0),(2222,'公元148年','戊子','建和二年','东汉','威宗','建和',0),(2223,'公元149年','己丑','建和三年','东汉','威宗','建和',0),(2224,'公元150年','庚寅','和平元年','东汉','威宗','和平',0),(2225,'公元151年','辛卯','元嘉元年','东汉','威宗','元嘉',0),(2226,'公元152年','壬辰','元嘉二年','东汉','威宗','元嘉',0),(2227,'公元153年','癸巳','元嘉三年/永兴元年','东汉','威宗','元嘉/永兴',0),(2228,'公元154年','甲午','永兴二年','东汉','威宗','永兴',0),(2229,'公元155年','乙未','永寿元年','东汉','威宗','永寿',0),(2230,'公元156年','丙申','永寿二年','东汉','威宗','永寿',0),(2231,'公元157年','丁酉','永寿三年','东汉','威宗','永寿',0),(2232,'公元158年','戊戌','永寿四年/延熹元年','东汉','威宗','永寿/延熹',0),(2233,'公元159年','己亥','延熹二年','东汉','威宗','延熹',0),(2234,'公元160年','庚子','延熹三年','东汉','威宗','延熹',0),(2235,'公元161年','辛丑','延熹四年','东汉','威宗','延熹',0),(2236,'公元162年','壬寅','延熹五年','东汉','威宗','延熹',0),(2237,'公元163年','癸卯','延熹六年','东汉','威宗','延熹',0),(2238,'公元164年','甲辰','延熹七年','东汉','威宗','延熹',0),(2239,'公元165年','乙巳','延熹八年','东汉','威宗','延熹',0),(2240,'公元166年','丙午','延熹九年','东汉','威宗','延熹',0),(2241,'公元167年','丁未','延熹十年/永康元年','东汉','威宗','延熹/永康',0),(2242,'公元168年','戊申','建宁元年','东汉','威宗/无','建宁',0),(2243,'公元169年','己酉','建宁二年','东汉','','建宁',0),(2244,'公元170年','庚戌','建宁三年','东汉','','建宁',0),(2245,'公元171年','辛亥','建宁四年','东汉','','建宁',0),(2246,'公元172年','壬子','建宁五年/熹平元年','东汉','','建宁/熹平',0),(2247,'公元173年','癸丑','熹平二年','东汉','','熹平',0),(2248,'公元174年','甲寅','熹平三年','东汉','','熹平',0),(2249,'公元175年','乙卯','熹平四年','东汉','','熹平',0),(2250,'公元176年','丙辰','熹平五年','东汉','','熹平',0),(2251,'公元177年','丁己','熹平六年','东汉','','熹平',0),(2252,'公元178年','戊午','熹平七年/光和元年','东汉','','熹平/光和',0),(2253,'公元179年','己未','光和二年','东汉','','光和',0),(2254,'公元180年','庚申','光和三年','东汉','','光和',0),(2255,'公元181年','辛酉','光和四年','东汉','','光和',0),(2256,'公元182年','壬戌','光和五年','东汉','','光和',0),(2257,'公元183年','癸亥','光和六年','东汉','','光和',0),(2258,'公元184年','甲子','光和七年/中平元年','东汉','','光和/中平',0),(2259,'公元185年','乙丑','中平二年','东汉','','中平',0),(2260,'公元186年','丙寅','中平三年','东汉','','中平',0),(2261,'公元187年','丁卯','中平四年','东汉','','中平',0),(2262,'公元188年','戊辰','中平五年','东汉','','中平',0),(2263,'公元189年','己巳','中平六年/光熹元年/昭宁元年/永汉元年/中平六年','东汉','','中平/光熹/昭宁/永汉/中平',0),(2264,'公元190年','庚午','初平元年','东汉','','初平',0),(2265,'公元191年','辛未','初平二年','东汉','','初平',0),(2266,'公元192年','壬申','初平三年','东汉','','初平',0),(2267,'公元193年','癸酉','初平四年','东汉','','初平',0),(2268,'公元194年','甲戌','兴平元年','东汉','','兴平',0),(2269,'公元195年','乙亥','兴平二年','东汉','','兴平',0),(2270,'公元196年','丙子','建安元年','东汉','','建安',0),(2271,'公元197年','丁丑','建安二年','东汉','','建安',0),(2272,'公元198年','戊寅','建安三年','东汉','','建安',0),(2273,'公元199年','己卯','建安四年','东汉','','建安',0),(2274,'公元200年','庚辰','建安五年','东汉','','建安',0),(2275,'公元201年','辛巳','建安六年','东汉','','建安',0),(2276,'公元202年','壬午','建安七年','东汉','','建安',0),(2277,'公元203年','癸未','建安八年','东汉','','建安',0),(2278,'公元204年','甲申','建安九年','东汉','','建安',0),(2279,'公元205年','乙酉','建安十年','东汉','','建安',0),(2280,'公元206年','丙戌','建安十一年','东汉','','建安',0),(2281,'公元207年','丁亥','建安十二年','东汉','','建安',0),(2282,'公元208年','戊子','建安十三年','东汉','','建安',0),(2283,'公元209年','己丑','建安十四年','东汉','','建安',0),(2284,'公元210年','庚寅','建安十五年','东汉','','建安',0),(2285,'公元211年','辛卯','建安十六年','东汉','','建安',0),(2286,'公元212年','壬辰','建安十七年','东汉','','建安',0),(2287,'公元213年','癸巳','建安十八年','东汉','','建安',0),(2288,'公元214年','甲午','建安十九年','东汉','','建安',0),(2289,'公元215年','乙未','建安二十年','东汉','','建安',0),(2290,'公元216年','丙申','建安二十一年','东汉','','建安',0),(2291,'公元217年','丁酉','建安二十二年','东汉','','建安',0),(2292,'公元218年','戊戌','建安二十三年','东汉','','建安',0),(2293,'公元219年','己亥','建安二十四年','东汉','','建安',0),(2294,'公元220年','庚子','','三国','曹魏·世祖','曹魏·黄初\n',0),(2295,'公元221年','辛丑','','三国','曹魏·世祖/蜀汉·烈祖','曹魏·黄初/蜀汉·章武',0),(2296,'公元222年','壬寅','','三国','曹魏·世祖/蜀汉·烈祖/东吴·太祖','曹魏·黄初/蜀汉·章武/东吴·黄武',0),(2297,'公元223年','癸卯','','三国','曹魏·世祖/蜀汉·仁宗/东吴·太祖\n','曹魏·黄初/蜀汉·建兴/东吴·黄武',0),(2298,'公元224年','甲辰','','三国','曹魏·世祖/蜀汉·仁宗/东吴·太祖','曹魏·黄初/蜀汉·建兴/东吴·黄武',0),(2299,'公元225年','乙巳','','三国','曹魏·世祖/蜀汉·仁宗/东吴·太祖','曹魏·黄初/蜀汉·建兴/东吴·黄武',0),(2300,'公元226年','丙午','','三国','曹魏·烈祖/蜀汉·仁宗/东吴·太祖','曹魏·黄初/蜀汉·建兴/东吴·黄武',0),(2301,'公元227年','丁未','','三国','曹魏·烈祖/蜀汉·仁宗/东吴·太祖','曹魏·太和/蜀汉·建兴/东吴·黄武',0),(2302,'公元228年','戊申','','三国','曹魏·烈祖/蜀汉·仁宗/东吴·太祖','曹魏·太和/蜀汉·建兴/东吴·黄武',0),(2303,'公元229年','己酉','','三国','曹魏·烈祖/蜀汉·仁宗/东吴·太祖','曹魏·太和/蜀汉·建兴/东吴·黄龙',0),(2304,'公元230年','庚戌','','三国','曹魏·烈祖/蜀汉·仁宗/东吴·太祖','曹魏·太和/蜀汉·建兴/东吴·黄龙',0),(2305,'公元231年','辛亥','','三国','曹魏·烈祖/蜀汉·仁宗/东吴·太祖','曹魏·太和/蜀汉·建兴/东吴·黄龙',0),(2306,'公元232年','壬子','','三国','曹魏·烈祖/蜀汉·仁宗/东吴·太祖','曹魏·太和/蜀汉·建兴/东吴·嘉禾',0),(2307,'公元233年','癸丑','','三国','曹魏·烈祖/蜀汉·仁宗/东吴·太祖','曹魏·青龙/蜀汉·建兴/东吴·嘉禾',0),(2308,'公元234年','甲寅','','三国','曹魏·烈祖/蜀汉·仁宗/东吴·太祖','曹魏·青龙/蜀汉·建兴/东吴·嘉禾',0),(2309,'公元235年','乙卯','','三国','曹魏·烈祖/蜀汉·仁宗/东吴·太祖','曹魏·青龙/蜀汉·建兴/东吴·嘉禾',0),(2310,'公元236年','丙辰','','三国','曹魏·烈祖/蜀汉·仁宗/东吴·太祖','曹魏·青龙/蜀汉·建兴/东吴·嘉禾',0),(2311,'公元237年','丁己','','三国','曹魏·烈祖/蜀汉·仁宗/东吴·太祖','曹魏·景初/蜀汉·建兴/东吴·嘉禾',0),(2312,'公元238年','戊午','','三国','曹魏·烈祖/蜀汉·仁宗/东吴·太祖','曹魏·景初/蜀汉·延熙/东吴·赤乌',0),(2313,'公元239年','己未','','三国','蜀汉·仁宗/东吴·太祖','曹魏·景初/蜀汉·延熙/东吴·赤乌',0),(2314,'公元240年','庚申','','三国','蜀汉·仁宗/东吴·太祖','曹魏·正始/蜀汉·延熙/东吴·赤乌',0),(2315,'公元241年','辛酉','','三国','蜀汉·仁宗/东吴·太祖','曹魏·正始/蜀汉·延熙/东吴·赤乌',0),(2316,'公元242年','壬戌','','三国','蜀汉·仁宗/东吴·太祖','曹魏·正始/蜀汉·延熙/东吴·赤乌',0),(2317,'公元243年','癸亥','','三国','蜀汉·仁宗/东吴·太祖','曹魏·正始/蜀汉·延熙/东吴·赤乌',0),(2318,'公元244年','甲子','','三国','蜀汉·仁宗/东吴·太祖','曹魏·正始/蜀汉·延熙/东吴·赤乌',0),(2319,'公元245年','乙丑','','三国','蜀汉·仁宗/东吴·太祖','曹魏·正始/蜀汉·延熙/东吴·赤乌',0),(2320,'公元246年','丙寅','','三国','蜀汉·仁宗/东吴·太祖','曹魏·正始/蜀汉·延熙/东吴·赤乌',0),(2321,'公元247年','丁卯','','三国','蜀汉·仁宗/东吴·太祖','曹魏·正始/蜀汉·延熙/东吴·赤乌',0),(2322,'公元248年','戊辰','','三国','蜀汉·仁宗/东吴·太祖','曹魏·正始/蜀汉·延熙/东吴·赤乌',0),(2323,'公元249年','己巳','','三国','蜀汉·仁宗/东吴·太祖','曹魏·嘉平/蜀汉·延熙/东吴·赤乌',0),(2324,'公元250年','庚午','','三国','蜀汉·仁宗/东吴·太祖','曹魏·嘉平/蜀汉·延熙/东吴·赤乌',0),(2325,'公元251年','辛未','','三国','蜀汉·仁宗/东吴·太祖','曹魏·嘉平/蜀汉·延熙/东吴·太元',0),(2326,'公元252年','壬申','','三国','蜀汉·仁宗','曹魏·嘉平/蜀汉·延熙/东吴·神凤、东吴',0),(2327,'公元253年','癸酉','','三国','蜀汉·仁宗','曹魏·嘉平/蜀汉·延熙/东吴·建兴',0),(2328,'公元254年','甲戌','','三国','蜀汉·仁宗','曹魏·正元/蜀汉·延熙/东吴·五凤',0),(2329,'公元255年','乙亥','','三国','蜀汉·仁宗','曹魏·正元/蜀汉·延熙/东吴·五凤',0),(2330,'公元256年','丙子','','三国','蜀汉·仁宗','曹魏·甘露/蜀汉·延熙/东吴·太平',0),(2331,'公元257年','丁丑','','三国','蜀汉·仁宗','曹魏·甘露/蜀汉·延熙/东吴·太平',0),(2332,'公元258年','戊寅','','三国','蜀汉·仁宗/东吴·太宗','曹魏·甘露/蜀汉·景耀/东吴·永安',0),(2333,'公元259年','己卯','','三国','蜀汉·仁宗/东吴·太宗','曹魏·甘露/蜀汉·景耀/东吴·永安',0),(2334,'公元260年','庚辰','','三国','蜀汉·仁宗/东吴·太宗','曹魏·景元/蜀汉·景耀/东吴·永安',0),(2335,'公元261年','辛巳','','三国','蜀汉·仁宗/东吴·太宗','曹魏·景元/蜀汉·景耀/东吴·永安',0),(2336,'公元262年','壬午','','三国','蜀汉·仁宗/东吴·太宗','曹魏·景元/蜀汉·景耀/东吴·永安',0),(2337,'公元263年','癸未','','三国','蜀汉·仁宗/东吴·太宗','曹魏·景元/蜀汉·炎兴/东吴·永安',0),(2338,'公元264年','甲申','','三国','','曹魏·咸熙/东吴·元兴',0),(2339,'公元265年','乙酉','','三国','','曹魏·咸熙/东吴·甘露',0),(2340,'公元266年','丙戌','','西晋','世祖','泰始',0),(2341,'公元267年','丁亥','','西晋','世祖','泰始',0),(2342,'公元268年','戊子','','西晋','世祖','泰始',0),(2343,'公元269年','己丑','','西晋','世祖','泰始',0),(2344,'公元270年','庚寅','','西晋','世祖','泰始',0),(2345,'公元271年','辛卯','','西晋','世祖','泰始',0),(2346,'公元272年','壬辰','','西晋','世祖','泰始',0),(2347,'公元273年','癸巳','','西晋','世祖','泰始',0),(2348,'公元274年','甲午','','西晋','世祖','泰始',0),(2349,'公元275年','乙未','','西晋','世祖','咸宁',0),(2350,'公元276年','丙申','','西晋','世祖','咸宁',0),(2351,'公元277年','丁酉','','西晋','世祖','咸宁',0),(2352,'公元278年','戊戌','','西晋','世祖','咸宁',0),(2353,'公元279年','己亥','','西晋','世祖','咸宁',0),(2354,'公元280年','庚子','','西晋','世祖','咸宁/太康',0),(2355,'公元281年','辛丑','','西晋','世祖','太康',0),(2356,'公元282年','壬寅','','西晋','世祖','太康',0),(2357,'公元283年','癸卯','','西晋','世祖','太康',0),(2358,'公元284年','甲辰','','西晋','世祖','太康',0),(2359,'公元285年','乙巳','','西晋','世祖','太康',0),(2360,'公元286年','丙午','','西晋','世祖','太康',0),(2361,'公元287年','丁未','','西晋','世祖','太康',0),(2362,'公元288年','戊申','','西晋','世祖','太康',0),(2363,'公元289年','己酉','','西晋','世祖','太康',0),(2364,'公元290年','庚戌','','西晋','世祖','太熙/永熙',0),(2365,'公元291年','辛亥','','西晋','','永平/元康',0),(2366,'公元292年','壬子','','西晋','','元康',0),(2367,'公元293年','癸丑','','西晋','','元康',0),(2368,'公元294年','甲寅','','西晋','','元康',0),(2369,'公元295年','乙卯','','西晋','','元康',0),(2370,'公元296年','丙辰','','西晋','','元康',0),(2371,'公元297年','丁己','','西晋','','元康',0),(2372,'公元298年','戊午','','西晋','','元康',0),(2373,'公元299年','己未','','西晋','','元康',0),(2374,'公元300年','庚申','','西晋','','永康',0),(2375,'公元301年','辛酉','','西晋','','永康/永宁',0),(2376,'公元302年','壬戌','','西晋','','永宁/太安',0),(2377,'公元303年','癸亥','','西晋','','太安',0),(2378,'公元304年','甲子','','西晋','','永安/建武/永兴',0),(2379,'公元305年','乙丑','','西晋','','永兴',0),(2380,'公元306年','丙寅','','西晋','','永兴',0),(2381,'公元307年','丁卯','','西晋','','永嘉',0),(2382,'公元308年','戊辰','','西晋','','永嘉',0),(2383,'公元309年','己巳','','西晋','','永嘉',0),(2384,'公元310年','庚午','','西晋','','永嘉',0),(2385,'公元311年','辛未','','西晋','','永嘉',0),(2386,'公元312年','壬申','','西晋','','永嘉',0),(2387,'公元313年','癸酉','','西晋','','永嘉/建兴',0),(2388,'公元314年','甲戌','','西晋','','建兴',0),(2389,'公元315年','乙亥','','西晋','','建兴',0),(2390,'公元316年','丙子','','西晋','','建兴',0),(2391,'公元317年','丁丑','','东晋','中宗','建兴/建武',0),(2392,'公元318年','戊寅','','东晋','中宗','建武/大兴',0),(2393,'公元319年','己卯','','东晋','中宗','大兴',0),(2394,'公元320年','庚辰','','东晋','中宗','大兴',0),(2395,'公元321年','辛巳','','东晋','中宗','大兴',0),(2396,'公元322年','壬午','','东晋','中宗','永昌',0),(2397,'公元323年','癸未','','东晋','中宗/肃祖','永昌/太宁',0),(2398,'公元324年','甲申','','东晋','肃祖','太宁',0),(2399,'公元325年','乙酉','','东晋','肃祖/显宗','太宁',0),(2400,'公元326年','丙戌','','东晋','显宗','太宁/咸和',0),(2401,'公元327年','丁亥','','东晋','显宗','咸和',0),(2402,'公元328年','戊子','','东晋','显宗','咸和',0),(2403,'公元329年','己丑','','东晋','显宗','咸和',0),(2404,'公元330年','庚寅','','东晋','显宗','咸和',0),(2405,'公元331年','辛卯','','东晋','显宗','咸和',0),(2406,'公元332年','壬辰','','东晋','显宗','咸和',0),(2407,'公元333年','癸巳','','东晋','显宗','咸和',0),(2408,'公元334年','甲午','','东晋','显宗','咸和',0),(2409,'公元335年','乙未','','东晋','显宗','咸康',0),(2410,'公元336年','丙申','','东晋','显宗','咸康',0),(2411,'公元337年','丁酉','','东晋','显宗','咸康',0),(2412,'公元338年','戊戌','','东晋','显宗','咸康',0),(2413,'公元339年','己亥','','东晋','显宗','咸康',0),(2414,'公元340年','庚子','','东晋','显宗','咸康',0),(2415,'公元341年','辛丑','','东晋','显宗','咸康',0),(2416,'公元342年','壬寅','','东晋','显宗/无','咸康',0),(2417,'公元343年','癸卯','','东晋','','建元',0),(2418,'公元344年','甲辰','','东晋','无/孝宗','建元',0),(2419,'公元345年','乙巳','','东晋','孝宗','永和',0),(2420,'公元346年','丙午','','东晋','孝宗','永和',0),(2421,'公元347年','丁未','','东晋','孝宗','永和',0),(2422,'公元348年','戊申','','东晋','孝宗','永和',0),(2423,'公元349年','己酉','','东晋','孝宗','永和',0),(2424,'公元350年','庚戌','','东晋','孝宗','永和',0),(2425,'公元351年','辛亥','','东晋','孝宗','永和',0),(2426,'公元352年','壬子','','东晋','孝宗','永和',0),(2427,'公元353年','癸丑','','东晋','孝宗','永和',0),(2428,'公元354年','甲寅','','东晋','孝宗','永和',0),(2429,'公元355年','乙卯','','东晋','孝宗','永和',0),(2430,'公元356年','丙辰','','东晋','孝宗','永和',0),(2431,'公元357年','丁己','','东晋','孝宗','升平',0),(2432,'公元358年','戊午','','东晋','孝宗','升平',0),(2433,'公元359年','己未','','东晋','孝宗','升平',0),(2434,'公元360年','庚申','','东晋','孝宗','升平',0),(2435,'公元361年','辛酉','','东晋','孝宗/无','升平',0),(2436,'公元362年','壬戌','','东晋','','隆和',0),(2437,'公元363年','癸亥','','东晋','','隆和/兴宁',0),(2438,'公元364年','甲子','','东晋','','兴宁',0),(2439,'公元365年','乙丑','','东晋','','兴宁',0),(2440,'公元366年','丙寅','','东晋','','太和',0),(2441,'公元367年','丁卯','','东晋','','太和',0),(2442,'公元368年','戊辰','','东晋','','太和',0),(2443,'公元369年','己巳','','东晋','','太和',0),(2444,'公元370年','庚午','','东晋','','太和',0),(2445,'公元371年','辛未','','东晋','无/太宗','太和/咸安',0),(2446,'公元372年','壬申','','东晋','太宗/烈宗','咸安',0),(2447,'公元373年','癸酉','','东晋','烈宗','宁康',0),(2448,'公元374年','甲戌','','东晋','烈宗','宁康',0),(2449,'公元375年','乙亥','','东晋','烈宗','宁康',0),(2450,'公元376年','丙子','','东晋','烈宗','太元',0),(2451,'公元377年','丁丑','','东晋','烈宗','太元',0),(2452,'公元378年','戊寅','','东晋','烈宗','太元',0),(2453,'公元379年','己卯','','东晋','烈宗','太元',0),(2454,'公元380年','庚辰','','东晋','烈宗','太元',0),(2455,'公元381年','辛巳','','东晋','烈宗','太元',0),(2456,'公元382年','壬午','','东晋','烈宗','太元',0),(2457,'公元383年','癸未','','东晋','烈宗','太元',0),(2458,'公元384年','甲申','','东晋','烈宗','太元',0),(2459,'公元385年','乙酉','','东晋','烈宗','太元',0),(2460,'公元386年','丙戌','','东晋','烈宗','太元',0),(2461,'公元387年','丁亥','','东晋','烈宗','太元',0),(2462,'公元388年','戊子','','东晋','烈宗','太元',0),(2463,'公元389年','己丑','','东晋','烈宗','太元',0),(2464,'公元390年','庚寅','','东晋','烈宗','太元',0),(2465,'公元391年','辛卯','','东晋','烈宗','太元',0),(2466,'公元392年','壬辰','','东晋','烈宗','太元',0),(2467,'公元393年','癸巳','','东晋','烈宗','太元',0),(2468,'公元394年','甲午','','东晋','烈宗','太元',0),(2469,'公元395年','乙未','','东晋','烈宗','太元',0),(2470,'公元396年','丙申','','东晋','烈宗/成宗','太元',0),(2471,'公元397年','丁酉','','东晋','成宗','隆安',0),(2472,'公元398年','戊戌','','东晋','成宗','隆安',0),(2473,'公元399年','己亥','','东晋','成宗','隆安',0),(2474,'公元400年','庚子','','东晋','成宗','隆安',0),(2475,'公元401年','辛丑','','东晋','成宗','隆安',0),(2476,'公元402年','壬寅','','东晋','成宗','元兴/大亨',0),(2477,'公元403年','癸卯','','东晋','成宗','元兴',0),(2478,'公元404年','甲辰','','东晋','成宗','元兴',0),(2479,'公元405年','乙巳','','东晋','成宗','义熙',0),(2480,'公元406年','丙午','','东晋','成宗','义熙',0),(2481,'公元407年','丁未','','东晋','成宗','义熙',0),(2482,'公元408年','戊申','','东晋','成宗','义熙',0),(2483,'公元409年','己酉','','东晋','成宗','义熙',0),(2484,'公元410年','庚戌','','东晋','成宗','义熙',0),(2485,'公元411年','辛亥','','东晋','成宗','义熙',0),(2486,'公元412年','壬子','','东晋','成宗','义熙',0),(2487,'公元413年','癸丑','','东晋','成宗','义熙',0),(2488,'公元414年','甲寅','','东晋','成宗','义熙',0),(2489,'公元415年','乙卯','','东晋','成宗','义熙',0),(2490,'公元416年','丙辰','','东晋','成宗','义熙',0),(2491,'公元417年','丁己','','东晋','成宗','义熙',0),(2492,'公元418年','戊午','','东晋','成宗','义熙',0),(2493,'公元419年','己未','','东晋','','元熙',0),(2494,'公元420年','庚申','','南北朝·北朝北魏','太宗','泰常',0),(2495,'公元421年','辛酉','','南北朝·北朝北魏','太宗','泰常',0),(2496,'公元422年','壬戌','','南北朝·北朝北魏','太宗','泰常',0),(2497,'公元423年','癸亥','','南北朝·北朝北魏','世祖','泰常',0),(2498,'公元424年','甲子','','南北朝·北朝北魏','世祖','始光',0),(2499,'公元425年','乙丑','','南北朝·北朝北魏','世祖','始光',0),(2500,'公元426年','丙寅','','南北朝·北朝北魏','世祖','始光',0),(2501,'公元427年','丁卯','','南北朝·北朝北魏','世祖','始光',0),(2502,'公元428年','戊辰','','南北朝·北朝北魏','世祖','神庆',0),(2503,'公元429年','己巳','','南北朝·北朝北魏','世祖','神庆',0),(2504,'公元430年','庚午','','南北朝·北朝北魏','世祖','神庆',0),(2505,'公元431年','辛未','','南北朝·北朝北魏','世祖','神庆',0),(2506,'公元432年','壬申','','南北朝·北朝北魏','世祖','延和',0),(2507,'公元433年','癸酉','','南北朝·北朝北魏','世祖','延和',0),(2508,'公元434年','甲戌','','南北朝·北朝北魏','世祖','延和',0),(2509,'公元435年','乙亥','','南北朝·北朝北魏','世祖','太延',0),(2510,'公元436年','丙子','','南北朝·北朝北魏','世祖','太延',0),(2511,'公元437年','丁丑','','南北朝·北朝北魏','世祖','太延',0),(2512,'公元438年','戊寅','','南北朝·北朝北魏','世祖','太延',0),(2513,'公元439年','己卯','','南北朝·北朝北魏','世祖','太延',0),(2514,'公元440年','庚辰','','南北朝·北朝北魏','世祖','太平真君',0),(2515,'公元441年','辛巳','','南北朝·北朝北魏','世祖','太平真君',0),(2516,'公元442年','壬午','','南北朝·北朝北魏','世祖','太平真君',0),(2517,'公元443年','癸未','','南北朝·北朝北魏','世祖','太平真君',0),(2518,'公元444年','甲申','','南北朝·北朝北魏','世祖','太平真君',0),(2519,'公元445年','乙酉','','南北朝·北朝北魏','世祖','太平真君',0),(2520,'公元446年','丙戌','','南北朝·北朝北魏','世祖','太平真君',0),(2521,'公元447年','丁亥','','南北朝·北朝北魏','世祖','太平真君',0),(2522,'公元448年','戊子','','南北朝·北朝北魏','世祖','太平真君',0),(2523,'公元449年','己丑','','南北朝·北朝北魏','世祖','太平真君',0),(2524,'公元450年','庚寅','','南北朝·北朝北魏','世祖','太平真君',0),(2525,'公元451年','辛卯','','南北朝·北朝北魏','世祖','正平',0),(2526,'公元452年','壬辰','','南北朝·北朝北魏','无/高宗','正平、承平、兴安',0),(2527,'公元453年','癸巳','','南北朝·北朝北魏','高宗','兴安',0),(2528,'公元454年','甲午','','南北朝·北朝北魏','高宗','兴光',0),(2529,'公元455年','乙未','','南北朝·北朝北魏','高宗','太安',0),(2530,'公元456年','丙申','','南北朝·北朝北魏','高宗','太安',0),(2531,'公元457年','丁酉','','南北朝·北朝北魏','高宗','太安',0),(2532,'公元458年','戊戌','','南北朝·北朝北魏','高宗','太安',0),(2533,'公元459年','己亥','','南北朝·北朝北魏','高宗','和平',0),(2534,'公元460年','庚子','','南北朝·北朝北魏','高宗','和平',0),(2535,'公元461年','辛丑','','南北朝·北朝北魏','高宗','和平',0),(2536,'公元462年','壬寅','','南北朝·北朝北魏','高宗','和平',0),(2537,'公元463年','癸卯','','南北朝·北朝北魏','高宗','和平',0),(2538,'公元464年','甲辰','','南北朝·北朝北魏','高宗','和平',0),(2539,'公元465年','乙巳','','南北朝·北朝北魏','显祖','和平',0),(2540,'公元466年','丙午','','南北朝·北朝北魏','显祖','天安',0),(2541,'公元467年','丁未','','南北朝·北朝北魏','显祖','皇兴',0),(2542,'公元468年','戊申','','南北朝·北朝北魏','显祖','皇兴',0),(2543,'公元469年','己酉','','南北朝·北朝北魏','显祖','皇兴',0),(2544,'公元470年','庚戌','','南北朝·北朝北魏','显祖','皇兴',0),(2545,'公元471年','辛亥','','南北朝·北朝北魏','高祖','延兴',0),(2546,'公元472年','壬子','','南北朝·北朝北魏','高祖','延兴',0),(2547,'公元473年','癸丑','','南北朝·北朝北魏','高祖','延兴',0),(2548,'公元474年','甲寅','','南北朝·北朝北魏','高祖','延兴',0),(2549,'公元475年','乙卯','','南北朝·北朝北魏','高祖','延兴',0),(2550,'公元476年','丙辰','','南北朝·北朝北魏','高祖','延兴、承明',0),(2551,'公元477年','丁己','','南北朝·北朝北魏','高祖','太和',0),(2552,'公元478年','戊午','','南北朝·北朝北魏','高祖','太和',0),(2553,'公元479年','己未','','南北朝·北朝北魏','高祖','太和',0),(2554,'公元480年','庚申','','南北朝·北朝北魏','高祖','太和',0),(2555,'公元481年','辛酉','','南北朝·北朝北魏','高祖','太和',0),(2556,'公元482年','壬戌','','南北朝·北朝北魏','高祖','太和',0),(2557,'公元483年','癸亥','','南北朝·北朝北魏','高祖','太和',0),(2558,'公元484年','甲子','','南北朝·北朝北魏','高祖','太和',0),(2559,'公元485年','乙丑','','南北朝·北朝北魏','高祖','太和',0),(2560,'公元486年','丙寅','','南北朝·北朝北魏','高祖','太和',0),(2561,'公元487年','丁卯','','南北朝·北朝北魏','高祖','太和',0),(2562,'公元488年','戊辰','','南北朝·北朝北魏','高祖','太和',0),(2563,'公元489年','己巳','','南北朝·北朝北魏','高祖','太和',0),(2564,'公元490年','庚午','','南北朝·北朝北魏','高祖','太和',0),(2565,'公元491年','辛未','','南北朝·北朝北魏','高祖','太和',0),(2566,'公元492年','壬申','','南北朝·北朝北魏','高祖','太和',0),(2567,'公元493年','癸酉','','南北朝·北朝北魏','高祖','太和',0),(2568,'公元494年','甲戌','','南北朝·北朝北魏','高祖','太和',0),(2569,'公元495年','乙亥','','南北朝·北朝北魏','高祖','太和',0),(2570,'公元496年','丙子','','南北朝·北朝北魏','高祖','太和',0),(2571,'公元497年','丁丑','','南北朝·北朝北魏','高祖','太和',0),(2572,'公元498年','戊寅','','南北朝·北朝北魏','高祖','太和',0),(2573,'公元499年','己卯','','南北朝·北朝北魏','世宗','太和',0),(2574,'公元500年','庚辰','','南北朝·北朝北魏','世宗','景明',0),(2575,'公元501年','辛巳','','南北朝·北朝北魏','世宗','景明',0),(2576,'公元502年','壬午','','南北朝·北朝北魏','世宗','景明',0),(2577,'公元503年','癸未','','南北朝·北朝北魏','世宗','景明',0),(2578,'公元504年','甲申','','南北朝·北朝北魏','世宗','正始',0),(2579,'公元505年','乙酉','','南北朝·北朝北魏','世宗','正始',0),(2580,'公元506年','丙戌','','南北朝·北朝北魏','世宗','正始',0),(2581,'公元507年','丁亥','','南北朝·北朝北魏','世宗','正始',0),(2582,'公元508年','戊子','','南北朝·北朝北魏','世宗','永平',0),(2583,'公元509年','己丑','','南北朝·北朝北魏','世宗','永平',0),(2584,'公元510年','庚寅','','南北朝·北朝北魏','世宗','永平',0),(2585,'公元511年','辛卯','','南北朝·北朝北魏','世宗','永平',0),(2586,'公元512年','壬辰','','南北朝·北朝北魏','世宗','延昌',0),(2587,'公元513年','癸巳','','南北朝·北朝北魏','世宗','延昌',0),(2588,'公元514年','甲午','','南北朝·北朝北魏','世宗','延昌',0),(2589,'公元515年','乙未','','南北朝·北朝北魏','肃宗','延昌',0),(2590,'公元516年','丙申','','南北朝·北朝北魏','肃宗','熙平',0),(2591,'公元517年','丁酉','','南北朝·北朝北魏','肃宗','熙平',0),(2592,'公元518年','戊戌','','南北朝·北朝北魏','肃宗','神龟',0),(2593,'公元519年','己亥','','南北朝·北朝北魏','肃宗','神龟',0),(2594,'公元520年','庚子','','南北朝·北朝北魏','肃宗','正光',0),(2595,'公元521年','辛丑','','南北朝·北朝北魏','肃宗','正光',0),(2596,'公元522年','壬寅','','南北朝·北朝北魏','肃宗','正光',0),(2597,'公元523年','癸卯','','南北朝·北朝北魏','肃宗','正光',0),(2598,'公元524年','甲辰','','南北朝·北朝北魏','肃宗','正光',0),(2599,'公元525年','乙巳','','南北朝·北朝北魏','肃宗','孝昌',0),(2600,'公元526年','丙午','','南北朝·北朝北魏','肃宗','孝昌',0),(2601,'公元527年','丁未','','南北朝·北朝北魏','肃宗','孝昌',0),(2602,'公元528年','戊申','','南北朝·北朝北魏','无/敬宗','武泰/建义/永安',0),(2603,'公元529年','己酉','','南北朝·北朝北魏','敬宗','永安',0),(2604,'公元530年','庚戌','','南北朝·北朝北魏','孝宗','建明',0),(2605,'公元531年','辛亥','','南北朝·北朝北魏','烈宗','普泰/中兴',0),(2606,'公元532年','壬子','','南北朝·北朝北魏','明宗/显宗','普泰/中兴/太昌/永兴/永熙',0),(2607,'公元533年','癸丑','','南北朝·北朝北魏','显宗','永熙',0),(2608,'公元534年','甲寅','','南北朝·北朝东魏','昭宗','天平',0),(2609,'公元535年','乙卯','','南北朝·北朝东魏/南北朝·北朝西魏','昭宗/德宗','天平/大统',0),(2610,'公元536年','丙辰','','南北朝·北朝东魏/南北朝·北朝西魏','昭宗/德宗','天平/大统',0),(2611,'公元537年','丁己','','南北朝·北朝东魏/南北朝·北朝西魏','昭宗/德宗','天平/大统',0),(2612,'公元538年','戊午','','南北朝·北朝东魏/南北朝·北朝西魏','昭宗/德宗','元象/大统',0),(2613,'公元539年','己未','','南北朝·北朝东魏/南北朝·北朝西魏','昭宗/德宗','兴和/大统',0),(2614,'公元540年','庚申','','南北朝·北朝东魏/南北朝·北朝西魏','昭宗/德宗','兴和/大统',0),(2615,'公元541年','辛酉','','南北朝·北朝东魏/南北朝·北朝西魏','昭宗/德宗','兴和/大统',0),(2616,'公元542年','壬戌','','南北朝·北朝东魏/南北朝·北朝西魏','昭宗/德宗','兴和/大统',0),(2617,'公元543年','癸亥','','南北朝·北朝东魏/南北朝·北朝西魏','昭宗/德宗','武定/大统',0),(2618,'公元544年','甲子','','南北朝·北朝东魏/南北朝·北朝西魏','昭宗/德宗','武定/大统',0),(2619,'公元545年','乙丑','','南北朝·北朝东魏/南北朝·北朝西魏','昭宗/德宗','武定/大统',0),(2620,'公元546年','丙寅','','南北朝·北朝东魏/南北朝·北朝西魏','昭宗/德宗','武定/大统',0),(2621,'公元547年','丁卯','','南北朝·北朝东魏/南北朝·北朝西魏','昭宗/德宗','武定/大统',0),(2622,'公元548年','戊辰','','南北朝·北朝东魏/南北朝·北朝西魏','昭宗/德宗','武定/大统',0),(2623,'公元549年','己巳','','南北朝·北朝东魏/南北朝·北朝西魏','昭宗/德宗','武定/大统',0),(2624,'公元550年','庚午','','南北朝·北朝北齐/南北朝·北朝西魏','昭宗/德宗','武定/大统',0),(2625,'公元551年','辛未','','南北朝·北朝北齐/南北朝·北朝西魏','显祖/无','天保/无',0),(2626,'公元552年','壬申','','南北朝·北朝北齐/南北朝·北朝西魏','显祖/无','天保/无',0),(2627,'公元553年','癸酉','','南北朝·北朝北齐/南北朝·北朝西魏','显祖/无','天保/无',0),(2628,'公元554年','甲戌','','南北朝·北朝北齐/南北朝·北朝西魏','显祖/无','天保/无',0),(2629,'公元555年','乙亥','','南北朝·北朝北齐/南北朝·北朝西魏','显祖/无','天保/无',0),(2630,'公元556年','丙子','','南北朝·北朝北齐/南北朝·北朝西魏','显祖/无','天保/无',0),(2631,'公元557年','丁丑','','南北朝·北朝北齐/南北朝·北朝北周','显祖/无、世宗','天保/无',0),(2632,'公元558年','戊寅','','南北朝·北朝北齐/南北朝·北朝北周','显祖/世宗','天保',0),(2633,'公元559年','己卯','','南北朝·北朝北齐/南北朝·北朝北周','显祖/世宗','天保/武成',0),(2634,'公元560年','庚辰','','南北朝·北朝北齐/南北朝·北朝北周','肃宗/高祖','皇建/保定',0),(2635,'公元561年','辛巳','','南北朝·北朝北齐/南北朝·北朝北周','世祖/高祖','太宁/保定',0),(2636,'公元562年','壬午','','南北朝·北朝北齐/南北朝·北朝北周','世祖/高祖','河清/保定',0),(2637,'公元563年','癸未','','南北朝·北朝北齐/南北朝·北朝北周','世祖/高祖','河清/保定',0),(2638,'公元564年','甲申','','南北朝·北朝北齐/南北朝·北朝北周','世祖/高祖','河清/保定',0),(2639,'公元565年','乙酉','','南北朝·北朝北齐/南北朝·北朝北周','无/高祖','天统/保定',0),(2640,'公元566年','丙戌','','南北朝·北朝北齐/南北朝·北朝北周','无/高祖','天统/天和',0),(2641,'公元567年','丁亥','','南北朝·北朝北齐/南北朝·北朝北周','无/高祖','天统/天和',0),(2642,'公元568年','戊子','','南北朝·北朝北齐/南北朝·北朝北周','无/高祖','天统/天和',0),(2643,'公元569年','己丑','','南北朝·北朝北齐/南北朝·北朝北周','无/高祖','天统/天和',0),(2644,'公元570年','庚寅','','南北朝·北朝北齐/南北朝·北朝北周','无/高祖','武平/天和',0),(2645,'公元571年','辛卯','','南北朝·北朝北齐/南北朝·北朝北周','无/高祖','武平/天和',0),(2646,'公元572年','壬辰','','南北朝·北朝北齐/南北朝·北朝北周','无/高祖','武平/建德',0),(2647,'公元573年','癸巳','','南北朝·北朝北齐/南北朝·北朝北周','无/高祖','武平/建德',0),(2648,'公元574年','甲午','','南北朝·北朝北齐/南北朝·北朝北周','无/高祖','武平/建德',0),(2649,'公元575年','乙未','','南北朝·北朝北齐/南北朝·北朝北周','无/高祖','武平/建德',0),(2650,'公元576年','丙申','','南北朝·北朝北齐/南北朝·北朝北周','无/高祖','武平、隆化、德昌/建德',0),(2651,'公元577年','丁酉','','南北朝·北朝北齐/南北朝·北朝北周','无/高祖','承光、武平/建德',0),(2652,'公元578年','戊戌','','南北朝·北朝北周','高宗','宣政、大成',0),(2653,'公元579年','己亥','','南北朝·北朝北周','','大象',0),(2654,'公元580年','庚子','','南北朝·北朝北周','','大象',0),(2655,'公元581年','辛丑','开皇元年','隋','高祖','开皇',0),(2656,'公元582年','壬寅','开皇二年','隋','高祖','开皇',0),(2657,'公元583年','癸卯','开皇三年','隋','高祖','开皇',0),(2658,'公元584年','甲辰','开皇四年','隋','高祖','开皇',0),(2659,'公元585年','乙巳','开皇五年','隋','高祖','开皇',0),(2660,'公元586年','丙午','开皇六年','隋','高祖','开皇',0),(2661,'公元587年','丁未','开皇七年','隋','高祖','开皇',0),(2662,'公元588年','戊申','开皇八年','隋','高祖','开皇',0),(2663,'公元589年','己酉','开皇九年','隋','高祖','开皇',0),(2664,'公元590年','庚戌','开皇十年','隋','高祖','开皇',0),(2665,'公元591年','辛亥','开皇十一年','隋','高祖','开皇',0),(2666,'公元592年','壬子','开皇十二年','隋','高祖','开皇',0),(2667,'公元593年','癸丑','开皇十三年','隋','高祖','开皇',0),(2668,'公元594年','甲寅','开皇十四年','隋','高祖','开皇',0),(2669,'公元595年','乙卯','开皇十五年','隋','高祖','开皇',0),(2670,'公元596年','丙辰','开皇十六年','隋','高祖','开皇',0),(2671,'公元597年','丁己','开皇十七年','隋','高祖','开皇',0),(2672,'公元598年','戊午','开皇十八年','隋','高祖','开皇',0),(2673,'公元599年','己未','开皇十九年','隋','高祖','开皇',0),(2674,'公元600年','庚申','开皇二十年','隋','高祖','开皇',0),(2675,'公元601年','辛酉','仁寿元年','隋','高祖','仁寿',0),(2676,'公元602年','壬戌','仁寿二年','隋','高祖','仁寿',0),(2677,'公元603年','癸亥','仁寿三年','隋','高祖','仁寿',0),(2678,'公元604年','甲子','仁寿四年','隋','高祖/世祖','仁寿',0),(2679,'公元605年','乙丑','大业元年','隋','世祖','大业',0),(2680,'公元606年','丙寅','大业二年','隋','世祖','大业',0),(2681,'公元607年','丁卯','大业三年','隋','世祖','大业',0),(2682,'公元608年','戊辰','大业四年','隋','世祖','大业',0),(2683,'公元609年','己巳','大业五年','隋','世祖','大业',0),(2684,'公元610年','庚午','大业六年','隋','世祖','大业',0),(2685,'公元611年','辛未','大业七年','隋','世祖','大业',0),(2686,'公元612年','壬申','大业八年','隋','世祖','大业',0),(2687,'公元613年','癸酉','大业九年','隋','世祖','大业',0),(2688,'公元614年','甲戌','大业十年','隋','世祖','大业',0),(2689,'公元615年','乙亥','大业十一年','隋','世祖','大业',0),(2690,'公元616年','丙子','大业十二年','隋','世祖','大业',0),(2691,'公元617年','丁丑','大业十三年/义宁元年','隋','世祖/无','大业/义宁',0),(2692,'公元618年','戊寅','武德元年','唐','高祖','武德',0),(2693,'公元619年','己卯','武德二年','唐','高祖','武德',0),(2694,'公元620年','庚辰','武德三年','唐','高祖','武德',0),(2695,'公元621年','辛巳','武德四年','唐','高祖','武德',0),(2696,'公元622年','壬午','武德五年','唐','高祖','武德',0),(2697,'公元623年','癸未','武德六年','唐','高祖','武德',0),(2698,'公元624年','甲申','武德七年','唐','高祖','武德',0),(2699,'公元625年','乙酉','武德八年','唐','高祖','武德',0),(2700,'公元626年','丙戌','武德九年/贞观元年','唐','高祖/太宗','武德/贞观',0),(2701,'公元627年','丁亥','贞观二年','唐','太宗','贞观',0),(2702,'公元628年','戊子','贞观三年','唐','太宗','贞观',0),(2703,'公元629年','己丑','贞观四年','唐','太宗','贞观',0),(2704,'公元630年','庚寅','贞观五年','唐','太宗','贞观',0),(2705,'公元631年','辛卯','贞观六年','唐','太宗','贞观',0),(2706,'公元632年','壬辰','贞观七年','唐','太宗','贞观',0),(2707,'公元633年','癸巳','贞观八年','唐','太宗','贞观',0),(2708,'公元634年','甲午','贞观九年','唐','太宗','贞观',0),(2709,'公元635年','乙未','贞观十年','唐','太宗','贞观',0),(2710,'公元636年','丙申','贞观十一年','唐','太宗','贞观',0),(2711,'公元637年','丁酉','贞观十二年','唐','太宗','贞观',0),(2712,'公元638年','戊戌','贞观十三年','唐','太宗','贞观',0),(2713,'公元639年','己亥','贞观十四年','唐','太宗','贞观',0),(2714,'公元640年','庚子','贞观十五年','唐','太宗','贞观',0),(2715,'公元641年','辛丑','贞观十六年','唐','太宗','贞观',0),(2716,'公元642年','壬寅','贞观十七年','唐','太宗','贞观',0),(2717,'公元643年','癸卯','贞观十八年','唐','太宗','贞观',0),(2718,'公元644年','甲辰','贞观十九年','唐','太宗','贞观',0),(2719,'公元645年','乙巳','贞观二十年','唐','太宗','贞观',0),(2720,'公元646年','丙午','贞观二十一年','唐','太宗','贞观',0),(2721,'公元647年','丁未','贞观二十二年','唐','太宗','贞观',0),(2722,'公元648年','戊申','贞观二十三年','唐','太宗','贞观',0),(2723,'公元649年','己酉','永徽元年','唐','太宗/高宗','永徽',0),(2724,'公元650年','庚戌','永徽二年','唐','高宗','永徽',0),(2725,'公元651年','辛亥','永徽三年','唐','高宗','永徽',0),(2726,'公元652年','壬子','永徽四年','唐','高宗','永徽',0),(2727,'公元653年','癸丑','永徽五年','唐','高宗','永徽',0),(2728,'公元654年','甲寅','永徽六年','唐','高宗','永徽',0),(2729,'公元655年','乙卯','永徽七年','唐','高宗','永徽',0),(2730,'公元656年','丙辰','显庆元年','唐','高宗','显庆',0),(2731,'公元657年','丁己','显庆二年','唐','高宗','显庆',0),(2732,'公元658年','戊午','显庆三年','唐','高宗','显庆',0),(2733,'公元659年','己未','显庆四年','唐','高宗','显庆',0),(2734,'公元660年','庚申','显庆五年','唐','高宗','显庆',0),(2735,'公元661年','辛酉','显庆六年/龙朔元年','唐','高宗','显庆/龙朔',0),(2736,'公元662年','壬戌','龙朔二年','唐','高宗','龙朔',0),(2737,'公元663年','癸亥','龙朔三年','唐','高宗','龙朔',0),(2738,'公元664年','甲子','麟德元年','唐','高宗','麟德',0),(2739,'公元665年','乙丑','麟德二年','唐','高宗','麟德',0),(2740,'公元666年','丙寅','乾封元年','唐','高宗','乾封',0),(2741,'公元667年','丁卯','乾封二年','唐','高宗','乾封',0),(2742,'公元668年','戊辰','乾封三年/总章元年','唐','高宗','乾封/总章',0),(2743,'公元669年','己巳','总章二年','唐','高宗','总章',0),(2744,'公元670年','庚午','总章三年/咸亨元年','唐','高宗','总章/咸亨',0),(2745,'公元671年','辛未','咸亨二年','唐','高宗','咸亨',0),(2746,'公元672年','壬申','咸亨三年','唐','高宗','咸亨',0),(2747,'公元673年','癸酉','咸亨四年','唐','高宗','咸亨',0),(2748,'公元674年','甲戌','咸亨五年/上元元年','唐','高宗','咸亨/上元',0),(2749,'公元675年','乙亥','上元二年','唐','高宗','上元',0),(2750,'公元676年','丙子','上元三年/仪凤元年','唐','高宗','上元/仪凤',0),(2751,'公元677年','丁丑','仪凤二年','唐','高宗','仪凤',0),(2752,'公元678年','戊寅','仪凤三年','唐','高宗','仪凤',0),(2753,'公元679年','己卯','仪凤四年/调露元年','唐','高宗','仪凤/调露',0),(2754,'公元680年','庚辰','调露二年/永隆元年','唐','高宗','调露/永隆',0),(2755,'公元681年','辛巳','永隆二年/开耀元年','唐','高宗','永隆/开耀',0),(2756,'公元682年','壬午','开耀二年/永淳元年','唐','高宗','开耀/永淳',0),(2757,'公元683年','癸未','永淳二年/弘道元年','唐','高宗/中宗','永淳/弘道',0),(2758,'公元684年','甲申','嗣圣元年/文明元年/光宅元年','唐','中宗/睿宗','嗣圣/文明/光宅',0),(2759,'公元685年','乙酉','垂拱元年','唐','睿宗','垂拱',0),(2760,'公元686年','丙戌','垂拱二年','唐','睿宗','垂拱',0),(2761,'公元687年','丁亥','垂拱三年','唐','睿宗','垂拱',0),(2762,'公元688年','戊子','垂拱四年','唐','睿宗','垂拱',0),(2763,'公元689年','己丑','永昌元年/载初元年','唐','睿宗','永昌/载初',0),(2764,'公元690年','庚寅','载初二年/天授元年','唐','睿宗','载初/天授',0),(2765,'公元691年','辛卯','天授二年','周','','天授',0),(2766,'公元692年','壬辰','天授三年/如意元年/长寿元年','周','','天授/如意/长寿',0),(2767,'公元693年','癸巳','长寿二年','周','','长寿',0),(2768,'公元694年','甲午','长寿三年/延载元年','周','','长寿/延载',0),(2769,'公元695年','乙未','证圣元年/天册万岁元年/万岁登封元年','周','','证圣/天册万岁/万岁登封',0),(2770,'公元696年','丙申','万岁登封二年/万岁通天元年','周','','万岁登封/万岁通天',0),(2771,'公元697年','丁酉','万岁通天二年/神功元年','周','','万岁通天/神功',0),(2772,'公元698年','戊戌','圣历元年','周','','圣历',0),(2773,'公元699年','己亥','圣历二年','周','','圣历',0),(2774,'公元700年','庚子','圣历三年/久视元年','周','','圣历/久视',0),(2775,'公元701年','辛丑','久视二年/大足元年/长安元年','周','','久视/大足/长安',0),(2776,'公元702年','壬寅','长安二年','周','','长安',0),(2777,'公元703年','癸卯','长安三年','周','','长安',0),(2778,'公元704年','甲辰','长安四年','周','','长安',0),(2779,'公元705年','乙巳','神龙元年','周','中宗','神龙',0),(2780,'公元706年','丙午','神龙二年','周','中宗','神龙',0),(2781,'公元707年','丁未','神龙三年','唐','中宗','神龙/景龙',0),(2782,'公元708年','戊申','景龙二年','唐','中宗','景龙',0),(2783,'公元709年','己酉','景龙三年','唐','中宗','景龙',0),(2784,'公元710年','庚戌','景龙四年/景云元年','唐','中宗/睿宗','景龙/景云',0),(2785,'公元711年','辛亥','景云二年','唐','睿宗','景云',0),(2786,'公元712年','壬子','景云三年/太极元年/延和元年/先天元年','唐','睿宗/玄宗','景云/太极/延和/先天',0),(2787,'公元713年','癸丑','先天二年/开元元年','唐','玄宗','先天/开元',0),(2788,'公元714年','甲寅','开元二年','唐','玄宗','开元',0),(2789,'公元715年','乙卯','开元三年','唐','玄宗','开元',0),(2790,'公元716年','丙辰','开元四年','唐','玄宗','开元',0),(2791,'公元717年','丁己','开元五年','唐','玄宗','开元',0),(2792,'公元718年','戊午','开元六年','唐','玄宗','开元',0),(2793,'公元719年','己未','开元七年','唐','玄宗','开元',0),(2794,'公元720年','庚申','开元八年','唐','玄宗','开元',0),(2795,'公元721年','辛酉','开元九年','唐','玄宗','开元',0),(2796,'公元722年','壬戌','开元十年','唐','玄宗','开元',0),(2797,'公元723年','癸亥','开元十一年','唐','玄宗','开元',0),(2798,'公元724年','甲子','开元十二年','唐','玄宗','开元',0),(2799,'公元725年','乙丑','开元十三年','唐','玄宗','开元',0),(2800,'公元726年','丙寅','开元十四年','唐','玄宗','开元',0),(2801,'公元727年','丁卯','开元十五年','唐','玄宗','开元',0),(2802,'公元728年','戊辰','开元十六年','唐','玄宗','开元',0),(2803,'公元729年','己巳','开元十七年','唐','玄宗','开元',0),(2804,'公元730年','庚午','开元十八年','唐','玄宗','开元',0),(2805,'公元731年','辛未','开元十九年','唐','玄宗','开元',0),(2806,'公元732年','壬申','开元二十年','唐','玄宗','开元',0),(2807,'公元733年','癸酉','开元二十一年','唐','玄宗','开元',0),(2808,'公元734年','甲戌','开元二十二年','唐','玄宗','开元',0),(2809,'公元735年','乙亥','开元二十三年','唐','玄宗','开元',0),(2810,'公元736年','丙子','开元二十四年','唐','玄宗','开元',0),(2811,'公元737年','丁丑','开元二十五年','唐','玄宗','开元',0),(2812,'公元738年','戊寅','开元二十六年','唐','玄宗','开元',0),(2813,'公元739年','己卯','开元二十七年','唐','玄宗','开元',0),(2814,'公元740年','庚辰','开元二十八年','唐','玄宗','开元',0),(2815,'公元741年','辛巳','开元二十九年','唐','玄宗','开元',0),(2816,'公元742年','壬午','天宝元年','唐','玄宗','天宝',0),(2817,'公元743年','癸未','天宝二年','唐','玄宗','天宝',0),(2818,'公元744年','甲申','天宝三年','唐','玄宗','天宝',0),(2819,'公元745年','乙酉','天宝四年','唐','玄宗','天宝',0),(2820,'公元746年','丙戌','天宝五年','唐','玄宗','天宝',0),(2821,'公元747年','丁亥','天宝六年','唐','玄宗','天宝',0),(2822,'公元748年','戊子','天宝七年','唐','玄宗','天宝',0),(2823,'公元749年','己丑','天宝八年','唐','玄宗','天宝',0),(2824,'公元750年','庚寅','天宝九年','唐','玄宗','天宝',0),(2825,'公元751年','辛卯','天宝十年','唐','玄宗','天宝',0),(2826,'公元752年','壬辰','天宝十一年','唐','玄宗','天宝',0),(2827,'公元753年','癸巳','天宝十二年','唐','玄宗','天宝',0),(2828,'公元754年','甲午','天宝十三年','唐','玄宗','天宝',0),(2829,'公元755年','乙未','天宝十四年','唐','玄宗','天宝',0),(2830,'公元756年','丙申','天宝十五年/至德元年','唐','玄宗/肃宗','天宝/至德',0),(2831,'公元757年','丁酉','至德二年','唐','肃宗','至德',0),(2832,'公元758年','戊戌','至德三年/乾元元年','唐','肃宗','至德/乾元',0),(2833,'公元759年','己亥','乾元二年','唐','肃宗','乾元',0),(2834,'公元760年','庚子','乾元三年/上元元年','唐','肃宗','乾元/上元',0),(2835,'公元761年','辛丑','上元二年','唐','肃宗','上元',0),(2836,'公元762年','壬寅','宝应元年','唐','肃宗/代宗','宝应',0),(2837,'公元763年','癸卯','宝应二年/广德元年','唐','代宗','宝应/广德',0),(2838,'公元764年','甲辰','广德二年','唐','代宗','广德',0),(2839,'公元765年','乙巳','永泰元年','唐','代宗','永泰',0),(2840,'公元766年','丙午','永泰二年/大历元年','唐','代宗','永泰/大历',0),(2841,'公元767年','丁未','大历二年','唐','代宗','大历',0),(2842,'公元768年','戊申','大历三年','唐','代宗','大历',0),(2843,'公元769年','己酉','大历四年','唐','代宗','大历',0),(2844,'公元770年','庚戌','大历五年','唐','代宗','大历',0),(2845,'公元771年','辛亥','大历六年','唐','代宗','大历',0),(2846,'公元772年','壬子','大历七年','唐','代宗','大历',0),(2847,'公元773年','癸丑','大历八年','唐','代宗','大历',0),(2848,'公元774年','甲寅','大历九年','唐','代宗','大历',0),(2849,'公元775年','乙卯','大历十年','唐','代宗','大历',0),(2850,'公元776年','丙辰','大历十一年','唐','代宗','大历',0),(2851,'公元777年','丁己','大历十二年','唐','代宗','大历',0),(2852,'公元778年','戊午','大历十三年','唐','代宗','大历',0),(2853,'公元779年','己未','大历十四年','唐','代宗/德宗','大历',0),(2854,'公元780年','庚申','建中元年','唐','德宗','建中',0),(2855,'公元781年','辛酉','建中二年','唐','德宗','建中',0),(2856,'公元782年','壬戌','建中三年','唐','德宗','建中',0),(2857,'公元783年','癸亥','建中四年','唐','德宗','建中',0),(2858,'公元784年','甲子','兴元元年','唐','德宗','兴元',0),(2859,'公元785年','乙丑','贞元元年','唐','德宗','贞元',0),(2860,'公元786年','丙寅','贞元二年','唐','德宗','贞元',0),(2861,'公元787年','丁卯','贞元三年','唐','德宗','贞元',0),(2862,'公元788年','戊辰','贞元四年','唐','德宗','贞元',0),(2863,'公元789年','己巳','贞元五年','唐','德宗','贞元',0),(2864,'公元790年','庚午','贞元六年','唐','德宗','贞元',0),(2865,'公元791年','辛未','贞元七年','唐','德宗','贞元',0),(2866,'公元792年','壬申','贞元八年','唐','德宗','贞元',0),(2867,'公元793年','癸酉','贞元九年','唐','德宗','贞元',0),(2868,'公元794年','甲戌','贞元十年','唐','德宗','贞元',0),(2869,'公元795年','乙亥','贞元十一年','唐','德宗','贞元',0),(2870,'公元796年','丙子','贞元十二年','唐','德宗','贞元',0),(2871,'公元797年','丁丑','贞元十三年','唐','德宗','贞元',0),(2872,'公元798年','戊寅','贞元十四年','唐','德宗','贞元',0),(2873,'公元799年','己卯','贞元十五年','唐','德宗','贞元',0),(2874,'公元800年','庚辰','贞元十六年','唐','德宗','贞元',0),(2875,'公元801年','辛巳','贞元十七年','唐','德宗','贞元',0),(2876,'公元802年','壬午','贞元十八年','唐','德宗','贞元',0),(2877,'公元803年','癸未','贞元十九年','唐','德宗','贞元',0),(2878,'公元804年','甲申','贞元二十年','唐','德宗','贞元',0),(2879,'公元805年','乙酉','贞元二十一年/永贞元年','唐','德宗/顺宗/宪宗','贞元/永贞',0),(2880,'公元806年','丙戌','元和元年','唐','宪宗','元和',0),(2881,'公元807年','丁亥','元和二年','唐','宪宗','元和',0),(2882,'公元808年','戊子','元和三年','唐','宪宗','元和',0),(2883,'公元809年','己丑','元和四年','唐','宪宗','元和',0),(2884,'公元810年','庚寅','元和五年','唐','宪宗','元和',0),(2885,'公元811年','辛卯','元和六年','唐','宪宗','元和',0),(2886,'公元812年','壬辰','元和七年','唐','宪宗','元和',0),(2887,'公元813年','癸巳','元和八年','唐','宪宗','元和',0),(2888,'公元814年','甲午','元和九年','唐','宪宗','元和',0),(2889,'公元815年','乙未','元和十年','唐','宪宗','元和',0),(2890,'公元816年','丙申','元和十一年','唐','宪宗','元和',0),(2891,'公元817年','丁酉','元和十二年','唐','宪宗','元和',0),(2892,'公元818年','戊戌','元和十三年','唐','宪宗','元和',0),(2893,'公元819年','己亥','元和十四年','唐','宪宗','元和',0),(2894,'公元820年','庚子','元和十五年/永新元年','唐','宪宗/穆宗','元和/永新 ',0),(2895,'公元821年','辛丑','长庆元年','唐','穆宗','长庆',0),(2896,'公元822年','壬寅','长庆二年','唐','穆宗','长庆',0),(2897,'公元823年','癸卯','长庆三年','唐','穆宗','长庆',0),(2898,'公元824年','甲辰','长庆四年','唐','穆宗/敬宗','长庆',0),(2899,'公元825年','乙巳','宝历元年','唐','敬宗','宝历',0),(2900,'公元826年','丙午','宝历二年','唐','敬宗/文宗','宝历',0),(2901,'公元827年','丁未','宝历三年/大和元年','唐','文宗','宝历/大和',0),(2902,'公元828年','戊申','大和二年','唐','文宗','大和',0),(2903,'公元829年','己酉','大和三年','唐','文宗','大和',0),(2904,'公元830年','庚戌','大和四年','唐','文宗','大和',0),(2905,'公元831年','辛亥','大和五年','唐','文宗','大和',0),(2906,'公元832年','壬子','大和六年','唐','文宗','大和',0),(2907,'公元833年','癸丑','大和七年','唐','文宗','大和',0),(2908,'公元834年','甲寅','大和八年','唐','文宗','大和',0),(2909,'公元835年','乙卯','大和九年','唐','文宗','大和',0),(2910,'公元836年','丙辰','开成元年','唐','文宗','开成',0),(2911,'公元837年','丁己','开成二年','唐','文宗','开成',0),(2912,'公元838年','戊午','开成三年','唐','文宗','开成',0),(2913,'公元839年','己未','开成四年','唐','文宗','开成',0),(2914,'公元840年','庚申','开成五年','唐','文宗/武宗','开成',0),(2915,'公元841年','辛酉','会昌元年','唐','武宗','会昌',0),(2916,'公元842年','壬戌','会昌二年','唐','武宗','会昌',0),(2917,'公元843年','癸亥','会昌三年','唐','武宗','会昌',0),(2918,'公元844年','甲子','会昌四年','唐','武宗','会昌',0),(2919,'公元845年','乙丑','会昌五年','唐','武宗','会昌',0),(2920,'公元846年','丙寅','会昌六年','唐','武宗/宣宗','会昌',0),(2921,'公元847年','丁卯','大中元年','唐','宣宗','大中',0),(2922,'公元848年','戊辰','大中二年','唐','宣宗','大中',0),(2923,'公元849年','己巳','大中三年','唐','宣宗','大中',0),(2924,'公元850年','庚午','大中四年','唐','宣宗','大中',0),(2925,'公元851年','辛未','大中五年','唐','宣宗','大中',0),(2926,'公元852年','壬申','大中六年','唐','宣宗','大中',0),(2927,'公元853年','癸酉','大中七年','唐','宣宗','大中',0),(2928,'公元854年','甲戌','大中八年','唐','宣宗','大中',0),(2929,'公元855年','乙亥','大中九年','唐','宣宗','大中',0),(2930,'公元856年','丙子','大中十年','唐','宣宗','大中',0),(2931,'公元857年','丁丑','大中十一年','唐','宣宗','大中',0),(2932,'公元858年','戊寅','大中十二年','唐','宣宗','大中',0),(2933,'公元859年','己卯','大中十三年','唐','宣宗/懿宗','大中',0),(2934,'公元860年','庚辰','大中十四年/咸通元年','唐','懿宗','大中/咸通',0),(2935,'公元861年','辛巳','咸通二年','唐','懿宗','咸通',0),(2936,'公元862年','壬午','咸通三年','唐','懿宗','咸通',0),(2937,'公元863年','癸未','咸通四年','唐','懿宗','咸通',0),(2938,'公元864年','甲申','咸通五年','唐','懿宗','咸通',0),(2939,'公元865年','乙酉','咸通六年','唐','懿宗','咸通',0),(2940,'公元866年','丙戌','咸通七年','唐','懿宗','咸通',0),(2941,'公元867年','丁亥','咸通八年','唐','懿宗','咸通',0),(2942,'公元868年','戊子','咸通九年','唐','懿宗','咸通',0),(2943,'公元869年','己丑','咸通十年','唐','懿宗','咸通',0),(2944,'公元870年','庚寅','咸通十一年','唐','懿宗','咸通',0),(2945,'公元871年','辛卯','咸通十二年','唐','懿宗','咸通',0),(2946,'公元872年','壬辰','咸通十三年','唐','懿宗','咸通',0),(2947,'公元873年','癸巳','咸通十四年','唐','懿宗','咸通',0),(2948,'公元874年','甲午','咸通十五年/乾符元年','唐','僖宗','咸通/乾符',0),(2949,'公元875年','乙未','乾符二年','唐','僖宗','乾符',0),(2950,'公元876年','丙申','乾符三年','唐','僖宗','乾符',0),(2951,'公元877年','丁酉','乾符四年','唐','僖宗','乾符',0),(2952,'公元878年','戊戌','乾符五年','唐','僖宗','乾符',0),(2953,'公元879年','己亥','乾符六年','唐','僖宗','乾符',0),(2954,'公元880年','庚子','广明元年','唐','僖宗','广明',0),(2955,'公元881年','辛丑','光明二年/中和元年','唐','僖宗','广明/中和',0),(2956,'公元882年','壬寅','中和二年','唐','僖宗','中和',0),(2957,'公元883年','癸卯','中和三年','唐','僖宗','中和',0),(2958,'公元884年','甲辰','中和四年','唐','僖宗','中和',0),(2959,'公元885年','乙巳','中和五年/光启元年','唐','僖宗','中和/光启',0),(2960,'公元886年','丙午','光启二年','唐','僖宗','光启',0),(2961,'公元887年','丁未','光启三年','唐','僖宗','光启',0),(2962,'公元888年','戊申','光启四年/文德元年','唐','僖宗/昭宗','光启/文德',0),(2963,'公元889年','己酉','龙纪元年','唐','昭宗','龙纪',0),(2964,'公元890年','庚戌','大顺元年','唐','昭宗','大顺',0),(2965,'公元891年','辛亥','大顺二年','唐','昭宗','大顺',0),(2966,'公元892年','壬子','景福元年','唐','昭宗','景福',0),(2967,'公元893年','癸丑','景福二年','唐','昭宗','景福',0),(2968,'公元894年','甲寅','乾宁元年','唐','昭宗','乾宁',0),(2969,'公元895年','乙卯','乾宁二年','唐','昭宗','乾宁',0),(2970,'公元896年','丙辰','乾宁三年','唐','昭宗','乾宁',0),(2971,'公元897年','丁己','乾宁四年','唐','昭宗','乾宁',0),(2972,'公元898年','戊午','乾宁五年/光化元年','唐','昭宗','乾宁/光化',0),(2973,'公元899年','己未','光化二年','唐','昭宗','光化',0),(2974,'公元900年','庚申','光化三年','唐','昭宗','光化',0),(2975,'公元901年','辛酉','光化四年/天复元年','唐','昭宗','光化/天复',0),(2976,'公元902年','壬戌','天复二年','唐','昭宗','天复',0),(2977,'公元903年','癸亥','天复三年','唐','昭宗','天复',0),(2978,'公元904年','甲子','天复四年/天祐元年','唐','昭宗/哀帝','天复/天祐',0),(2979,'公元905年','乙丑','天祐二年','唐','哀帝','天祐',0),(2980,'公元906年','丙寅','天祐三年','唐','哀帝','天祐',0),(2981,'公元907年','丁卯','','五代十国·后梁','太祖','开平',0),(2982,'公元908年','戊辰','','五代十国·后梁','太祖','开平',0),(2983,'公元909年','己巳','','五代十国·后梁','太祖','开平',0),(2984,'公元910年','庚午','','五代十国·后梁','太祖','开平',0),(2985,'公元911年','辛未','','五代十国·后梁','太祖','乾化',0),(2986,'公元912年','壬申','','五代十国·后梁','','风历',0),(2987,'公元913年','癸酉','','五代十国·后梁','隐宗','乾化',0),(2988,'公元914年','甲戌','','五代十国·后梁','隐宗','乾化',0),(2989,'公元915年','乙亥','','五代十国·后梁','隐宗','贞明',0),(2990,'公元916年','丙子','','五代十国·后梁','隐宗','贞明',0),(2991,'公元917年','丁丑','','五代十国·后梁','隐宗','贞明',0),(2992,'公元918年','戊寅','','五代十国·后梁','隐宗','贞明',0),(2993,'公元919年','己卯','','五代十国·后梁','隐宗','贞明',0),(2994,'公元920年','庚辰','','五代十国·后梁','隐宗','贞明',0),(2995,'公元921年','辛巳','','五代十国·后梁','隐宗','龙德',0),(2996,'公元922年','壬午','','五代十国·后梁','隐宗','龙德',0),(2997,'公元923年','癸未','','五代十国·后唐','庄宗','同光',0),(2998,'公元924年','甲申','','五代十国·后唐','庄宗','同光',0),(2999,'公元925年','乙酉','','五代十国·后唐','庄宗','同光',0),(3000,'公元926年','丙戌','','五代十国·后唐','明宗','天成',0),(3001,'公元927年','丁亥','','五代十国·后唐','明宗','天成',0),(3002,'公元928年','戊子','','五代十国·后唐','明宗','天成',0),(3003,'公元929年','己丑','','五代十国·后唐','明宗','天成',0),(3004,'公元930年','庚寅','','五代十国·后唐','明宗','长兴',0),(3005,'公元931年','辛卯','','五代十国·后唐','明宗','长兴',0),(3006,'公元932年','壬辰','','五代十国·后唐','明宗','长兴',0),(3007,'公元933年','癸巳','','五代十国·后唐','','应顺',0),(3008,'公元934年','甲午','','五代十国·后唐','','清泰',0),(3009,'公元935年','乙未','','五代十国·后唐','','清泰',0),(3010,'公元936年','丙申','','五代十国·后晋','高祖','天福',0),(3011,'公元937年','丁酉','','五代十国·后晋','高祖','天福',0),(3012,'公元938年','戊戌','','五代十国·后晋','高祖','天福',0),(3013,'公元939年','己亥','','五代十国·后晋','高祖','天福',0),(3014,'公元940年','庚子','','五代十国·后晋','高祖','天福',0),(3015,'公元941年','辛丑','','五代十国·后晋','高祖','天福',0),(3016,'公元942年','壬寅','','五代十国·后晋','','开运',0),(3017,'公元943年','癸卯','','五代十国·后晋','','开运',0),(3018,'公元944年','甲辰','','五代十国·后晋','','开运',0),(3019,'公元945年','乙巳','','五代十国·后晋','','开运',0),(3020,'公元946年','丙午','','五代十国·后晋','','开运',0),(3021,'公元947年','丁未','','五代十国·后汉','高祖','天福',0),(3022,'公元948年','戊申','','五代十国·后汉','惠祖','乾祐',0),(3023,'公元949年','己酉','','五代十国·后汉','惠祖','乾祐',0),(3024,'公元950年','庚戌','','五代十国·后汉','惠祖','乾祐',0),(3025,'公元951年','辛亥','','五代十国·后周','太祖','广顺',0),(3026,'公元952年','壬子','','五代十国·后周','太祖','广顺',0),(3027,'公元953年','癸丑','','五代十国·后周','太祖','广顺',0),(3028,'公元954年','甲寅','','五代十国·后周','世宗','显德',0),(3029,'公元955年','乙卯','','五代十国·后周','世宗','显德',0),(3030,'公元956年','丙辰','','五代十国·后周','世宗','显德',0),(3031,'公元957年','丁己','','五代十国·后周','世宗','显德',0),(3032,'公元958年','戊午','','五代十国·后周','世宗','显德',0),(3033,'公元959年','己未','','五代十国·后周','世宗','显德',0),(3034,'公元960年','庚申','建隆元年','北宋','太祖','建隆',1),(3035,'公元961年','辛酉','建隆二年','北宋','太祖','建隆',1),(3036,'公元962年','壬戌','建隆三年','北宋','太祖','建隆',1),(3037,'公元963年','癸亥','建隆四年/乾德四年','北宋','太祖','建隆/乾德',1),(3038,'公元964年','甲子','乾德二年','北宋','太祖','乾德',1),(3039,'公元965年','乙丑','乾德三年','北宋','太祖','乾德',1),(3040,'公元966年','丙寅','乾德四年','北宋','太祖','乾德',1),(3041,'公元967年','丁卯','乾德五年','北宋','太祖','乾德',1),(3042,'公元968年','戊辰','乾德六年/开宝元年','北宋','太祖','乾德/开宝',1),(3043,'公元969年','己巳','开宝二年','北宋','太祖','开宝',1),(3044,'公元970年','庚午','开宝三年','北宋','太祖','开宝',1),(3045,'公元971年','辛未','开宝四年','北宋','太祖','开宝',1),(3046,'公元972年','壬申','开宝五年','北宋','太祖','开宝',1),(3047,'公元973年','癸酉','开宝六年','北宋','太祖','开宝',1),(3048,'公元974年','甲戌','开宝七年','北宋','太祖','开宝',1),(3049,'公元975年','乙亥','开宝八年','北宋','太祖','开宝',1),(3050,'公元976年','丙子','开宝九年/太平兴国元年','北宋','太祖/太宗','开宝/太平兴国',1),(3051,'公元977年','丁丑','太平兴国二年','北宋','太宗','太平兴国',1),(3052,'公元978年','戊寅','太平兴国三年','北宋','太宗','太平兴国',1),(3053,'公元979年','己卯','太平兴国四年','北宋','太宗','太平兴国',1),(3054,'公元980年','庚辰','太平兴国五年','北宋','太宗','太平兴国',1),(3055,'公元981年','辛巳','太平兴国六年','北宋','太宗','太平兴国',1),(3056,'公元982年','壬午','太平兴国七年','北宋','太宗','太平兴国',1),(3057,'公元983年','癸未','太平兴国八年','北宋','太宗','太平兴国',1),(3058,'公元984年','甲申','太平兴国九年/雍熙元年','北宋','太宗','太平兴国/雍熙',1),(3059,'公元985年','乙酉','雍熙二年','北宋','太宗','雍熙',1),(3060,'公元986年','丙戌','雍熙三年','北宋','太宗','雍熙',1),(3061,'公元987年','丁亥','雍熙四年','北宋','太宗','雍熙',1),(3062,'公元988年','戊子','端拱元年','北宋','太宗','端拱',1),(3063,'公元989年','己丑','端拱二年','北宋','太宗','端拱',1),(3064,'公元990年','庚寅','淳化元年','北宋','太宗','淳化',1),(3065,'公元991年','辛卯','淳化二年','北宋','太宗','淳化',1),(3066,'公元992年','壬辰','淳化三年','北宋','太宗','淳化',1),(3067,'公元993年','癸巳','淳化四年','北宋','太宗','淳化',1),(3068,'公元994年','甲午','淳化五年','北宋','太宗','淳化',1),(3069,'公元995年','乙未','至道元年','北宋','太宗','至道',1),(3070,'公元996年','丙申','至道二年','北宋','太宗','至道',1),(3071,'公元997年','丁酉','至道三年','北宋','太宗/真宗','至道',1),(3072,'公元998年','戊戌','咸平元年','北宋','真宗','咸平',1),(3073,'公元999年','己亥','咸平二年','北宋','真宗','咸平',1),(3074,'公元1000年','庚子','咸平三年','北宋','真宗','咸平',1),(3075,'公元1001年','辛丑','咸平四年','北宋','真宗','咸平',1),(3076,'公元1002年','壬寅','咸平五年','北宋','真宗','咸平',1),(3077,'公元1003年','癸卯','咸平六年','北宋','真宗','咸平',1),(3078,'公元1004年','甲辰','景德元年','北宋','真宗','景德',1),(3079,'公元1005年','乙巳','景德二年','北宋','真宗','景德',1),(3080,'公元1006年','丙午','景德三年','北宋','真宗','景德',1),(3081,'公元1007年','丁未','景德四年','北宋','真宗','景德',1),(3082,'公元1008年','戊申','大中祥符元年','北宋','真宗','大中祥符',1),(3083,'公元1009年','己酉','大中祥符二年','北宋','真宗','大中祥符',1),(3084,'公元1010年','庚戌','大中祥符三年','北宋','真宗','大中祥符',1),(3085,'公元1011年','辛亥','大中祥符四年','北宋','真宗','大中祥符',1),(3086,'公元1012年','壬子','大中祥符五年','北宋','真宗','大中祥符',1),(3087,'公元1013年','癸丑','大中祥符六年','北宋','真宗','大中祥符',1),(3088,'公元1014年','甲寅','大中祥符七年','北宋','真宗','大中祥符',1),(3089,'公元1015年','乙卯','大中祥符八年','北宋','真宗','大中祥符',1),(3090,'公元1016年','丙辰','大中祥符九年','北宋','真宗','大中祥符',1),(3091,'公元1017年','丁己','天禧元年','北宋','真宗','天禧',1),(3092,'公元1018年','戊午','天禧二年','北宋','真宗','天禧',1),(3093,'公元1019年','己未','天禧三年','北宋','真宗','天禧',1),(3094,'公元1020年','庚申','天禧四年','北宋','真宗','天禧',1),(3095,'公元1021年','辛酉','天禧五年','北宋','真宗','天禧',1),(3096,'公元1022年','壬戌','元年','北宋','真宗/仁宗','乾兴',1),(3097,'公元1023年','癸亥','天圣元年','北宋','仁宗','天圣',1),(3098,'公元1024年','甲子','天圣二年','北宋','仁宗','天圣',1),(3099,'公元1025年','乙丑','天圣三年','北宋','仁宗','天圣',1),(3100,'公元1026年','丙寅','天圣四年','北宋','仁宗','天圣',1),(3101,'公元1027年','丁卯','天圣五年','北宋','仁宗','天圣',1),(3102,'公元1028年','戊辰','天圣六年','北宋','仁宗','天圣',1),(3103,'公元1029年','己巳','天圣七年','北宋','仁宗','天圣',1),(3104,'公元1030年','庚午','天圣八年','北宋','仁宗','天圣',1),(3105,'公元1031年','辛未','天圣九年','北宋','仁宗','天圣',1),(3106,'公元1032年','壬申','天圣十年/明道元年','北宋','仁宗','天圣/明道',1),(3107,'公元1033年','癸酉','明道二年','北宋','仁宗','明道',1),(3108,'公元1034年','甲戌','景祐元年','北宋','仁宗','景祐',1),(3109,'公元1035年','乙亥','景祐二年','北宋','仁宗','景祐',1),(3110,'公元1036年','丙子','景祐三年','北宋','仁宗','景祐',1),(3111,'公元1037年','丁丑','景祐四年','北宋','仁宗','景祐',1),(3112,'公元1038年','戊寅','景祐五年/宝元元年','北宋','仁宗','景祐/宝元',1),(3113,'公元1039年','己卯','宝元二年','北宋','仁宗','宝元',1),(3114,'公元1040年','庚辰','宝元三年/康定元年','北宋','仁宗','宝元/康定',1),(3115,'公元1041年','辛巳','康定二年/庆历元年','北宋','仁宗','康定/庆历',1),(3116,'公元1042年','壬午','庆历二年','北宋','仁宗','庆历',1),(3117,'公元1043年','癸未','庆历三年','北宋','仁宗','庆历',1),(3118,'公元1044年','甲申','庆历四年','北宋','仁宗','庆历',1),(3119,'公元1045年','乙酉','庆历五年','北宋','仁宗','庆历',1),(3120,'公元1046年','丙戌','庆历六年','北宋','仁宗','庆历',1),(3121,'公元1047年','丁亥','庆历七年','北宋','仁宗','庆历',1),(3122,'公元1048年','戊子','庆历八年','北宋','仁宗','庆历',1),(3123,'公元1049年','己丑','皇祐元年','北宋','仁宗','皇祐',1),(3124,'公元1050年','庚寅','皇祐二年','北宋','仁宗','皇祐',1),(3125,'公元1051年','辛卯','皇祐三年','北宋','仁宗','皇祐',1),(3126,'公元1052年','壬辰','皇祐四年','北宋','仁宗','皇祐',1),(3127,'公元1053年','癸巳','皇祐五年','北宋','仁宗','皇祐',1),(3128,'公元1054年','甲午','皇祐六年/至和元年','北宋','仁宗','皇祐/至和',1),(3129,'公元1055年','乙未','至和二年','北宋','仁宗','至和',1),(3130,'公元1056年','丙申','至和三年/嘉祐元年','北宋','仁宗','至和/嘉祐',1),(3131,'公元1057年','丁酉','嘉祐二年','北宋','仁宗','嘉祐',1),(3132,'公元1058年','戊戌','嘉祐三年','北宋','仁宗','嘉祐',1),(3133,'公元1059年','己亥','嘉祐四年','北宋','仁宗','嘉祐',1),(3134,'公元1060年','庚子','嘉祐五年','北宋','仁宗','嘉祐',1),(3135,'公元1061年','辛丑','嘉祐六年','北宋','仁宗','嘉祐',1),(3136,'公元1062年','壬寅','嘉祐七年','北宋','仁宗','嘉祐',1),(3137,'公元1063年','癸卯','嘉祐八年','北宋','仁宗/英宗','嘉祐',1),(3138,'公元1064年','甲辰','治平元年','北宋','英宗','治平',1),(3139,'公元1065年','乙巳','治平二年','北宋','英宗','治平',1),(3140,'公元1066年','丙午','治平三年','北宋','英宗','治平',1),(3141,'公元1067年','丁未','治平四年','北宋','英宗/神宗','治平',1),(3142,'公元1068年','戊申','熙宁元年','北宋','神宗','熙宁',1),(3143,'公元1069年','己酉','熙宁二年','北宋','神宗','熙宁',1),(3144,'公元1070年','庚戌','熙宁三年','北宋','神宗','熙宁',1),(3145,'公元1071年','辛亥','熙宁四年','北宋','神宗','熙宁',1),(3146,'公元1072年','壬子','熙宁五年','北宋','神宗','熙宁',1),(3147,'公元1073年','癸丑','熙宁六年','北宋','神宗','熙宁',1),(3148,'公元1074年','甲寅','熙宁七年','北宋','神宗','熙宁',1),(3149,'公元1075年','乙卯','熙宁八年','北宋','神宗','熙宁',1),(3150,'公元1076年','丙辰','熙宁九年','北宋','神宗','熙宁',1),(3151,'公元1077年','丁己','熙宁十年','北宋','神宗','熙宁',1),(3152,'公元1078年','戊午','元丰元年','北宋','神宗','元丰',1),(3153,'公元1079年','己未','元丰二年','北宋','神宗','元丰',1),(3154,'公元1080年','庚申','元丰三年','北宋','神宗','元丰',1),(3155,'公元1081年','辛酉','元丰四年','北宋','神宗','元丰',1),(3156,'公元1082年','壬戌','元丰五年','北宋','神宗','元丰',1),(3157,'公元1083年','癸亥','元丰六年','北宋','神宗','元丰',1),(3158,'公元1084年','甲子','元丰七年','北宋','神宗','元丰',1),(3159,'公元1085年','乙丑','元丰八年','北宋','神宗/哲宗','元丰',1),(3160,'公元1086年','丙寅','元祐元年','北宋','哲宗','元祐',1),(3161,'公元1087年','丁卯','元祐二年','北宋','哲宗','元祐',1),(3162,'公元1088年','戊辰','元祐三年','北宋','哲宗','元祐',1),(3163,'公元1089年','己巳','元祐四年','北宋','哲宗','元祐',1),(3164,'公元1090年','庚午','元祐五年','北宋','哲宗','元祐',1),(3165,'公元1091年','辛未','元祐六年','北宋','哲宗','元祐',1),(3166,'公元1092年','壬申','元祐七年','北宋','哲宗','元祐',1),(3167,'公元1093年','癸酉','元祐八年','北宋','哲宗','元祐',1),(3168,'公元1094年','甲戌','元祐九年/绍圣元年','北宋','哲宗','元祐/绍圣',1),(3169,'公元1095年','乙亥','绍圣二年','北宋','哲宗','绍圣',1),(3170,'公元1096年','丙子','绍圣三年','北宋','哲宗','绍圣',1),(3171,'公元1097年','丁丑','绍圣四年','北宋','哲宗','绍圣',1),(3172,'公元1098年','戊寅','绍圣五年/元符元年','北宋','哲宗','绍圣/元符',1),(3173,'公元1099年','己卯','元符二年','北宋','哲宗','元符',1),(3174,'公元1100年','庚辰','元符三年','北宋','哲宗/徽宗','元符',1),(3175,'公元1101年','辛巳','建中靖国元年','北宋','徽宗','建中靖国',1),(3176,'公元1102年','壬午','崇宁元年','北宋','徽宗','崇宁',1),(3177,'公元1103年','癸未','崇宁二年','北宋','徽宗','崇宁',1),(3178,'公元1104年','甲申','崇宁三年','北宋','徽宗','崇宁',1),(3179,'公元1105年','乙酉','崇宁四年','北宋','徽宗','崇宁',1),(3180,'公元1106年','丙戌','崇宁五年','北宋','徽宗','崇宁',1),(3181,'公元1107年','丁亥','大观元年','北宋','徽宗','大观',1),(3182,'公元1108年','戊子','大观二年','北宋','徽宗','大观',1),(3183,'公元1109年','己丑','大观三年','北宋','徽宗','大观',1),(3184,'公元1110年','庚寅','大观四年','北宋','徽宗','大观',1),(3185,'公元1111年','辛卯','政和元年','北宋','徽宗','政和',1),(3186,'公元1112年','壬辰','政和二年','北宋','徽宗','政和',1),(3187,'公元1113年','癸巳','政和三年','北宋','徽宗','政和',1),(3188,'公元1114年','甲午','政和四年','北宋','徽宗','政和',1),(3189,'公元1115年','乙未','政和五年','北宋','徽宗','政和',1),(3190,'公元1116年','丙申','政和六年','北宋','徽宗','政和',1),(3191,'公元1117年','丁酉','政和七年','北宋','徽宗','政和',1),(3192,'公元1118年','戊戌','政和八年/重和元年','北宋','徽宗','政和/重和',1),(3193,'公元1119年','己亥','重和二年/宣和元年','北宋','徽宗','重和/宣和',1),(3194,'公元1120年','庚子','宣和二年','北宋','徽宗','宣和',1),(3195,'公元1121年','辛丑','宣和三年','北宋','徽宗','宣和',1),(3196,'公元1122年','壬寅','宣和四年','北宋','徽宗','宣和',1),(3197,'公元1123年','癸卯','宣和五年','北宋','徽宗','宣和',1),(3198,'公元1124年','甲辰','宣和六年','北宋','徽宗','宣和',1),(3199,'公元1125年','乙巳','宣和七年','北宋','徽宗/钦宗','宣和',1),(3200,'公元1126年','丙午','靖康元年','北宋','钦宗','靖康',1),(3201,'公元1127年','丁未','靖康二年/建炎元年','南宋','高宗','靖康/建炎',1),(3202,'公元1128年','戊申','建炎二年','南宋','高宗','建炎',1),(3203,'公元1129年','己酉','建炎三年','南宋','高宗','建炎',1),(3204,'公元1130年','庚戌','建炎四年','南宋','高宗','建炎',1),(3205,'公元1131年','辛亥','绍兴元年','南宋','高宗','绍兴',1),(3206,'公元1132年','壬子','绍兴二年','南宋','高宗','绍兴',1),(3207,'公元1133年','癸丑','绍兴三年','南宋','高宗','绍兴',1),(3208,'公元1134年','甲寅','绍兴四年','南宋','高宗','绍兴',1),(3209,'公元1135年','乙卯','绍兴五年','南宋','高宗','绍兴',1),(3210,'公元1136年','丙辰','绍兴六年','南宋','高宗','绍兴',1),(3211,'公元1137年','丁己','绍兴七年','南宋','高宗','绍兴',1),(3212,'公元1138年','戊午','绍兴八年','南宋','高宗','绍兴',1),(3213,'公元1139年','己未','绍兴九年','南宋','高宗','绍兴',1),(3214,'公元1140年','庚申','绍兴十年','南宋','高宗','绍兴',1),(3215,'公元1141年','辛酉','绍兴十一年','南宋','高宗','绍兴',1),(3216,'公元1142年','壬戌','绍兴十二年','南宋','高宗','绍兴',1),(3217,'公元1143年','癸亥','绍兴十三年','南宋','高宗','绍兴',1),(3218,'公元1144年','甲子','绍兴十四年','南宋','高宗','绍兴',1),(3219,'公元1145年','乙丑','绍兴十五年','南宋','高宗','绍兴',1),(3220,'公元1146年','丙寅','绍兴十六年','南宋','高宗','绍兴',1),(3221,'公元1147年','丁卯','绍兴十七年','南宋','高宗','绍兴',1),(3222,'公元1148年','戊辰','绍兴十八年','南宋','高宗','绍兴',1),(3223,'公元1149年','己巳','绍兴十九年','南宋','高宗','绍兴',1),(3224,'公元1150年','庚午','绍兴二十年','南宋','高宗','绍兴',1),(3225,'公元1151年','辛未','绍兴二十一年','南宋','高宗','绍兴',1),(3226,'公元1152年','壬申','绍兴二十二年','南宋','高宗','绍兴',1),(3227,'公元1153年','癸酉','绍兴二十三年','南宋','高宗','绍兴',1),(3228,'公元1154年','甲戌','绍兴二十四年','南宋','高宗','绍兴',1),(3229,'公元1155年','乙亥','绍兴二十五年','南宋','高宗','绍兴',1),(3230,'公元1156年','丙子','绍兴二十六年','南宋','高宗','绍兴',1),(3231,'公元1157年','丁丑','绍兴二十七年','南宋','高宗','绍兴',1),(3232,'公元1158年','戊寅','绍兴二十八年','南宋','高宗','绍兴',1),(3233,'公元1159年','己卯','绍兴二十九年','南宋','高宗','绍兴',1),(3234,'公元1160年','庚辰','绍兴三十年','南宋','高宗','绍兴',1),(3235,'公元1161年','辛巳','绍兴三十一年','南宋','高宗','绍兴',1),(3236,'公元1162年','壬午','绍兴三十二年','南宋','高宗/孝宗','绍兴',1),(3237,'公元1163年','癸未','隆兴元年','南宋','孝宗','隆兴',1),(3238,'公元1164年','甲申','隆兴二年','南宋','孝宗','隆兴',1),(3239,'公元1165年','乙酉','乾道元年','南宋','孝宗','乾道',1),(3240,'公元1166年','丙戌','乾道二年','南宋','孝宗','乾道',1),(3241,'公元1167年','丁亥','乾道三年','南宋','孝宗','乾道',1),(3242,'公元1168年','戊子','乾道四年','南宋','孝宗','乾道',1),(3243,'公元1169年','己丑','乾道五年','南宋','孝宗','乾道',1),(3244,'公元1170年','庚寅','乾道六年','南宋','孝宗','乾道',1),(3245,'公元1171年','辛卯','乾道七年','南宋','孝宗','乾道',1),(3246,'公元1172年','壬辰','乾道八年','南宋','孝宗','乾道',1),(3247,'公元1173年','癸巳','乾道九年','南宋','孝宗','乾道',1),(3248,'公元1174年','甲午','淳熙元年','南宋','孝宗','淳熙',1),(3249,'公元1175年','乙未','淳熙二年','南宋','孝宗','淳熙',1),(3250,'公元1176年','丙申','淳熙三年','南宋','孝宗','淳熙',1),(3251,'公元1177年','丁酉','淳熙四年','南宋','孝宗','淳熙',1),(3252,'公元1178年','戊戌','淳熙五年','南宋','孝宗','淳熙',1),(3253,'公元1179年','己亥','淳熙六年','南宋','孝宗','淳熙',1),(3254,'公元1180年','庚子','淳熙七年','南宋','孝宗','淳熙',1),(3255,'公元1181年','辛丑','淳熙八年','南宋','孝宗','淳熙',1),(3256,'公元1182年','壬寅','淳熙九年','南宋','孝宗','淳熙',1),(3257,'公元1183年','癸卯','淳熙十年','南宋','孝宗','淳熙',1),(3258,'公元1184年','甲辰','淳熙十一年','南宋','孝宗','淳熙',1),(3259,'公元1185年','乙巳','淳熙十二年','南宋','孝宗','淳熙',1),(3260,'公元1186年','丙午','淳熙十三年','南宋','孝宗','淳熙',1),(3261,'公元1187年','丁未','淳熙十四年','南宋','孝宗','淳熙',1),(3262,'公元1188年','戊申','淳熙十五年','南宋','孝宗','淳熙',1),(3263,'公元1189年','己酉','淳熙十六年','南宋','孝宗/光宗','淳熙',1),(3264,'公元1190年','庚戌','绍熙元年','南宋','光宗','绍熙',1),(3265,'公元1191年','辛亥','绍熙二年','南宋','光宗','绍熙',1),(3266,'公元1192年','壬子','绍熙三年','南宋','光宗','绍熙',1),(3267,'公元1193年','癸丑','绍熙四年','南宋','光宗','绍熙',1),(3268,'公元1194年','甲寅','绍熙五年','南宋','光宗/宁宗','绍熙',1),(3269,'公元1195年','乙卯','庆元元年','南宋','宁宗','庆元',1),(3270,'公元1196年','丙辰','庆元二年','南宋','宁宗','庆元',1),(3271,'公元1197年','丁己','庆元三年','南宋','宁宗','庆元',1),(3272,'公元1198年','戊午','庆元四年','南宋','宁宗','庆元',1),(3273,'公元1199年','己未','庆元五年','南宋','宁宗','庆元',1),(3274,'公元1200年','庚申','庆元六年','南宋','宁宗','庆元',1),(3275,'公元1201年','辛酉','嘉泰元年','南宋','宁宗','嘉泰',1),(3276,'公元1202年','壬戌','嘉泰二年','南宋','宁宗','嘉泰',1),(3277,'公元1203年','癸亥','嘉泰三年','南宋','宁宗','嘉泰',1),(3278,'公元1204年','甲子','嘉泰四年','南宋','宁宗','嘉泰',1),(3279,'公元1205年','乙丑','开禧元年','南宋','宁宗','开禧',1),(3280,'公元1206年','丙寅','开禧二年','南宋','宁宗','开禧',1),(3281,'公元1207年','丁卯','开禧三年','南宋','宁宗','开禧',1),(3282,'公元1208年','戊辰','嘉定元年','南宋','宁宗','嘉定',1),(3283,'公元1209年','己巳','嘉定二年','南宋','宁宗','嘉定',1),(3284,'公元1210年','庚午','嘉定三年','南宋','宁宗','嘉定',1),(3285,'公元1211年','辛未','嘉定四年','南宋','宁宗','嘉定',1),(3286,'公元1212年','壬申','嘉定五年','南宋','宁宗','嘉定',1),(3287,'公元1213年','癸酉','嘉定六年','南宋','宁宗','嘉定',1),(3288,'公元1214年','甲戌','嘉定七年','南宋','宁宗','嘉定',1),(3289,'公元1215年','乙亥','嘉定八年','南宋','宁宗','嘉定',1),(3290,'公元1216年','丙子','嘉定九年','南宋','宁宗','嘉定',1),(3291,'公元1217年','丁丑','嘉定十年','南宋','宁宗','嘉定',1),(3292,'公元1218年','戊寅','嘉定十一年','南宋','宁宗','嘉定',1),(3293,'公元1219年','己卯','嘉定十二年','南宋','宁宗','嘉定',1),(3294,'公元1220年','庚辰','嘉定十三年','南宋','宁宗','嘉定',1),(3295,'公元1221年','辛巳','嘉定十四年','南宋','宁宗','嘉定',1),(3296,'公元1222年','壬午','嘉定十五年','南宋','宁宗','嘉定',1),(3297,'公元1223年','癸未','嘉定十六年','南宋','宁宗','嘉定',1),(3298,'公元1224年','甲申','嘉定十七年','南宋','宁宗/理宗','嘉定',1),(3299,'公元1225年','乙酉','宝庆元年','南宋','理宗','宝庆',1),(3300,'公元1226年','丙戌','宝庆二年','南宋','理宗','宝庆',1),(3301,'公元1227年','丁亥','宝庆三年','南宋','理宗','宝庆',1),(3302,'公元1228年','戊子','绍定元年','南宋','理宗','绍定',1),(3303,'公元1229年','己丑','绍定二年','南宋','理宗','绍定',1),(3304,'公元1230年','庚寅','绍定三年','南宋','理宗','绍定',1),(3305,'公元1231年','辛卯','绍定四年','南宋','理宗','绍定',1),(3306,'公元1232年','壬辰','绍定五年','南宋','理宗','绍定',1),(3307,'公元1233年','癸巳','绍定六年','南宋','理宗','绍定',1),(3308,'公元1234年','甲午','端平元年','南宋','理宗','端平',1),(3309,'公元1235年','乙未','端平二年','南宋','理宗','端平',1),(3310,'公元1236年','丙申','端平三年','南宋','理宗','端平',1),(3311,'公元1237年','丁酉','嘉熙元年','南宋','理宗','嘉熙',1),(3312,'公元1238年','戊戌','嘉熙二年','南宋','理宗','嘉熙',1),(3313,'公元1239年','己亥','嘉熙三年','南宋','理宗','嘉熙',1),(3314,'公元1240年','庚子','嘉熙四年','南宋','理宗','嘉熙',1),(3315,'公元1241年','辛丑','淳祐元年','南宋','理宗','淳祐',1),(3316,'公元1242年','壬寅','淳祐二年','南宋','理宗','淳祐',1),(3317,'公元1243年','癸卯','淳祐三年','南宋','理宗','淳祐',1),(3318,'公元1244年','甲辰','淳祐四年','南宋','理宗','淳祐',1),(3319,'公元1245年','乙巳','淳祐五年','南宋','理宗','淳祐',1),(3320,'公元1246年','丙午','淳祐六年','南宋','理宗','淳祐',1),(3321,'公元1247年','丁未','淳祐七年','南宋','理宗','淳祐',1),(3322,'公元1248年','戊申','淳祐八年','南宋','理宗','淳祐',1),(3323,'公元1249年','己酉','淳祐九年','南宋','理宗','淳祐',1),(3324,'公元1250年','庚戌','淳祐十年','南宋','理宗','淳祐',1),(3325,'公元1251年','辛亥','淳祐十一年','南宋','理宗','淳祐',1),(3326,'公元1252年','壬子','淳祐十二年','南宋','理宗','淳祐',1),(3327,'公元1253年','癸丑','宝祐元年','南宋','理宗','宝祐',1),(3328,'公元1254年','甲寅','宝祐二年','南宋','理宗','宝祐',1),(3329,'公元1255年','乙卯','宝祐三年','南宋','理宗','宝祐',1),(3330,'公元1256年','丙辰','宝祐四年','南宋','理宗','宝祐',1),(3331,'公元1257年','丁己','宝祐五年','南宋','理宗','宝祐',1),(3332,'公元1258年','戊午','宝祐六年','南宋','理宗','宝祐',1),(3333,'公元1259年','己未','开庆元年','南宋','理宗','开庆',1),(3334,'公元1260年','庚申','景定元年','南宋','理宗','景定',1),(3335,'公元1261年','辛酉','景定二年','南宋','理宗','景定',1),(3336,'公元1262年','壬戌','景定三年','南宋','理宗','景定',1),(3337,'公元1263年','癸亥','景定四年','南宋','理宗','景定',1),(3338,'公元1264年','甲子','景定五年','南宋','理宗/度宗','景定',1),(3339,'公元1265年','乙丑','咸淳元年','南宋','度宗','咸淳',1),(3340,'公元1266年','丙寅','咸淳二年','南宋','度宗','咸淳',1),(3341,'公元1267年','丁卯','咸淳三年','南宋','度宗','咸淳',1),(3342,'公元1268年','戊辰','咸淳四年','南宋','度宗','咸淳',1),(3343,'公元1269年','己巳','咸淳五年','南宋','度宗','咸淳',1),(3344,'公元1270年','庚午','咸淳六年','南宋','度宗','咸淳',1),(3345,'公元1271年','辛未','咸淳七年/至元元年','南宋/元','度宗/世祖','咸淳/至元',1),(3346,'公元1272年','壬申','咸淳八年/至元二年','南宋/元','度宗/世祖','咸淳/至元',1),(3347,'公元1273年','癸酉','咸淳九年/至元三年','南宋/元','度宗/世祖','咸淳/至元',1),(3348,'公元1274年','甲戌','咸淳十年/至元四年','南宋/元','度宗/恭宗/世祖','咸淳/至元',1),(3349,'公元1275年','乙亥','德祐元年/至元五年','南宋/元','恭宗/世祖','德祐/至元',1),(3350,'公元1276年','丙子','德祐二年、景炎元年/至元六年','南宋/元','恭宗/端宗/世祖','德祐、景炎/至元',1),(3351,'公元1277年','丁丑','景炎二年/至元七年','南宋/元','端宗/世祖','景炎/至元',1),(3352,'公元1278年','戊寅','景炎三年、祥兴元年/至元八年','南宋/元','端宗/怀宗/世祖','景炎、祥兴/至元',1),(3353,'公元1279年','己卯','祥兴二年/至元九年','南宋/元','怀宗/世祖','祥兴/至元',1),(3354,'公元1280年','庚辰','至元十年','元','世祖','至元',1),(3355,'公元1281年','辛巳','至元十一年','元','世祖','至元',1),(3356,'公元1282年','壬午','至元十二年','元','世祖','至元',1),(3357,'公元1283年','癸未','至元十三年','元','世祖','至元',1),(3358,'公元1284年','甲申','至元十四年','元','世祖','至元',1),(3359,'公元1285年','乙酉','至元十五年','元','世祖','至元',1),(3360,'公元1286年','丙戌','至元十六年','元','世祖','至元',1),(3361,'公元1287年','丁亥','至元十七年','元','世祖','至元',1),(3362,'公元1288年','戊子','至元十八年','元','世祖','至元',1),(3363,'公元1289年','己丑','至元十九年','元','世祖','至元',1),(3364,'公元1290年','庚寅','至元二十年','元','世祖','至元',1),(3365,'公元1291年','辛卯','至元二十一年','元','世祖','至元',1),(3366,'公元1292年','壬辰','至元二十二年','元','世祖','至元',1),(3367,'公元1293年','癸巳','至元二十三年','元','世祖','至元',1),(3368,'公元1294年','甲午','至元二十四年','元','世祖/成宗','至元',1),(3369,'公元1295年','乙未','元贞元年','元','成宗','元贞',1),(3370,'公元1296年','丙申','元贞二年','元','成宗','元贞',1),(3371,'公元1297年','丁酉','元贞三年/大德元年','元','成宗','元贞/大德',1),(3372,'公元1298年','戊戌','大德二年','元','成宗','大德',1),(3373,'公元1299年','己亥','大德三年','元','成宗','大德',1),(3374,'公元1300年','庚子','大德四年','元','成宗','大德',1),(3375,'公元1301年','辛丑','大德五年','元','成宗','大德',1),(3376,'公元1302年','壬寅','大德六年','元','成宗','大德',1),(3377,'公元1303年','癸卯','大德七年','元','成宗','大德',1),(3378,'公元1304年','甲辰','大德八年','元','成宗','大德',1),(3379,'公元1305年','乙巳','大德九年','元','成宗','大德',1),(3380,'公元1306年','丙午','大德十年','元','成宗','大德',1),(3381,'公元1307年','丁未','大德十一年','元','成宗/武宗','大德',1),(3382,'公元1308年','戊申','至大元年','元','武宗','至大',1),(3383,'公元1309年','己酉','至大二年','元','武宗','至大',1),(3384,'公元1310年','庚戌','至大三年','元','武宗','至大',1),(3385,'公元1311年','辛亥','至大四年','元','武宗/仁宗','至大',1),(3386,'公元1312年','壬子','皇庆元年','元','仁宗','皇庆',1),(3387,'公元1313年','癸丑','皇庆二年','元','仁宗','皇庆',1),(3388,'公元1314年','甲寅','延祐元年','元','仁宗','延祐',1),(3389,'公元1315年','乙卯','延祐二年','元','仁宗','延祐',1),(3390,'公元1316年','丙辰','延祐三年','元','仁宗','延祐',1),(3391,'公元1317年','丁己','延祐四年','元','仁宗','延祐',1),(3392,'公元1318年','戊午','延祐五年','元','仁宗','延祐',1),(3393,'公元1319年','己未','延祐六年','元','仁宗','延祐',1),(3394,'公元1320年','庚申','延祐七年','元','仁宗/英宗','延祐',1),(3395,'公元1321年','辛酉','至治元年','元','英宗','至治',1),(3396,'公元1322年','壬戌','至治二年','元','英宗','至治',1),(3397,'公元1323年','癸亥','至治三年','元','英宗/无','至治',1),(3398,'公元1324年','甲子','泰定元年','元','','泰定',1),(3399,'公元1325年','乙丑','泰定二年','元','','泰定',1),(3400,'公元1326年','丙寅','泰定三年','元','','泰定',1),(3401,'公元1327年','丁卯','泰定四年','元','','泰定',1),(3402,'公元1328年','戊辰','泰定五年/致和元年/天顺元年/天历元年','元','无/文宗','泰定/致和/天顺/天历',1),(3403,'公元1329年','己巳','天历二年','元','文宗/明宗/文宗','天历',1),(3404,'公元1330年','庚午','天历三年/至顺元年','元','文宗','天历/至顺',1),(3405,'公元1331年','辛未','至顺二年','元','文宗','至顺',1),(3406,'公元1332年','壬申','至顺三年','元','文宗/宁宗','至顺',1),(3407,'公元1333年','癸酉','至顺三年/元统元年','元','惠宗','至顺/元统',1),(3408,'公元1334年','甲戌','元统二年','元','惠宗','元统',1),(3409,'公元1335年','乙亥','元统三年/至元元年','元','惠宗','元统/至元',1),(3410,'公元1336年','丙子','至元二年','元','惠宗','至元',1),(3411,'公元1337年','丁丑','至元三年','元','惠宗','至元',1),(3412,'公元1338年','戊寅','至元四年','元','惠宗','至元',1),(3413,'公元1339年','己卯','至元五年','元','惠宗','至元',1),(3414,'公元1340年','庚辰','至元六年','元','惠宗','至元',1),(3415,'公元1341年','辛巳','至正元年','元','惠宗','至正',1),(3416,'公元1342年','壬午','至正二年','元','惠宗','至正',1),(3417,'公元1343年','癸未','至正三年','元','惠宗','至正',1),(3418,'公元1344年','甲申','至正四年','元','惠宗','至正',1),(3419,'公元1345年','乙酉','至正五年','元','惠宗','至正',1),(3420,'公元1346年','丙戌','至正六年','元','惠宗','至正',1),(3421,'公元1347年','丁亥','至正七年','元','惠宗','至正',1),(3422,'公元1348年','戊子','至正八年','元','惠宗','至正',1),(3423,'公元1349年','己丑','至正九年','元','惠宗','至正',1),(3424,'公元1350年','庚寅','至正十年','元','惠宗','至正',1),(3425,'公元1351年','辛卯','至正十一年','元','惠宗','至正',1),(3426,'公元1352年','壬辰','至正十二年','元','惠宗','至正',1),(3427,'公元1353年','癸巳','至正十三年','元','惠宗','至正',1),(3428,'公元1354年','甲午','至正十四年','元','惠宗','至正',1),(3429,'公元1355年','乙未','至正十五年','元','惠宗','至正',1),(3430,'公元1356年','丙申','至正十六年','元','惠宗','至正',1),(3431,'公元1357年','丁酉','至正十七年','元','惠宗','至正',1),(3432,'公元1358年','戊戌','至正十八年','元','惠宗','至正',1),(3433,'公元1359年','己亥','至正十九年','元','惠宗','至正',1),(3434,'公元1360年','庚子','至正二十年','元','惠宗','至正',1),(3435,'公元1361年','辛丑','至正二十一年','元','惠宗','至正',1),(3436,'公元1362年','壬寅','至正二十二年','元','惠宗','至正',1),(3437,'公元1363年','癸卯','至正二十三年','元','惠宗','至正',1),(3438,'公元1364年','甲辰','至正二十四年','元','惠宗','至正',1),(3439,'公元1365年','乙巳','至正二十五年','元','惠宗','至正',1),(3440,'公元1366年','丙午','至正二十六年','元','惠宗','至正',1),(3441,'公元1367年','丁未','至正二十七年','元','惠宗','至正',1),(3442,'公元1368年','戊申','洪武元年','明','太祖','洪武',1),(3443,'公元1369年','己酉','洪武二年','明','太祖','洪武',1),(3444,'公元1370年','庚戌','洪武三年','明','太祖','洪武',1),(3445,'公元1371年','辛亥','洪武四年','明','太祖','洪武',1),(3446,'公元1372年','壬子','洪武五年','明','太祖','洪武',1),(3447,'公元1373年','癸丑','洪武六年','明','太祖','洪武',1),(3448,'公元1374年','甲寅','洪武七年','明','太祖','洪武',1),(3449,'公元1375年','乙卯','洪武八年','明','太祖','洪武',1),(3450,'公元1376年','丙辰','洪武九年','明','太祖','洪武',1),(3451,'公元1377年','丁己','洪武十年','明','太祖','洪武',1),(3452,'公元1378年','戊午','洪武十一年','明','太祖','洪武',1),(3453,'公元1379年','己未','洪武十二年','明','太祖','洪武',1),(3454,'公元1380年','庚申','洪武十三年','明','太祖','洪武',1),(3455,'公元1381年','辛酉','洪武十四年','明','太祖','洪武',1),(3456,'公元1382年','壬戌','洪武十五年','明','太祖','洪武',1),(3457,'公元1383年','癸亥','洪武十六年','明','太祖','洪武',1),(3458,'公元1384年','甲子','洪武十七年','明','太祖','洪武',1),(3459,'公元1385年','乙丑','洪武十八年','明','太祖','洪武',1),(3460,'公元1386年','丙寅','洪武十九年','明','太祖','洪武',1),(3461,'公元1387年','丁卯','洪武二十年','明','太祖','洪武',1),(3462,'公元1388年','戊辰','洪武二十一年','明','太祖','洪武',1),(3463,'公元1389年','己巳','洪武二十二年','明','太祖','洪武',1),(3464,'公元1390年','庚午','洪武二十三年','明','太祖','洪武',1),(3465,'公元1391年','辛未','洪武二十四年','明','太祖','洪武',1),(3466,'公元1392年','壬申','洪武二十五年','明','太祖','洪武',1),(3467,'公元1393年','癸酉','洪武二十六年','明','太祖','洪武',1),(3468,'公元1394年','甲戌','洪武二十七年','明','太祖','洪武',1),(3469,'公元1395年','乙亥','洪武二十八年','明','太祖','洪武',1),(3470,'公元1396年','丙子','洪武二十九年','明','太祖','洪武',1),(3471,'公元1397年','丁丑','洪武三十年','明','太祖','洪武',1),(3472,'公元1398年','戊寅','洪武三十一年','明','太祖/惠宗','洪武',1),(3473,'公元1399年','己卯','建文元年','明','惠宗','建文',1),(3474,'公元1400年','庚辰','建文二年','明','惠宗','建文',1),(3475,'公元1401年','辛巳','建文三年','明','惠宗','建文',1),(3476,'公元1402年','壬午','建文四年','明','惠宗/太宗','建文',1),(3477,'公元1403年','癸未','永乐元年','明','太宗','永乐',1),(3478,'公元1404年','甲申','永乐二年','明','太宗','永乐',1),(3479,'公元1405年','乙酉','永乐三年','明','太宗','永乐',1),(3480,'公元1406年','丙戌','永乐四年','明','太宗','永乐',1),(3481,'公元1407年','丁亥','永乐五年','明','太宗','永乐',1),(3482,'公元1408年','戊子','永乐六年','明','太宗','永乐',1),(3483,'公元1409年','己丑','永乐七年','明','太宗','永乐',1),(3484,'公元1410年','庚寅','永乐八年','明','太宗','永乐',1),(3485,'公元1411年','辛卯','永乐九年','明','太宗','永乐',1),(3486,'公元1412年','壬辰','永乐十年','明','太宗','永乐',1),(3487,'公元1413年','癸巳','永乐十一年','明','太宗','永乐',1),(3488,'公元1414年','甲午','永乐十二年','明','太宗','永乐',1),(3489,'公元1415年','乙未','永乐十三年','明','太宗','永乐',1),(3490,'公元1416年','丙申','永乐十四年','明','太宗','永乐',1),(3491,'公元1417年','丁酉','永乐十五年','明','太宗','永乐',1),(3492,'公元1418年','戊戌','永乐十六年','明','太宗','永乐',1),(3493,'公元1419年','己亥','永乐十七年','明','太宗','永乐',1),(3494,'公元1420年','庚子','永乐十八年','明','太宗','永乐',1),(3495,'公元1421年','辛丑','永乐十九年','明','太宗','永乐',1),(3496,'公元1422年','壬寅','永乐二十年','明','太宗','永乐',1),(3497,'公元1423年','癸卯','永乐二十一年','明','太宗','永乐',1),(3498,'公元1424年','甲辰','永乐二十二年','明','太宗/仁宗','永乐',1),(3499,'公元1425年','乙巳','洪熙元年','明','仁宗/宣宗','洪熙',1),(3500,'公元1426年','丙午','洪熙二年/宣德元年','明','宣宗','洪熙/宣德',1),(3501,'公元1427年','丁未','宣德二年','明','宣宗','宣德',1),(3502,'公元1428年','戊申','宣德三年','明','宣宗','宣德',1),(3503,'公元1429年','己酉','宣德四年','明','宣宗','宣德',1),(3504,'公元1430年','庚戌','宣德五年','明','宣宗','宣德',1),(3505,'公元1431年','辛亥','宣德六年','明','宣宗','宣德',1),(3506,'公元1432年','壬子','宣德七年','明','宣宗','宣德',1),(3507,'公元1433年','癸丑','宣德八年','明','宣宗','宣德',1),(3508,'公元1434年','甲寅','宣德九年','明','宣宗','宣德',1),(3509,'公元1435年','乙卯','宣德十年','明','宣宗/英宗','宣德',1),(3510,'公元1436年','丙辰','正统元年','明','英宗','正统',1),(3511,'公元1437年','丁己','正统二年','明','英宗','正统',1),(3512,'公元1438年','戊午','正统三年','明','英宗','正统',1),(3513,'公元1439年','己未','正统四年','明','英宗','正统',1),(3514,'公元1440年','庚申','正统五年','明','英宗','正统',1),(3515,'公元1441年','辛酉','正统六年','明','英宗','正统',1),(3516,'公元1442年','壬戌','正统七年','明','英宗','正统',1),(3517,'公元1443年','癸亥','正统八年','明','英宗','正统',1),(3518,'公元1444年','甲子','正统九年','明','英宗','正统',1),(3519,'公元1445年','乙丑','正统十年','明','英宗','正统',1),(3520,'公元1446年','丙寅','正统十一年','明','英宗','正统',1),(3521,'公元1447年','丁卯','正统十二年','明','英宗','正统',1),(3522,'公元1448年','戊辰','正统十三年','明','英宗','正统',1),(3523,'公元1449年','己巳','正统十四年','明','英宗/代宗','正统',1),(3524,'公元1450年','庚午','景泰元年','明','代宗','景泰',1),(3525,'公元1451年','辛未','景泰二年','明','代宗','景泰',1),(3526,'公元1452年','壬申','景泰三年','明','代宗','景泰',1),(3527,'公元1453年','癸酉','景泰四年','明','代宗','景泰',1),(3528,'公元1454年','甲戌','景泰五年','明','代宗','景泰',1),(3529,'公元1455年','乙亥','景泰六年','明','代宗','景泰',1),(3530,'公元1456年','丙子','景泰七年','明','代宗','景泰',1),(3531,'公元1457年','丁丑','景泰八年/天顺元年','明','代宗/英宗','景泰/天顺',1),(3532,'公元1458年','戊寅','天顺二年','明','英宗','天顺',1),(3533,'公元1459年','己卯','天顺三年','明','英宗','天顺',1),(3534,'公元1460年','庚辰','天顺四年','明','英宗','天顺',1),(3535,'公元1461年','辛巳','天顺五年','明','英宗','天顺',1),(3536,'公元1462年','壬午','天顺六年','明','英宗','天顺',1),(3537,'公元1463年','癸未','天顺七年','明','英宗','天顺',1),(3538,'公元1464年','甲申','天顺八年','明','英宗/宪宗','天顺',1),(3539,'公元1465年','乙酉','成化元年','明','宪宗','成化',1),(3540,'公元1466年','丙戌','成化二年','明','宪宗','成化',1),(3541,'公元1467年','丁亥','成化三年','明','宪宗','成化',1),(3542,'公元1468年','戊子','成化四年','明','宪宗','成化',1),(3543,'公元1469年','己丑','成化五年','明','宪宗','成化',1),(3544,'公元1470年','庚寅','成化六年','明','宪宗','成化',1),(3545,'公元1471年','辛卯','成化七年','明','宪宗','成化',1),(3546,'公元1472年','壬辰','成化八年','明','宪宗','成化',1),(3547,'公元1473年','癸巳','成化九年','明','宪宗','成化',1),(3548,'公元1474年','甲午','成化十年','明','宪宗','成化',1),(3549,'公元1475年','乙未','成化十一年','明','宪宗','成化',1),(3550,'公元1476年','丙申','成化十二年','明','宪宗','成化',1),(3551,'公元1477年','丁酉','成化十三年','明','宪宗','成化',1),(3552,'公元1478年','戊戌','成化十四年','明','宪宗','成化',1),(3553,'公元1479年','己亥','成化十五年','明','宪宗','成化',1),(3554,'公元1480年','庚子','成化十六年','明','宪宗','成化',1),(3555,'公元1481年','辛丑','成化十七年','明','宪宗','成化',1),(3556,'公元1482年','壬寅','成化十八年','明','宪宗','成化',1),(3557,'公元1483年','癸卯','成化十九年','明','宪宗','成化',1),(3558,'公元1484年','甲辰','成化二十年','明','宪宗','成化',1),(3559,'公元1485年','乙巳','成化二十一年','明','宪宗','成化',1),(3560,'公元1486年','丙午','成化二十二年','明','宪宗','成化',1),(3561,'公元1487年','丁未','成化二十三年','明','宪宗/孝宗','成化',1),(3562,'公元1488年','戊申','弘治元年','明','孝宗','弘治',1),(3563,'公元1489年','己酉','弘治二年','明','孝宗','弘治',1),(3564,'公元1490年','庚戌','弘治三年','明','孝宗','弘治',1),(3565,'公元1491年','辛亥','弘治四年','明','孝宗','弘治',1),(3566,'公元1492年','壬子','弘治五年','明','孝宗','弘治',1),(3567,'公元1493年','癸丑','弘治六年','明','孝宗','弘治',1),(3568,'公元1494年','甲寅','弘治七年','明','孝宗','弘治',1),(3569,'公元1495年','乙卯','弘治八年','明','孝宗','弘治',1),(3570,'公元1496年','丙辰','弘治九年','明','孝宗','弘治',1),(3571,'公元1497年','丁己','弘治十年','明','孝宗','弘治',1),(3572,'公元1498年','戊午','弘治十一年','明','孝宗','弘治',1),(3573,'公元1499年','己未','弘治十二年','明','孝宗','弘治',1),(3574,'公元1500年','庚申','弘治十三年','明','孝宗','弘治',1),(3575,'公元1501年','辛酉','弘治十四年','明','孝宗','弘治',1),(3576,'公元1502年','壬戌','弘治十五年','明','孝宗','弘治',1),(3577,'公元1503年','癸亥','弘治十六年','明','孝宗','弘治',1),(3578,'公元1504年','甲子','弘治十七年','明','孝宗','弘治',1),(3579,'公元1505年','乙丑','弘治十八年','明','孝宗/武宗','弘治',1),(3580,'公元1506年','丙寅','正德元年','明','武宗','正德',1),(3581,'公元1507年','丁卯','正德二年','明','武宗','正德',1),(3582,'公元1508年','戊辰','正德三年','明','武宗','正德',1),(3583,'公元1509年','己巳','正德四年','明','武宗','正德',1),(3584,'公元1510年','庚午','正德五年','明','武宗','正德',1),(3585,'公元1511年','辛未','正德六年','明','武宗','正德',1),(3586,'公元1512年','壬申','正德七年','明','武宗','正德',1),(3587,'公元1513年','癸酉','正德八年','明','武宗','正德',1),(3588,'公元1514年','甲戌','正德九年','明','武宗','正德',1),(3589,'公元1515年','乙亥','正德十年','明','武宗','正德',1),(3590,'公元1516年','丙子','正德十一年','明','武宗','正德',1),(3591,'公元1517年','丁丑','正德十二年','明','武宗','正德',1),(3592,'公元1518年','戊寅','正德十三年','明','武宗','正德',1),(3593,'公元1519年','己卯','正德十四年','明','武宗','正德',1),(3594,'公元1520年','庚辰','正德十五年','明','武宗','正德',1),(3595,'公元1521年','辛巳','正德十六年','明','武宗/世宗','正德',1),(3596,'公元1522年','壬午','嘉靖元年','明','世宗','嘉靖',1),(3597,'公元1523年','癸未','嘉靖二年','明','世宗','嘉靖',1),(3598,'公元1524年','甲申','嘉靖三年','明','世宗','嘉靖',1),(3599,'公元1525年','乙酉','嘉靖四年','明','世宗','嘉靖',1),(3600,'公元1526年','丙戌','嘉靖五年','明','世宗','嘉靖',1),(3601,'公元1527年','丁亥','嘉靖六年','明','世宗','嘉靖',1),(3602,'公元1528年','戊子','嘉靖七年','明','世宗','嘉靖',1),(3603,'公元1529年','己丑','嘉靖八年','明','世宗','嘉靖',1),(3604,'公元1530年','庚寅','嘉靖九年','明','世宗','嘉靖',1),(3605,'公元1531年','辛卯','嘉靖十年','明','世宗','嘉靖',1),(3606,'公元1532年','壬辰','嘉靖十一年','明','世宗','嘉靖',1),(3607,'公元1533年','癸巳','嘉靖十二年','明','世宗','嘉靖',1),(3608,'公元1534年','甲午','嘉靖十三年','明','世宗','嘉靖',1),(3609,'公元1535年','乙未','嘉靖十四年','明','世宗','嘉靖',1),(3610,'公元1536年','丙申','嘉靖十五年','明','世宗','嘉靖',1),(3611,'公元1537年','丁酉','嘉靖十六年','明','世宗','嘉靖',1),(3612,'公元1538年','戊戌','嘉靖十七年','明','世宗','嘉靖',1),(3613,'公元1539年','己亥','嘉靖十八年','明','世宗','嘉靖',1),(3614,'公元1540年','庚子','嘉靖十九年','明','世宗','嘉靖',1),(3615,'公元1541年','辛丑','嘉靖二十年','明','世宗','嘉靖',1),(3616,'公元1542年','壬寅','嘉靖二十一年','明','世宗','嘉靖',1),(3617,'公元1543年','癸卯','嘉靖二十二年','明','世宗','嘉靖',1),(3618,'公元1544年','甲辰','嘉靖二十三年','明','世宗','嘉靖',1),(3619,'公元1545年','乙巳','嘉靖二十四年','明','世宗','嘉靖',1),(3620,'公元1546年','丙午','嘉靖二十五年','明','世宗','嘉靖',1),(3621,'公元1547年','丁未','嘉靖二十六年','明','世宗','嘉靖',1),(3622,'公元1548年','戊申','嘉靖二十七年','明','世宗','嘉靖',1),(3623,'公元1549年','己酉','嘉靖二十八年','明','世宗','嘉靖',1),(3624,'公元1550年','庚戌','嘉靖二十九年','明','世宗','嘉靖',1),(3625,'公元1551年','辛亥','嘉靖三十年','明','世宗','嘉靖',1),(3626,'公元1552年','壬子','嘉靖三十一年','明','世宗','嘉靖',1),(3627,'公元1553年','癸丑','嘉靖三十二年','明','世宗','嘉靖',1),(3628,'公元1554年','甲寅','嘉靖三十三年','明','世宗','嘉靖',1),(3629,'公元1555年','乙卯','嘉靖三十四年','明','世宗','嘉靖',1),(3630,'公元1556年','丙辰','嘉靖三十五年','明','世宗','嘉靖',1),(3631,'公元1557年','丁己','嘉靖三十六年','明','世宗','嘉靖',1),(3632,'公元1558年','戊午','嘉靖三十七年','明','世宗','嘉靖',1),(3633,'公元1559年','己未','嘉靖三十八年','明','世宗','嘉靖',1),(3634,'公元1560年','庚申','嘉靖三十九年','明','世宗','嘉靖',1),(3635,'公元1561年','辛酉','嘉靖四十年','明','世宗','嘉靖',1),(3636,'公元1562年','壬戌','嘉靖四十一年','明','世宗','嘉靖',1),(3637,'公元1563年','癸亥','嘉靖四十二年','明','世宗','嘉靖',1),(3638,'公元1564年','甲子','嘉靖四十三年','明','世宗','嘉靖',1),(3639,'公元1565年','乙丑','嘉靖四十四年','明','世宗','嘉靖',1),(3640,'公元1566年','丙寅','嘉靖四十五年','明','世宗/穆宗','嘉靖',1),(3641,'公元1567年','丁卯','隆庆元年','明','穆宗','隆庆',1),(3642,'公元1568年','戊辰','隆庆二年','明','穆宗','隆庆',1),(3643,'公元1569年','己巳','隆庆三年','明','穆宗','隆庆',1),(3644,'公元1570年','庚午','隆庆四年','明','穆宗','隆庆',1),(3645,'公元1571年','辛未','隆庆五年','明','穆宗','隆庆',1),(3646,'公元1572年','壬申','隆庆六年','明','穆宗/神宗','隆庆',1),(3647,'公元1573年','癸酉','万历元年','明','神宗','万历',1),(3648,'公元1574年','甲戌','万历二年','明','神宗','万历',1),(3649,'公元1575年','乙亥','万历三年','明','神宗','万历',1),(3650,'公元1576年','丙子','万历四年','明','神宗','万历',1),(3651,'公元1577年','丁丑','万历五年','明','神宗','万历',1),(3652,'公元1578年','戊寅','万历六年','明','神宗','万历',1),(3653,'公元1579年','己卯','万历七年','明','神宗','万历',1),(3654,'公元1580年','庚辰','万历八年','明','神宗','万历',1),(3655,'公元1581年','辛巳','万历九年','明','神宗','万历',1),(3656,'公元1582年','壬午','万历十年','明','神宗','万历',1),(3657,'公元1583年','癸未','万历十一年','明','神宗','万历',1),(3658,'公元1584年','甲申','万历十二年','明','神宗','万历',1),(3659,'公元1585年','乙酉','万历十三年','明','神宗','万历',1),(3660,'公元1586年','丙戌','万历十四年','明','神宗','万历',1),(3661,'公元1587年','丁亥','万历十五年','明','神宗','万历',1),(3662,'公元1588年','戊子','万历十六年','明','神宗','万历',1),(3663,'公元1589年','己丑','万历十七年','明','神宗','万历',1),(3664,'公元1590年','庚寅','万历十八年','明','神宗','万历',1),(3665,'公元1591年','辛卯','万历十九年','明','神宗','万历',1),(3666,'公元1592年','壬辰','万历二十年','明','神宗','万历',1),(3667,'公元1593年','癸巳','万历二十一年','明','神宗','万历',1),(3668,'公元1594年','甲午','万历二十二年','明','神宗','万历',1),(3669,'公元1595年','乙未','万历二十三年','明','神宗','万历',1),(3670,'公元1596年','丙申','万历二十四年','明','神宗','万历',1),(3671,'公元1597年','丁酉','万历二十五年','明','神宗','万历',1),(3672,'公元1598年','戊戌','万历二十六年','明','神宗','万历',1),(3673,'公元1599年','己亥','万历二十七年','明','神宗','万历',1),(3674,'公元1600年','庚子','万历二十八年','明','神宗','万历',1),(3675,'公元1601年','辛丑','万历二十九年','明','神宗','万历',1),(3676,'公元1602年','壬寅','万历三十年','明','神宗','万历',1),(3677,'公元1603年','癸卯','万历三十一年','明','神宗','万历',1),(3678,'公元1604年','甲辰','万历三十二年','明','神宗','万历',1),(3679,'公元1605年','乙巳','万历三十三年','明','神宗','万历',1),(3680,'公元1606年','丙午','万历三十四年','明','神宗','万历',1),(3681,'公元1607年','丁未','万历三十五年','明','神宗','万历',1),(3682,'公元1608年','戊申','万历三十六年','明','神宗','万历',1),(3683,'公元1609年','己酉','万历三十七年','明','神宗','万历',1),(3684,'公元1610年','庚戌','万历三十八年','明','神宗','万历',1),(3685,'公元1611年','辛亥','万历三十九年','明','神宗','万历',1),(3686,'公元1612年','壬子','万历四十年','明','神宗','万历',1),(3687,'公元1613年','癸丑','万历四十一年','明','神宗','万历',1),(3688,'公元1614年','甲寅','万历四十二年','明','神宗','万历',1),(3689,'公元1615年','乙卯','万历四十三年','明','神宗','万历',1),(3690,'公元1616年','丙辰','万历四十四年','明','神宗','万历',1),(3691,'公元1617年','丁己','万历四十五年','明','神宗','万历',1),(3692,'公元1618年','戊午','万历四十六年','明','神宗','万历',1),(3693,'公元1619年','己未','万历四十七年','明','神宗','万历',1),(3694,'公元1620年','庚申','万历四十八年/泰昌元年','明','神宗/光宗/熹宗','万历/泰昌',1),(3695,'公元1621年','辛酉','天启元年','明','熹宗','天启',1),(3696,'公元1622年','壬戌','天启二年','明','熹宗','天启',1),(3697,'公元1623年','癸亥','天启三年','明','熹宗','天启',1),(3698,'公元1624年','甲子','天启四年','明','熹宗','天启',1),(3699,'公元1625年','乙丑','天启五年','明','熹宗','天启',1),(3700,'公元1626年','丙寅','天启六年','明','熹宗','天启',1),(3701,'公元1627年','丁卯','天启七年','明','熹宗/思宗','天启',1),(3702,'公元1628年','戊辰','崇祯元年','明','思宗','崇祯',1),(3703,'公元1629年','己巳','崇祯二年','明','思宗','崇祯',1),(3704,'公元1630年','庚午','崇祯三年','明','思宗','崇祯',1),(3705,'公元1631年','辛未','崇祯四年','明','思宗','崇祯',1),(3706,'公元1632年','壬申','崇祯五年','明','思宗','崇祯',1),(3707,'公元1633年','癸酉','崇祯六年','明','思宗','崇祯',1),(3708,'公元1634年','甲戌','崇祯七年','明','思宗','崇祯',1),(3709,'公元1635年','乙亥','崇祯八年','明','思宗','崇祯',1),(3710,'公元1636年','丙子','崇祯九年/崇德元年','明/清','思宗/太宗','崇祯/崇德',1),(3711,'公元1637年','丁丑','崇祯十年/崇德二年','明/清','思宗/太宗','崇祯/崇德',1),(3712,'公元1638年','戊寅','崇祯十一年/崇德三年','明/清','思宗/太宗','崇祯/崇德',1),(3713,'公元1639年','己卯','崇祯十二年/崇德四年','明/清','思宗/太宗','崇祯/崇德',1),(3714,'公元1640年','庚辰','崇祯十三年/崇德五年','明/清','思宗/太宗','崇祯/崇德',1),(3715,'公元1641年','辛巳','崇祯十四年/崇德六年','明/清','思宗/太宗','崇祯/崇德',1),(3716,'公元1642年','壬午','崇祯十五年/崇德七年','明、清','思宗/太宗','崇祯/崇德',1),(3717,'公元1643年','癸未','崇祯十六年/崇德八年','明、清','思宗/太宗/世祖','崇祯/崇德',1),(3718,'公元1644年','甲申','顺治元年','清','世祖','顺治',1),(3719,'公元1645年','乙酉','顺治二年','清','世祖','顺治',1),(3720,'公元1646年','丙戌','顺治三年','清','世祖','顺治',1),(3721,'公元1647年','丁亥','顺治四年','清','世祖','顺治',1),(3722,'公元1648年','戊子','顺治五年','清','世祖','顺治',1),(3723,'公元1649年','己丑','顺治六年','清','世祖','顺治',1),(3724,'公元1650年','庚寅','顺治七年','清','世祖','顺治',1),(3725,'公元1651年','辛卯','顺治八年','清','世祖','顺治',1),(3726,'公元1652年','壬辰','顺治九年','清','世祖','顺治',1),(3727,'公元1653年','癸巳','顺治十年','清','世祖','顺治',1),(3728,'公元1654年','甲午','顺治十一年','清','世祖','顺治',1),(3729,'公元1655年','乙未','顺治十二年','清','世祖','顺治',1),(3730,'公元1656年','丙申','顺治十三年','清','世祖','顺治',1),(3731,'公元1657年','丁酉','顺治十四年','清','世祖','顺治',1),(3732,'公元1658年','戊戌','顺治十五年','清','世祖','顺治',1),(3733,'公元1659年','己亥','顺治十六年','清','世祖','顺治',1),(3734,'公元1660年','庚子','顺治十七年','清','世祖','顺治',1),(3735,'公元1661年','辛丑','顺治十八年','清','世祖/圣祖','顺治',1),(3736,'公元1662年','壬寅','康熙元年','清','圣祖','康熙',1),(3737,'公元1663年','癸卯','康熙二年','清','圣祖','康熙',1),(3738,'公元1664年','甲辰','康熙三年','清','圣祖','康熙',1),(3739,'公元1665年','乙巳','康熙四年','清','圣祖','康熙',1),(3740,'公元1666年','丙午','康熙五年','清','圣祖','康熙',1),(3741,'公元1667年','丁未','康熙六年','清','圣祖','康熙',1),(3742,'公元1668年','戊申','康熙七年','清','圣祖','康熙',1),(3743,'公元1669年','己酉','康熙八年','清','圣祖','康熙',1),(3744,'公元1670年','庚戌','康熙九年','清','圣祖','康熙',1),(3745,'公元1671年','辛亥','康熙十年','清','圣祖','康熙',1),(3746,'公元1672年','壬子','康熙十一年','清','圣祖','康熙',1),(3747,'公元1673年','癸丑','康熙十二年','清','圣祖','康熙',1),(3748,'公元1674年','甲寅','康熙十三年','清','圣祖','康熙',1),(3749,'公元1675年','乙卯','康熙十四年','清','圣祖','康熙',1),(3750,'公元1676年','丙辰','康熙十五年','清','圣祖','康熙',1),(3751,'公元1677年','丁己','康熙十六年','清','圣祖','康熙',1),(3752,'公元1678年','戊午','康熙十七年','清','圣祖','康熙',1),(3753,'公元1679年','己未','康熙十八年','清','圣祖','康熙',1),(3754,'公元1680年','庚申','康熙十九年','清','圣祖','康熙',1),(3755,'公元1681年','辛酉','康熙二十年','清','圣祖','康熙',1),(3756,'公元1682年','壬戌','康熙二十一年','清','圣祖','康熙',1),(3757,'公元1683年','癸亥','康熙二十二年','清','圣祖','康熙',1),(3758,'公元1684年','甲子','康熙二十三年','清','圣祖','康熙',1),(3759,'公元1685年','乙丑','康熙二十四年','清','圣祖','康熙',1),(3760,'公元1686年','丙寅','康熙二十五年','清','圣祖','康熙',1),(3761,'公元1687年','丁卯','康熙二十六年','清','圣祖','康熙',1),(3762,'公元1688年','戊辰','康熙二十七年','清','圣祖','康熙',1),(3763,'公元1689年','己巳','康熙二十八年','清','圣祖','康熙',1),(3764,'公元1690年','庚午','康熙二十九年','清','圣祖','康熙',1),(3765,'公元1691年','辛未','康熙三十年','清','圣祖','康熙',1),(3766,'公元1692年','壬申','康熙三十一年','清','圣祖','康熙',1),(3767,'公元1693年','癸酉','康熙三十二年','清','圣祖','康熙',1),(3768,'公元1694年','甲戌','康熙三十三年','清','圣祖','康熙',1),(3769,'公元1695年','乙亥','康熙三十四年','清','圣祖','康熙',1),(3770,'公元1696年','丙子','康熙三十五年','清','圣祖','康熙',1),(3771,'公元1697年','丁丑','康熙三十六年','清','圣祖','康熙',1),(3772,'公元1698年','戊寅','康熙三十七年','清','圣祖','康熙',1),(3773,'公元1699年','己卯','康熙三十八年','清','圣祖','康熙',1),(3774,'公元1700年','庚辰','康熙三十九年','清','圣祖','康熙',1),(3775,'公元1701年','辛巳','康熙四十年','清','圣祖','康熙',1),(3776,'公元1702年','壬午','康熙四十一年','清','圣祖','康熙',1),(3777,'公元1703年','癸未','康熙四十二年','清','圣祖','康熙',1),(3778,'公元1704年','甲申','康熙四十三年','清','圣祖','康熙',1),(3779,'公元1705年','乙酉','康熙四十四年','清','圣祖','康熙',1),(3780,'公元1706年','丙戌','康熙四十五年','清','圣祖','康熙',1),(3781,'公元1707年','丁亥','康熙四十六年','清','圣祖','康熙',1),(3782,'公元1708年','戊子','康熙四十七年','清','圣祖','康熙',1),(3783,'公元1709年','己丑','康熙四十八年','清','圣祖','康熙',1),(3784,'公元1710年','庚寅','康熙四十九年','清','圣祖','康熙',1),(3785,'公元1711年','辛卯','康熙五十年','清','圣祖','康熙',1),(3786,'公元1712年','壬辰','康熙五十一年','清','圣祖','康熙',1),(3787,'公元1713年','癸巳','康熙五十二年','清','圣祖','康熙',1),(3788,'公元1714年','甲午','康熙五十三年','清','圣祖','康熙',1),(3789,'公元1715年','乙未','康熙五十四年','清','圣祖','康熙',1),(3790,'公元1716年','丙申','康熙五十五年','清','圣祖','康熙',1),(3791,'公元1717年','丁酉','康熙五十六年','清','圣祖','康熙',1),(3792,'公元1718年','戊戌','康熙五十七年','清','圣祖','康熙',1),(3793,'公元1719年','己亥','康熙五十八年','清','圣祖','康熙',1),(3794,'公元1720年','庚子','康熙五十九年','清','圣祖','康熙',1),(3795,'公元1721年','辛丑','康熙六十年','清','圣祖','康熙',1),(3796,'公元1722年','壬寅','康熙六十一年','清','圣祖/世宗','康熙',1),(3797,'公元1723年','癸卯','雍正元年','清','世宗','雍正',1),(3798,'公元1724年','甲辰','雍正二年','清','世宗','雍正',1),(3799,'公元1725年','乙巳','雍正三年','清','世宗','雍正',1),(3800,'公元1726年','丙午','雍正四年','清','世宗','雍正',1),(3801,'公元1727年','丁未','雍正五年','清','世宗','雍正',1),(3802,'公元1728年','戊申','雍正六年','清','世宗','雍正',1),(3803,'公元1729年','己酉','雍正七年','清','世宗','雍正',1),(3804,'公元1730年','庚戌','雍正八年','清','世宗','雍正',1),(3805,'公元1731年','辛亥','雍正九年','清','世宗','雍正',1),(3806,'公元1732年','壬子','雍正十年','清','世宗','雍正',1),(3807,'公元1733年','癸丑','雍正十一年','清','世宗','雍正',1),(3808,'公元1734年','甲寅','雍正十二年','清','世宗','雍正',1),(3809,'公元1735年','乙卯','雍正十三年','清','世宗/高宗','雍正',1),(3810,'公元1736年','丙辰','乾隆元年','清','高宗','乾隆',1),(3811,'公元1737年','丁己','乾隆二年','清','高宗','乾隆',1),(3812,'公元1738年','戊午','乾隆三年','清','高宗','乾隆',1),(3813,'公元1739年','己未','乾隆四年','清','高宗','乾隆',1),(3814,'公元1740年','庚申','乾隆五年','清','高宗','乾隆',1),(3815,'公元1741年','辛酉','乾隆六年','清','高宗','乾隆',1),(3816,'公元1742年','壬戌','乾隆七年','清','高宗','乾隆',1),(3817,'公元1743年','癸亥','乾隆八年','清','高宗','乾隆',1),(3818,'公元1744年','甲子','乾隆九年','清','高宗','乾隆',1),(3819,'公元1745年','乙丑','乾隆十年','清','高宗','乾隆',1),(3820,'公元1746年','丙寅','乾隆十一年','清','高宗','乾隆',1),(3821,'公元1747年','丁卯','乾隆十二年','清','高宗','乾隆',1),(3822,'公元1748年','戊辰','乾隆十三年','清','高宗','乾隆',1),(3823,'公元1749年','己巳','乾隆十四年','清','高宗','乾隆',1),(3824,'公元1750年','庚午','乾隆十五年','清','高宗','乾隆',1),(3825,'公元1751年','辛未','乾隆十六年','清','高宗','乾隆',1),(3826,'公元1752年','壬申','乾隆十七年','清','高宗','乾隆',1),(3827,'公元1753年','癸酉','乾隆十八年','清','高宗','乾隆',1),(3828,'公元1754年','甲戌','乾隆十九年','清','高宗','乾隆',1),(3829,'公元1755年','乙亥','乾隆二十年','清','高宗','乾隆',1),(3830,'公元1756年','丙子','乾隆二十一年','清','高宗','乾隆',1),(3831,'公元1757年','丁丑','乾隆二十二年','清','高宗','乾隆',1),(3832,'公元1758年','戊寅','乾隆二十三年','清','高宗','乾隆',1),(3833,'公元1759年','己卯','乾隆二十四年','清','高宗','乾隆',1),(3834,'公元1760年','庚辰','乾隆二十五年','清','高宗','乾隆',1),(3835,'公元1761年','辛巳','乾隆二十六年','清','高宗','乾隆',1),(3836,'公元1762年','壬午','乾隆二十七年','清','高宗','乾隆',1),(3837,'公元1763年','癸未','乾隆二十八年','清','高宗','乾隆',1),(3838,'公元1764年','甲申','乾隆二十九年','清','高宗','乾隆',1),(3839,'公元1765年','乙酉','乾隆三十年','清','高宗','乾隆',1),(3840,'公元1766年','丙戌','乾隆三十一年','清','高宗','乾隆',1),(3841,'公元1767年','丁亥','乾隆三十二年','清','高宗','乾隆',1),(3842,'公元1768年','戊子','乾隆三十三年','清','高宗','乾隆',1),(3843,'公元1769年','己丑','乾隆三十四年','清','高宗','乾隆',1),(3844,'公元1770年','庚寅','乾隆三十五年','清','高宗','乾隆',1),(3845,'公元1771年','辛卯','乾隆三十六年','清','高宗','乾隆',1),(3846,'公元1772年','壬辰','乾隆三十七年','清','高宗','乾隆',1),(3847,'公元1773年','癸巳','乾隆三十八年','清','高宗','乾隆',1),(3848,'公元1774年','甲午','乾隆三十九年','清','高宗','乾隆',1),(3849,'公元1775年','乙未','乾隆四十年','清','高宗','乾隆',1),(3850,'公元1776年','丙申','乾隆四十一年','清','高宗','乾隆',1),(3851,'公元1777年','丁酉','乾隆四十二年','清','高宗','乾隆',1),(3852,'公元1778年','戊戌','乾隆四十三年','清','高宗','乾隆',1),(3853,'公元1779年','己亥','乾隆四十四年','清','高宗','乾隆',1),(3854,'公元1780年','庚子','乾隆四十五年','清','高宗','乾隆',1),(3855,'公元1781年','辛丑','乾隆四十六年','清','高宗','乾隆',1),(3856,'公元1782年','壬寅','乾隆四十七年','清','高宗','乾隆',1),(3857,'公元1783年','癸卯','乾隆四十八年','清','高宗','乾隆',1),(3858,'公元1784年','甲辰','乾隆四十九年','清','高宗','乾隆',1),(3859,'公元1785年','乙巳','乾隆五十年','清','高宗','乾隆',1),(3860,'公元1786年','丙午','乾隆五十一年','清','高宗','乾隆',1),(3861,'公元1787年','丁未','乾隆五十二年','清','高宗','乾隆',1),(3862,'公元1788年','戊申','乾隆五十三年','清','高宗','乾隆',1),(3863,'公元1789年','己酉','乾隆五十四年','清','高宗','乾隆',1),(3864,'公元1790年','庚戌','乾隆五十五年','清','高宗','乾隆',1),(3865,'公元1791年','辛亥','乾隆五十六年','清','高宗','乾隆',1),(3866,'公元1792年','壬子','乾隆五十七年','清','高宗','乾隆',1),(3867,'公元1793年','癸丑','乾隆五十八年','清','高宗','乾隆',1),(3868,'公元1794年','甲寅','乾隆五十九年','清','高宗','乾隆',1),(3869,'公元1795年','乙卯','乾隆六十年','清','高宗','乾隆',1),(3870,'公元1796年','丙辰','嘉庆元年','清','仁宗','嘉庆',1),(3871,'公元1797年','丁己','嘉庆二年','清','仁宗','嘉庆',1),(3872,'公元1798年','戊午','嘉庆三年','清','仁宗','嘉庆',1),(3873,'公元1799年','己未','嘉庆四年','清','仁宗','嘉庆',1),(3874,'公元1800年','庚申','嘉庆五年','清','仁宗','嘉庆',1),(3875,'公元1801年','辛酉','嘉庆六年','清','仁宗','嘉庆',1),(3876,'公元1802年','壬戌','嘉庆七年','清','仁宗','嘉庆',1),(3877,'公元1803年','癸亥','嘉庆八年','清','仁宗','嘉庆',1),(3878,'公元1804年','甲子','嘉庆九年','清','仁宗','嘉庆',1),(3879,'公元1805年','乙丑','嘉庆十年','清','仁宗','嘉庆',1),(3880,'公元1806年','丙寅','嘉庆十一年','清','仁宗','嘉庆',1),(3881,'公元1807年','丁卯','嘉庆十二年','清','仁宗','嘉庆',1),(3882,'公元1808年','戊辰','嘉庆十三年','清','仁宗','嘉庆',1),(3883,'公元1809年','己巳','嘉庆十四年','清','仁宗','嘉庆',1),(3884,'公元1810年','庚午','嘉庆十五年','清','仁宗','嘉庆',1),(3885,'公元1811年','辛未','嘉庆十六年','清','仁宗','嘉庆',1),(3886,'公元1812年','壬申','嘉庆十七年','清','仁宗','嘉庆',1),(3887,'公元1813年','癸酉','嘉庆十八年','清','仁宗','嘉庆',1),(3888,'公元1814年','甲戌','嘉庆十九年','清','仁宗','嘉庆',1),(3889,'公元1815年','乙亥','嘉庆二十年','清','仁宗','嘉庆',1),(3890,'公元1816年','丙子','嘉庆二十一年','清','仁宗','嘉庆',1),(3891,'公元1817年','丁丑','嘉庆二十二年','清','仁宗','嘉庆',1),(3892,'公元1818年','戊寅','嘉庆二十三年','清','仁宗','嘉庆',1),(3893,'公元1819年','己卯','嘉庆二十四年','清','仁宗','嘉庆',1),(3894,'公元1820年','庚辰','嘉庆二十五年','清','仁宗/宣宗','嘉庆',1),(3895,'公元1821年','辛巳','道光元年','清','宣宗','道光',1),(3896,'公元1822年','壬午','道光二年','清','宣宗','道光',1),(3897,'公元1823年','癸未','道光三年','清','宣宗','道光',1),(3898,'公元1824年','甲申','道光四年','清','宣宗','道光',1),(3899,'公元1825年','乙酉','道光五年','清','宣宗','道光',1),(3900,'公元1826年','丙戌','道光六年','清','宣宗','道光',1),(3901,'公元1827年','丁亥','道光七年','清','宣宗','道光',1),(3902,'公元1828年','戊子','道光八年','清','宣宗','道光',1),(3903,'公元1829年','己丑','道光九年','清','宣宗','道光',1),(3904,'公元1830年','庚寅','道光十年','清','宣宗','道光',1),(3905,'公元1831年','辛卯','道光十一年','清','宣宗','道光',1),(3906,'公元1832年','壬辰','道光十二年','清','宣宗','道光',1),(3907,'公元1833年','癸巳','道光十三年','清','宣宗','道光',1),(3908,'公元1834年','甲午','道光十四年','清','宣宗','道光',1),(3909,'公元1835年','乙未','道光十五年','清','宣宗','道光',1),(3910,'公元1836年','丙申','道光十六年','清','宣宗','道光',1),(3911,'公元1837年','丁酉','道光十七年','清','宣宗','道光',1),(3912,'公元1838年','戊戌','道光十八年','清','宣宗','道光',1),(3913,'公元1839年','己亥','道光十九年','清','宣宗','道光',1),(3914,'公元1840年','庚子','道光二十年','清','宣宗','道光',1),(3915,'公元1841年','辛丑','道光二十一年','清','宣宗','道光',1),(3916,'公元1842年','壬寅','道光二十二年','清','宣宗','道光',1),(3917,'公元1843年','癸卯','道光二十三年','清','宣宗','道光',1),(3918,'公元1844年','甲辰','道光二十四年','清','宣宗','道光',1),(3919,'公元1845年','乙巳','道光二十五年','清','宣宗','道光',1),(3920,'公元1846年','丙午','道光二十六年','清','宣宗','道光',1),(3921,'公元1847年','丁未','道光二十七年','清','宣宗','道光',1),(3922,'公元1848年','戊申','道光二十八年','清','宣宗','道光',1),(3923,'公元1849年','己酉','道光二十九年','清','宣宗','道光',1),(3924,'公元1850年','庚戌','道光三十年','清','宣宗/文宗','道光',1),(3925,'公元1851年','辛亥','咸丰元年','清','文宗','咸丰',1),(3926,'公元1852年','壬子','咸丰二年','清','文宗','咸丰',1),(3927,'公元1853年','癸丑','咸丰三年','清','文宗','咸丰',1),(3928,'公元1854年','甲寅','咸丰四年','清','文宗','咸丰',1),(3929,'公元1855年','乙卯','咸丰五年','清','文宗','咸丰',1),(3930,'公元1856年','丙辰','咸丰六年','清','文宗','咸丰',1),(3931,'公元1857年','丁己','咸丰七年','清','文宗','咸丰',1),(3932,'公元1858年','戊午','咸丰八年','清','文宗','咸丰',1),(3933,'公元1859年','己未','咸丰九年','清','文宗','咸丰',1),(3934,'公元1860年','庚申','咸丰十年','清','文宗','咸丰',1),(3935,'公元1861年','辛酉','咸丰十一年','清','文宗/穆宗','咸丰',1),(3936,'公元1862年','壬戌','同治元年','清','穆宗','同治',1),(3937,'公元1863年','癸亥','同治二年','清','穆宗','同治',1),(3938,'公元1864年','甲子','同治三年','清','穆宗','同治',1),(3939,'公元1865年','乙丑','同治四年','清','穆宗','同治',1),(3940,'公元1866年','丙寅','同治五年','清','穆宗','同治',1),(3941,'公元1867年','丁卯','同治六年','清','穆宗','同治',1),(3942,'公元1868年','戊辰','同治七年','清','穆宗','同治',1),(3943,'公元1869年','己巳','同治八年','清','穆宗','同治',1),(3944,'公元1870年','庚午','同治九年','清','穆宗','同治',1),(3945,'公元1871年','辛未','同治十年','清','穆宗','同治',1),(3946,'公元1872年','壬申','同治十一年','清','穆宗','同治',1),(3947,'公元1873年','癸酉','同治十二年','清','穆宗','同治',1),(3948,'公元1874年','甲戌','同治十三年','清','穆宗','同治',1),(3949,'公元1875年','乙亥','光绪元年','清','穆宗/德宗','光绪',1),(3950,'公元1876年','丙子','光绪二年','清','德宗','光绪',1),(3951,'公元1877年','丁丑','光绪三年','清','德宗','光绪',1),(3952,'公元1878年','戊寅','光绪四年','清','德宗','光绪',1),(3953,'公元1879年','己卯','光绪五年','清','德宗','光绪',1),(3954,'公元1880年','庚辰','光绪六年','清','德宗','光绪',1),(3955,'公元1881年','辛巳','光绪七年','清','德宗','光绪',1),(3956,'公元1882年','壬午','光绪八年','清','德宗','光绪',1),(3957,'公元1883年','癸未','光绪九年','清','德宗','光绪',1),(3958,'公元1884年','甲申','光绪十年','清','德宗','光绪',1),(3959,'公元1885年','乙酉','光绪十一年','清','德宗','光绪',1),(3960,'公元1886年','丙戌','光绪十二年','清','德宗','光绪',1),(3961,'公元1887年','丁亥','光绪十三年','清','德宗','光绪',1),(3962,'公元1888年','戊子','光绪十四年','清','德宗','光绪',1),(3963,'公元1889年','己丑','光绪十五年','清','德宗','光绪',1),(3964,'公元1890年','庚寅','光绪十六年','清','德宗','光绪',1),(3965,'公元1891年','辛卯','光绪十七年','清','德宗','光绪',1),(3966,'公元1892年','壬辰','光绪十八年','清','德宗','光绪',1),(3967,'公元1893年','癸巳','光绪十九年','清','德宗','光绪',1),(3968,'公元1894年','甲午','光绪二十年','清','德宗','光绪',1),(3969,'公元1895年','乙未','光绪二十一年','清','德宗','光绪',1),(3970,'公元1896年','丙申','光绪二十二年','清','德宗','光绪',1),(3971,'公元1897年','丁酉','光绪二十三年','清','德宗','光绪',1),(3972,'公元1898年','戊戌','光绪二十四年','清','德宗','光绪',1),(3973,'公元1899年','己亥','光绪二十五年','清','德宗','光绪',1),(3974,'公元1900年','庚子','光绪二十六年','清','德宗','光绪',1),(3975,'公元1901年','辛丑','光绪二十七年','清','德宗','光绪',1),(3976,'公元1902年','壬寅','光绪二十八年','清','德宗','光绪',1),(3977,'公元1903年','癸卯','光绪二十九年','清','德宗','光绪',1),(3978,'公元1904年','甲辰','光绪三十年','清','德宗','光绪',1),(3979,'公元1905年','乙巳','光绪三十一年','清','德宗','光绪',1),(3980,'公元1906年','丙午','光绪三十二年','清','德宗','光绪',1),(3981,'公元1907年','丁未','光绪三十三年','清','德宗','光绪',1),(3982,'公元1908年','戊申','光绪三十四年','清','德宗/恭宗','光绪',1),(3983,'公元1909年','己酉','宣统元年','清','恭宗','宣统',1),(3984,'公元1910年','庚戌','宣统二年','清','恭宗','宣统',1),(3985,'公元1911年','辛亥','民国元年','中华民国','','',1),(3986,'公元1912年','壬子','民国二年','中华民国','','',1),(3987,'公元1913年','癸丑','民国三年','中华民国','','',1),(3988,'公元1914年','甲寅','民国四年','中华民国','','',1),(3989,'公元1915年','乙卯','民国五年','中华民国','','',1),(3990,'公元1916年','丙辰','民国六年','中华民国','','',1),(3991,'公元1917年','丁己','民国七年','中华民国','','',1),(3992,'公元1918年','戊午','民国八年','中华民国','','',1),(3993,'公元1919年','己未','民国九年','中华民国','','',1),(3994,'公元1920年','庚申','民国十年','中华民国','','',1),(3995,'公元1921年','辛酉','民国十一年','中华民国','','',1),(3996,'公元1922年','壬戌','民国十二年','中华民国','','',1),(3997,'公元1923年','癸亥','民国十三年','中华民国','','',1),(3998,'公元1924年','甲子','民国十四年','中华民国','','',1),(3999,'公元1925年','乙丑','民国十五年','中华民国','','',1),(4000,'公元1926年','丙寅','民国十六年','中华民国','','',1),(4001,'公元1927年','丁卯','民国十七年','中华民国','','',1),(4002,'公元1928年','戊辰','民国十八年','中华民国','','',1),(4003,'公元1929年','己巳','民国十九年','中华民国','','',1),(4004,'公元1930年','庚午','民国二十年','中华民国','','',1),(4005,'公元1931年','辛未','民国二十一年','中华民国','','',1),(4006,'公元1932年','壬申','民国二十二年','中华民国','','',1),(4007,'公元1933年','癸酉','民国二十三年','中华民国','','',1),(4008,'公元1934年','甲戌','民国二十四年','中华民国','','',1),(4009,'公元1935年','乙亥','民国二十五年','中华民国','','',1),(4010,'公元1936年','丙子','民国二十六年','中华民国','','',1),(4011,'公元1937年','丁丑','民国二十七年','中华民国','','',1),(4012,'公元1938年','戊寅','民国二十八年','中华民国','','',1),(4013,'公元1939年','己卯','民国二十九年','中华民国','','',1),(4014,'公元1940年','庚辰','民国三十年','中华民国','','',1),(4015,'公元1941年','辛巳','民国三十一年','中华民国','','',1),(4016,'公元1942年','壬午','民国三十二年','中华民国','','',1),(4017,'公元1943年','癸未','民国三十三年','中华民国','','',1),(4018,'公元1944年','甲申','民国三十四年','中华民国','','',1),(4019,'公元1945年','乙酉','民国三十五年','中华民国','','',1),(4020,'公元1946年','丙戌','民国三十六年','中华民国','','',1),(4021,'公元1947年','丁亥','民国三十七年','中华民国','','',1),(4022,'公元1948年','戊子','民国三十八年','中华民国','','',1),(4023,'公元1949年','己丑','','中华人民共和国','','',1),(4024,'公元1950年','庚寅','','中华人民共和国','','',1),(4025,'公元1951年','辛卯','','中华人民共和国','','',1),(4026,'公元1952年','壬辰','','中华人民共和国','','',1),(4027,'公元1953年','癸巳','','中华人民共和国','','',1),(4028,'公元1954年','甲午','','中华人民共和国','','',1),(4029,'公元1955年','乙未','','中华人民共和国','','',1),(4030,'公元1956年','丙申','','中华人民共和国','','',1),(4031,'公元1957年','丁酉','','中华人民共和国','','',1),(4032,'公元1958年','戊戌','','中华人民共和国','','',1),(4033,'公元1959年','己亥','','中华人民共和国','','',1),(4034,'公元1960年','庚子','','中华人民共和国','','',1),(4035,'公元1961年','辛丑','','中华人民共和国','','',1),(4036,'公元1962年','壬寅','','中华人民共和国','','',1),(4037,'公元1963年','癸卯','','中华人民共和国','','',1),(4038,'公元1964年','甲辰','','中华人民共和国','','',1),(4039,'公元1965年','乙巳','','中华人民共和国','','',1),(4040,'公元1966年','丙午','','中华人民共和国','','',1),(4041,'公元1967年','丁未','','中华人民共和国','','',1),(4042,'公元1968年','戊申','','中华人民共和国','','',1),(4043,'公元1969年','己酉','','中华人民共和国','','',1),(4044,'公元1970年','庚戌','','中华人民共和国','','',1),(4045,'公元1971年','辛亥','','中华人民共和国','','',1),(4046,'公元1972年','壬子','','中华人民共和国','','',1),(4047,'公元1973年','癸丑','','中华人民共和国','','',1),(4048,'公元1974年','甲寅','','中华人民共和国','','',1),(4049,'公元1975年','乙卯','','中华人民共和国','','',1),(4050,'公元1976年','丙辰','','中华人民共和国','','',1),(4051,'公元1977年','丁己','','中华人民共和国','','',1),(4052,'公元1978年','戊午','','中华人民共和国','','',1),(4053,'公元1979年','己未','','中华人民共和国','','',1),(4054,'公元1980年','庚申','','中华人民共和国','','',1),(4055,'公元1981年','辛酉','','中华人民共和国','','',1),(4056,'公元1982年','壬戌','','中华人民共和国','','',1),(4057,'公元1983年','癸亥','','中华人民共和国','','',1),(4058,'公元1984年','甲子','','中华人民共和国','','',1),(4059,'公元1985年','乙丑','','中华人民共和国','','',1),(4060,'公元1986年','丙寅','','中华人民共和国','','',1),(4061,'公元1987年','丁卯','','中华人民共和国','','',1),(4062,'公元1988年','戊辰','','中华人民共和国','','',1),(4063,'公元1989年','己巳','','中华人民共和国','','',1),(4064,'公元1990年','庚午','','中华人民共和国','','',1),(4065,'公元1991年','辛未','','中华人民共和国','','',1),(4066,'公元1992年','壬申','','中华人民共和国','','',1),(4067,'公元1993年','癸酉','','中华人民共和国','','',1),(4068,'公元1994年','甲戌','','中华人民共和国','','',1),(4069,'公元1995年','乙亥','','中华人民共和国','','',1),(4070,'公元1996年','丙子','','中华人民共和国','','',1),(4071,'公元1997年','丁丑','','中华人民共和国','','',1),(4072,'公元1998年','戊寅','','中华人民共和国','','',1),(4073,'公元1999年','己卯','','中华人民共和国','','',1),(4074,'公元2000年','庚辰','','中华人民共和国','','',1),(4075,'公元2001年','辛巳','','中华人民共和国','','',1),(4076,'公元2002年','壬午','','中华人民共和国','','',1),(4077,'公元2003年','癸未','','中华人民共和国','','',1),(4078,'公元2004年','甲申','','中华人民共和国','','',1),(4079,'公元2005年','乙酉','','中华人民共和国','','',1),(4080,'公元2006年','丙戌','','中华人民共和国','','',1),(4081,'公元2007年','丁亥','','中华人民共和国','','',1),(4082,'公元2008年','戊子','','中华人民共和国','','',1),(4083,'公元2009年','己丑','','中华人民共和国','','',1),(4084,'公元2010年','庚寅','','中华人民共和国','','',1),(4085,'公元2011年','辛卯','','中华人民共和国','','',1),(4086,'公元2012年','壬辰','','中华人民共和国','','',1),(4087,'公元2013年','癸巳','','中华人民共和国','','',1),(4088,'公元2014年','甲午','','中华人民共和国','','',1),(4089,'公元2015年','乙未','','中华人民共和国','','',1);
/*!40000 ALTER TABLE `kts_history` ENABLE KEYS */;
UNLOCK TABLES;

--
-- Table structure for table `kts_hot_key`
--

DROP TABLE IF EXISTS `kts_hot_key`;
/*!40101 SET @saved_cs_client     = @@character_set_client */;
/*!40101 SET character_set_client = utf8 */;
CREATE TABLE `kts_hot_key` (
  `id` int(10) unsigned NOT NULL AUTO_INCREMENT,
  `title` varchar(20) NOT NULL COMMENT '关键字',
  `likes` int(10) unsigned NOT NULL DEFAULT '0' COMMENT '热度值',
  `is_show` tinyint(3) unsigned NOT NULL DEFAULT '0',
  PRIMARY KEY (`id`),
  KEY `title` (`title`) USING BTREE
) ENGINE=InnoDB DEFAULT CHARSET=utf8mb4;
/*!40101 SET character_set_client = @saved_cs_client */;

--
-- Dumping data for table `kts_hot_key`
--

LOCK TABLES `kts_hot_key` WRITE;
/*!40000 ALTER TABLE `kts_hot_key` DISABLE KEYS */;
/*!40000 ALTER TABLE `kts_hot_key` ENABLE KEYS */;
UNLOCK TABLES;

--
-- Table structure for table `kts_integral_goods`
--

DROP TABLE IF EXISTS `kts_integral_goods`;
/*!40101 SET @saved_cs_client     = @@character_set_client */;
/*!40101 SET character_set_client = utf8 */;
CREATE TABLE `kts_integral_goods` (
  `id` int(8) NOT NULL AUTO_INCREMENT COMMENT '表id',
  `name` varchar(50) NOT NULL COMMENT '商品表名称',
  `cover_img` varchar(50) NOT NULL DEFAULT '' COMMENT '商品封面',
  `type` tinyint(1) NOT NULL DEFAULT '0' COMMENT '发放类型 0限时抢购',
  `integration` int(10) unsigned NOT NULL DEFAULT '0' COMMENT '需要兑换的积分',
  `createnum` int(11) unsigned DEFAULT '0' COMMENT '发放数量',
  `send_num` int(11) unsigned DEFAULT '0' COMMENT '已领取数量',
  `use_num` int(11) unsigned DEFAULT '0' COMMENT '已使用数量',
  `send_start_time` int(11) DEFAULT NULL COMMENT '发放开始时间',
  `send_end_time` int(11) DEFAULT NULL COMMENT '发放结束时间',
  `add_time` int(11) DEFAULT NULL COMMENT '添加时间',
  PRIMARY KEY (`id`)
) ENGINE=InnoDB AUTO_INCREMENT=2 DEFAULT CHARSET=utf8mb4 COMMENT='积分兑换商品表';
/*!40101 SET character_set_client = @saved_cs_client */;

--
-- Dumping data for table `kts_integral_goods`
--

LOCK TABLES `kts_integral_goods` WRITE;
/*!40000 ALTER TABLE `kts_integral_goods` DISABLE KEYS */;
INSERT INTO `kts_integral_goods` VALUES (1,'海南岛之旅','Fs_ZkG6qXyvo6aliVXBGh9e6hxen',0,500,100,0,0,1484077168,1487076168,1484077168);
/*!40000 ALTER TABLE `kts_integral_goods` ENABLE KEYS */;
UNLOCK TABLES;

--
-- Table structure for table `kts_integral_xq`
--

DROP TABLE IF EXISTS `kts_integral_xq`;
/*!40101 SET @saved_cs_client     = @@character_set_client */;
/*!40101 SET character_set_client = utf8 */;
CREATE TABLE `kts_integral_xq` (
  `i_xq_id` int(10) unsigned NOT NULL AUTO_INCREMENT,
  `user_id` int(10) unsigned NOT NULL COMMENT '用户ID',
  `update_time` int(10) unsigned DEFAULT NULL COMMENT '操作时间',
  `title` varchar(64) NOT NULL COMMENT '操作名称',
  `description` varchar(255) DEFAULT NULL COMMENT '操作描述',
  `amount` int(10) unsigned NOT NULL DEFAULT '0' COMMENT '操作数额',
  `is_inc` tinyint(3) unsigned NOT NULL DEFAULT '1' COMMENT '增加积分 1是 0否',
  `before_change` int(10) unsigned NOT NULL DEFAULT '0' COMMENT '变化前总积分',
  `after_change` int(10) unsigned NOT NULL COMMENT '变化后积分',
  `is_show` tinyint(4) NOT NULL DEFAULT '1' COMMENT '是否显示 0删除 1显示',
  `task_id` int(11) NOT NULL DEFAULT '0' COMMENT '积分任务id(取kts_integration的id)',
  PRIMARY KEY (`i_xq_id`)
) ENGINE=InnoDB AUTO_INCREMENT=259 DEFAULT CHARSET=utf8mb4 COMMENT='用户积分详情表';
/*!40101 SET character_set_client = @saved_cs_client */;

--
-- Dumping data for table `kts_integral_xq`
--

LOCK TABLES `kts_integral_xq` WRITE;
/*!40000 ALTER TABLE `kts_integral_xq` DISABLE KEYS */;
INSERT INTO `kts_integral_xq` VALUES (1,1,1484046784,'登录','2017-01-10绑定手机号获取到积分5',5,1,0,5,1,0),(2,2,1484048112,'登录','2017-01-10绑定手机号获取到积分5',5,1,0,5,1,0),(3,3,1484048299,'登录','2017-01-10绑定手机号获取到积分5',5,1,0,5,1,0),(4,4,1484049044,'登录','2017-01-10绑定手机号获取到积分5',5,1,0,5,1,0),(5,5,1484055643,'登录','2017-01-10绑定手机号获取到积分5',5,1,0,5,1,0),(6,6,1484070380,'登录','2017-01-11绑定手机号获取到积分50',50,1,0,50,1,0),(7,7,1484097813,'绑定手机','2017-01-11绑定手机号获取到积分200',200,1,0,200,1,0),(8,8,1484098172,'绑定手机','2017-01-11绑定手机号获取到积分200',200,1,0,200,1,0),(9,9,1484102446,'绑定手机','2017-01-11绑定手机号获取到积分200',200,1,0,200,1,0),(10,9,1484102539,'发表帖子','2017-01-11发帖获取到积分5',5,1,200,205,1,0),(11,10,1484104029,'绑定手机','2017-01-11绑定手机号获取到积分200',200,1,0,200,1,0),(12,6,1484104163,'上传书籍','2017-01-11上传图书获取到5',5,1,50,55,1,0),(13,11,1484104667,'绑定手机','2017-01-11绑定手机号获取到积分200',200,1,0,200,1,0),(14,1,1484105553,'上传书籍','2017-01-11上传图书获取到5',5,1,5,10,1,0),(15,1,1484105940,'上传书籍','2017-01-11上传图书获取到5',5,1,10,15,1,0),(16,1,1484129318,'上传书籍','2017-01-11上传图书获取到5',5,1,15,20,1,0),(17,6,1484143871,'上传书籍','2017-01-11上传图书获取到5',5,1,55,60,1,0),(18,6,1484144146,'上传书籍','2017-01-11上传图书获取到5',5,1,60,65,1,0),(19,6,1484144561,'发表帖子','2017-01-11发帖获取到积分5',5,1,65,70,1,0),(20,6,1484144783,'发表帖子','2017-01-11发帖获取到积分5',5,1,70,75,1,0),(21,11,1484145346,'上传书籍','2017-01-11上传图书获取到30',30,1,200,230,1,0),(22,11,1484145995,'发表帖子','2017-01-11发帖获取到积分5',5,1,230,235,1,0),(23,12,1484147899,'绑定手机','2017-01-11绑定手机号获取到积分200',200,1,0,200,1,0),(24,13,1484153370,'绑定手机','2017-01-12绑定手机号获取到积分200',200,1,0,200,1,0),(25,13,1484154018,'上传书籍','2017-01-12上传图书获取到5',5,1,200,205,1,0),(26,14,1484155509,'绑定手机','2017-01-12绑定手机号获取到积分200',200,1,0,200,1,0),(27,2,1484190800,'回帖','2017-01-12回复帖子获取到积分2',2,1,5,7,1,0),(28,1,1484210999,'上传书籍','2017-01-12上传图书获取到5',5,1,20,25,1,0),(29,1,1484211735,'上传书籍','2017-01-12上传图书获取到5',5,1,25,30,1,0),(30,2,1484214997,'回帖','2017-01-12回复帖子获取到积分2',2,1,7,9,1,0),(31,6,1484217915,'上传书籍','2017-01-12上传图书获取到5',5,1,75,80,1,0),(32,15,1484218015,'绑定手机','2017-01-12绑定手机号获取到积分200',200,1,0,200,1,0),(33,11,1484275435,'上传书籍','2017-01-13上传图书获取到5',5,1,235,240,1,0),(34,6,1484275658,'上传书籍','2017-01-13上传图书获取到30',30,1,80,110,1,0),(35,14,1484277113,'上传书籍','2017-01-13上传图书获取到5',5,1,200,205,1,0),(36,16,1484298078,'绑定手机','2017-01-13绑定手机号获取到积分200',200,1,0,200,1,0),(37,3,1484305850,'登录','2017-01-13登录获取到积分50',50,1,5,55,1,0),(38,2,1484305890,'登录','2017-01-13登录获取到积分50',50,1,9,59,1,0),(39,12,1484306583,'登录','2017-01-13登录获取到积分50',50,1,200,250,1,0),(40,12,1484306599,'回帖','2017-01-13回复帖子获取到积分2',2,1,250,252,1,0),(41,6,1484316260,'登录','2017-01-13登录获取到积分50',50,1,110,160,1,0),(42,6,1484326418,'登录','2017-01-14登录获取到积分50',50,1,160,210,1,0),(43,11,1484327954,'登录','2017-01-14登录获取到积分50',50,1,240,290,1,0),(44,11,1484328135,'上传书籍','2017-01-14上传图书获取到30',30,1,290,320,1,0),(45,11,1484328302,'上传书籍','2017-01-14上传图书获取到30',30,1,320,350,1,0),(46,3,1484353045,'登录','2017-01-14登录获取到积分50',50,1,55,105,1,0),(47,7,1484357639,'登录','2017-01-14登录获取到积分50',50,1,200,250,1,0),(48,2,1484360986,'登录','2017-01-14登录获取到积分50',50,1,59,109,1,0),(49,4,1484361059,'登录','2017-01-14登录获取到积分50',50,1,5,55,1,0),(50,2,1484362415,'上传书籍','2017-01-14上传图书获取到30',30,1,109,139,1,0),(51,1,1484373096,'登录','2017-01-14登录获取到积分50',50,1,30,80,1,0),(52,13,1484373406,'登录','2017-01-14登录获取到积分50',50,1,205,255,1,0),(53,14,1484373437,'登录','2017-01-14登录获取到积分50',50,1,205,255,1,0),(54,13,1484373742,'上传书籍','2017-01-14上传图书获取到5',5,1,255,260,1,0),(55,2,1484375510,'上传书籍','2017-01-14上传图书获取到5',5,1,139,144,1,0),(56,9,1484380153,'登录','2017-01-14登录获取到积分50',50,1,205,255,1,0),(57,9,1484380770,'上传书籍','2017-01-14上传图书获取到5',5,1,255,260,1,0),(58,1,1484384414,'上传书籍','2017-01-14上传图书获取到5',5,1,80,85,1,0),(59,9,1484389763,'上传书籍','2017-01-14上传图书获取到30',30,1,260,290,1,0),(60,6,1484391456,'发表帖子','2017-01-14发帖获取到积分5',5,1,210,215,1,0),(61,6,1484391921,'上传书籍','2017-01-14上传图书获取到30',30,1,215,245,1,0),(62,11,1484392855,'上传书籍','2017-01-14上传图书获取到30',30,1,350,380,1,0),(63,13,1484454281,'登录','2017-01-15登录获取到积分50',50,1,260,310,1,0),(64,13,1484454861,'上传书籍','2017-01-15上传图书获取到5',5,1,310,315,1,0),(65,13,1484455196,'上传书籍','2017-01-15上传图书获取到5',5,1,315,320,1,0),(66,13,1484455670,'上传书籍','2017-01-15上传图书获取到5',5,1,320,325,1,0),(67,13,1484455918,'上传书籍','2017-01-15上传图书获取到5',5,1,325,330,1,0),(68,13,1484456136,'上传书籍','2017-01-15上传图书获取到5',5,1,330,335,1,0),(69,13,1484456618,'上传书籍','2017-01-15上传图书获取到5',5,1,335,340,1,0),(70,13,1484456983,'上传书籍','2017-01-15上传图书获取到5',5,1,340,345,1,0),(71,13,1484457150,'上传书籍','2017-01-15上传图书获取到5',5,1,345,350,1,0),(72,13,1484460253,'上传书籍','2017-01-15上传图书获取到5',5,1,350,355,1,0),(73,13,1484460564,'上传书籍','2017-01-15上传图书获取到5',5,1,355,360,1,0),(74,6,1484469434,'登录','2017-01-15登录获取到积分50',50,1,245,295,1,0),(75,6,1484469434,'上传书籍','2017-01-15上传图书获取到5',5,1,295,300,1,0),(76,6,1484496520,'登录','2017-01-16登录获取到积分50',50,1,300,350,1,0),(77,6,1484497268,'上传书籍','2017-01-16上传图书获取到5',5,1,350,355,1,0),(78,6,1484498142,'上传书籍','2017-01-16上传图书获取到5',5,1,355,360,1,0),(79,6,1484498759,'发表帖子','2017-01-16发帖获取到积分5',5,1,360,365,1,0),(80,9,1484529121,'登录','2017-01-16登录获取到积分50',50,1,290,340,1,0),(81,12,1484533352,'登录','2017-01-16登录获取到积分50',50,1,252,302,1,0),(82,7,1484534456,'登录','2017-01-16登录获取到积分50',50,1,250,300,1,0),(83,14,1484535095,'登录','2017-01-16登录获取到积分50',50,1,255,305,1,0),(84,3,1484535485,'登录','2017-01-16登录获取到积分50',50,1,105,155,1,0),(85,14,1484536869,'发表帖子','2017-01-16发帖获取到积分5',5,1,305,310,1,0),(86,14,1484536968,'发表帖子','2017-01-16发帖获取到积分5',5,1,310,315,1,0),(87,3,1484537031,'回帖','2017-01-16回复帖子获取到积分2',2,1,155,157,1,0),(88,14,1484537063,'回帖','2017-01-16回复帖子获取到积分2',2,1,315,317,1,0),(89,12,1484537300,'回帖','2017-01-16回复帖子获取到积分2',2,1,302,304,1,0),(90,8,1484545578,'登录','2017-01-16登录获取到积分50',50,1,200,250,1,0),(91,6,1484564142,'上传书籍','2017-01-16上传图书获取到5',5,1,365,370,1,0),(92,11,1484564357,'登录','2017-01-16登录获取到积分50',50,1,380,430,1,0),(93,11,1484564513,'上传书籍','2017-01-16上传图书获取到30',30,1,430,460,1,0),(94,6,1484578346,'上传书籍','2017-01-16上传图书获取到5',5,1,370,375,1,0),(95,6,1484578799,'上传书籍','2017-01-16上传图书获取到5',5,1,375,380,1,0),(96,6,1484579166,'发表帖子','2017-01-16发帖获取到积分5',5,1,380,385,1,0),(97,6,1484580969,'上传书籍','2017-01-16上传图书获取到5',5,1,385,390,1,0),(98,11,1484581350,'上传书籍','2017-01-16上传图书获取到5',5,1,460,465,1,0),(99,1,1484617081,'登录','2017-01-17登录获取到积分50',50,1,85,135,1,0),(100,6,1484620240,'登录','2017-01-17登录获取到积分50',50,1,390,440,1,0),(101,3,1484620310,'登录','2017-01-17登录获取到积分50',50,1,157,207,1,0),(102,14,1484624808,'登录','2017-01-17登录获取到积分50',50,1,317,367,1,0),(103,14,1484625094,'上传书籍','2017-01-17上传图书获取到30',30,1,367,397,1,0),(104,14,1484625174,'发表帖子','2017-01-17发帖获取到积分5',5,1,397,402,1,0),(105,6,1484631789,'上传书籍','2017-01-17上传图书获取到5',5,1,440,445,1,0),(106,6,1484632113,'上传书籍','2017-01-17上传图书获取到5',5,1,445,450,1,0),(107,6,1484632246,'上传书籍','2017-01-17上传图书获取到5',5,1,450,455,1,0),(108,6,1484632348,'上传书籍','2017-01-17上传图书获取到5',5,1,455,460,1,0),(109,6,1484673680,'登录','2017-01-18登录获取到积分50',50,1,460,510,1,0),(110,3,1484711023,'登录','2017-01-18登录获取到积分50',50,1,207,257,1,0),(111,11,1484722092,'登录','2017-01-18登录获取到积分50',50,1,465,515,1,0),(112,1,1484725965,'登录','2017-01-18登录获取到积分50',50,1,135,185,1,0),(113,2,1484736448,'登录','2017-01-18登录获取到积分50',50,1,144,194,1,0),(114,11,1484741216,'上传书籍','2017-01-18上传图书获取到30',30,1,515,545,1,0),(115,11,1484749259,'发表帖子','2017-01-18发帖获取到积分5',5,1,545,550,1,0),(116,2,1484819454,'登录','2017-01-19登录获取到积分50',50,1,194,244,1,0),(117,1,1484823713,'登录','2017-01-19登录获取到积分50',50,1,185,235,1,0),(118,13,1484825766,'登录','2017-01-19登录获取到积分50',50,1,360,410,1,0),(119,13,1484826288,'上传书籍','2017-01-19上传图书获取到5',5,1,410,415,1,0),(120,7,1484826848,'登录','2017-01-19登录获取到积分50',50,1,300,350,1,0),(121,11,1484830048,'登录','2017-01-19登录获取到积分50',50,1,550,600,1,0),(122,11,1484830048,'上传书籍','2017-01-19上传图书获取到5',5,1,600,605,1,0),(123,11,1484830337,'上传书籍','2017-01-19上传图书获取到30',30,1,605,635,1,0),(124,2,1484873948,'登录','2017-01-20登录获取到积分50',50,1,244,294,1,0),(125,1,1484874552,'登录','2017-01-20登录获取到积分50',50,1,235,285,1,0),(126,7,1484879586,'登录','2017-01-20登录获取到积分50',50,1,350,400,1,0),(127,7,1484880348,'上传书籍','2017-01-20上传图书获取到30',30,1,400,430,1,0),(128,1,1484882153,'上传书籍','2017-01-20上传图书获取到5',5,1,285,290,1,0),(129,8,1484891434,'登录','2017-01-20登录获取到积分50',50,1,250,300,1,0),(130,1,1484894231,'上传书籍','2017-01-20上传图书获取到5',5,1,290,295,1,0),(131,12,1484901227,'登录','2017-01-20登录获取到积分50',50,1,304,354,1,0),(132,6,1485100685,'登录','2017-01-22登录获取到积分50',50,1,510,560,1,0),(133,12,1485155139,'登录','2017-01-23登录获取到积分50',50,1,354,404,1,0),(134,2,1485331454,'登录','2017-01-25登录获取到积分50',50,1,294,344,1,0),(135,4,1485440883,'登录','2017-01-26登录获取到积分50',50,1,55,105,1,0),(136,3,1485502302,'登录','2017-01-27登录获取到积分50',50,1,257,307,1,0),(137,3,1485534252,'登录','2017-01-28登录获取到积分50',50,1,307,357,1,0),(138,3,1485800274,'登录','2017-01-31登录获取到积分50',50,1,357,407,1,0),(139,4,1485954759,'登录','2017-02-01登录获取到积分50',50,1,105,155,1,0),(140,1,1485967815,'登录','2017-02-02登录获取到积分50',50,1,295,345,1,0),(141,2,1486058652,'登录','2017-02-03登录获取到积分50',50,1,344,394,1,0),(142,1,1486091372,'登录','2017-02-03登录获取到积分50',50,1,345,395,1,0),(143,12,1486106500,'登录','2017-02-03登录获取到积分50',50,1,404,454,1,0),(144,8,1486106619,'登录','2017-02-03登录获取到积分50',50,1,300,350,1,0),(145,12,1486106685,'上传书籍','2017-02-03上传图书获取到30',30,1,454,484,1,0),(146,12,1486107879,'上传书籍','2017-02-03上传图书获取到5',5,1,484,489,1,0),(147,12,1486108030,'发表帖子','2017-02-03发帖获取到积分5',5,1,489,494,1,0),(148,12,1486108030,'发表帖子','2017-02-03发帖获取到积分5',5,1,494,499,1,0),(149,12,1486108057,'回帖','2017-02-03回复帖子获取到积分2',2,1,499,501,1,0),(150,12,1486108244,'发表帖子','2017-02-03发帖获取到积分5',5,1,501,506,1,0),(151,12,1486108284,'回帖','2017-02-03回复帖子获取到积分2',2,1,506,508,1,0),(152,4,1486113715,'登录','2017-02-03登录获取到积分50',50,1,155,205,1,0),(153,6,1486113979,'登录','2017-02-03登录获取到积分50',50,1,560,610,1,0),(154,13,1486114029,'登录','2017-02-03登录获取到积分50',50,1,415,465,1,0),(155,1,1486178170,'登录','2017-02-04登录获取到积分50',50,1,395,445,1,0),(156,14,1486191070,'登录','2017-02-04登录获取到积分50',50,1,402,452,1,0),(157,17,1486191186,'绑定手机','2017-02-04绑定手机号获取到积分200',200,1,0,200,1,0),(158,17,1486191206,'登录','2017-02-04登录获取到积分50',50,1,200,250,1,0),(159,8,1486191605,'登录','2017-02-04登录获取到积分50',50,1,350,400,1,0),(160,17,1486192612,'上传书籍','2017-02-04上传图书获取到5',5,1,250,255,1,0),(161,6,1486218269,'登录','2017-02-04登录获取到积分50',50,1,610,660,1,0),(162,12,1486291976,'登录','2017-02-05登录获取到积分50',50,1,508,558,1,0),(163,17,1486348016,'登录','2017-02-06登录获取到积分50',50,1,255,305,1,0),(164,1,1486369750,'登录','2017-02-06登录获取到积分50',50,1,445,495,1,0),(165,7,1486373801,'登录','2017-02-06登录获取到积分50',50,1,430,480,1,0),(166,6,1486374140,'登录','2017-02-06登录获取到积分50',50,1,660,710,1,0),(167,3,1486379161,'登录','2017-02-06登录获取到积分50',50,1,407,457,1,0),(168,18,1486429467,'绑定手机','2017-02-07绑定手机号获取到积分200',200,1,0,200,1,0),(169,18,1486429474,'登录','2017-02-07登录获取到积分50',50,1,200,250,1,0),(170,2,1486432244,'登录','2017-02-07登录获取到积分50',50,1,394,444,1,0),(171,1,1486433422,'登录','2017-02-07登录获取到积分50',50,1,495,545,1,0),(172,7,1486451482,'登录','2017-02-07登录获取到积分50',50,1,480,530,1,0),(173,17,1486468616,'登录','2017-02-07登录获取到积分50',50,1,305,355,1,0),(174,2,1486519343,'登录','2017-02-08登录获取到积分50',50,1,444,494,1,0),(175,7,1486524953,'登录','2017-02-08登录获取到积分50',50,1,530,580,1,0),(176,1,1486534225,'登录','2017-02-08登录获取到积分50',50,1,545,595,1,0),(177,18,1486543326,'登录','2017-02-08登录获取到积分50',50,1,250,300,1,0),(178,8,1486544221,'登录','2017-02-08登录获取到积分50',50,1,400,450,1,0),(179,1,1486610187,'登录','2017-02-09登录获取到积分50',50,1,595,645,1,0),(180,7,1486619627,'登录','2017-02-09登录获取到积分50',50,1,580,630,1,0),(181,1,1486624512,'上传书籍','2017-02-09上传图书获取到5',5,1,645,650,1,0),(182,6,1486646572,'登录','2017-02-09登录获取到积分50',50,1,710,760,1,0),(183,1,1486689131,'登录','2017-02-10登录获取到积分50',50,1,650,700,1,0),(184,2,1486713453,'登录','2017-02-10登录获取到积分50',50,1,494,544,1,0),(185,8,1486714370,'登录','2017-02-10登录获取到积分50',50,1,450,500,1,0),(186,7,1486714990,'登录','2017-02-10登录获取到积分50',50,1,630,680,1,0),(187,17,1486779413,'登录','2017-02-11登录获取到积分50',50,1,355,405,1,0),(188,2,1486947993,'登录','2017-02-13登录获取到积分50',50,1,544,594,1,0),(189,1,1486951943,'登录','2017-02-13登录获取到积分50',50,1,700,750,1,0),(190,7,1486964740,'登录','2017-02-13登录获取到积分50',50,1,680,730,1,0),(191,18,1486969042,'登录','2017-02-13登录获取到积分50',50,1,300,350,1,0),(192,6,1487028102,'登录','2017-02-14登录获取到积分50',50,1,760,810,1,0),(193,2,1487034946,'登录','2017-02-14登录获取到积分50',50,1,594,644,1,0),(194,13,1487035211,'登录','2017-02-14登录获取到积分50',50,1,465,515,1,0),(195,17,1487035317,'登录','2017-02-14登录获取到积分50',50,1,405,455,1,0),(196,14,1487035667,'登录','2017-02-14登录获取到积分50',50,1,452,502,1,0),(197,1,1487039343,'登录','2017-02-14登录获取到积分50',50,1,750,800,1,0),(198,12,1487041192,'登录','2017-02-14登录获取到积分50',50,1,558,608,1,0),(199,3,1487042981,'登录','2017-02-14登录获取到积分50',50,1,457,507,1,0),(200,19,1487054697,'绑定手机','2017-02-14绑定手机号获取到积分200',200,1,0,200,1,0),(201,19,1487054734,'登录','2017-02-14登录获取到积分50',50,1,200,250,1,0),(202,8,1487055349,'登录','2017-02-14登录获取到积分50',50,1,500,550,1,0),(203,20,1487055526,'绑定手机','2017-02-14绑定手机号获取到积分200',200,1,0,200,1,0),(204,20,1487055570,'登录','2017-02-14登录获取到积分50',50,1,200,250,1,0),(205,4,1487057473,'登录','2017-02-14登录获取到积分50',50,1,205,255,1,0),(206,1,1487121077,'登录','2017-02-15登录获取到积分50',50,1,800,850,1,0),(207,17,1487121671,'登录','2017-02-15登录获取到积分50',50,1,455,505,1,0),(208,13,1487121690,'登录','2017-02-15登录获取到积分50',50,1,515,565,1,0),(209,20,1487121697,'登录','2017-02-15登录获取到积分50',50,1,250,300,1,0),(210,17,1487123314,'上传书籍','2017-02-15上传图书获取到30',30,1,505,535,1,0),(211,18,1487125544,'登录','2017-02-15登录获取到积分50',50,1,350,400,1,0),(212,8,1487125598,'登录','2017-02-15登录获取到积分50',50,1,550,600,1,0),(213,2,1487135470,'登录','2017-02-15登录获取到积分50',50,1,644,694,1,0),(214,1,1487142754,'上传书籍','2017-02-15上传图书获取到5',5,1,850,855,1,0),(215,4,1487143207,'登录','2017-02-15登录获取到积分50',50,1,255,305,1,0),(216,7,1487146913,'登录','2017-02-15登录获取到积分50',50,1,730,780,1,0),(217,6,1487153330,'登录','2017-02-15登录获取到积分50',50,1,810,860,1,0),(218,20,1487155600,'发表帖子','2017-02-15发帖获取到积分5',5,1,300,305,1,0),(219,3,1487155679,'登录','2017-02-15登录获取到积分50',50,1,507,557,1,0),(220,2,1487175068,'登录','2017-02-16登录获取到积分50',50,1,694,744,1,0),(221,1,1487207810,'登录','2017-02-16登录获取到积分50',50,1,855,905,1,0),(222,18,1487208555,'登录','2017-02-16登录获取到积分50',50,1,400,450,1,0),(223,8,1487210450,'登录','2017-02-16登录获取到积分50',50,1,600,650,1,0),(224,18,1487216905,'上传书籍','2017-02-16上传图书获取到30',30,1,450,480,1,0),(225,7,1487230485,'登录','2017-02-16登录获取到积分50',50,1,780,830,1,0),(226,18,1487293783,'登录','2017-02-17登录获取到积分50',50,1,480,530,1,0),(227,1,1487294168,'登录','2017-02-17登录获取到积分50',50,1,905,955,1,0),(228,8,1487297696,'登录','2017-02-17登录获取到积分50',50,1,650,700,1,0),(229,7,1487310128,'登录','2017-02-17登录获取到积分50',50,1,830,880,1,0),(230,2,1487315618,'登录','2017-02-17登录获取到积分50',50,1,744,794,1,0),(231,8,1487317309,'发表帖子','2017-02-17发帖获取到积分5',5,1,700,705,1,0),(232,4,1487319408,'登录','2017-02-17登录获取到积分50',50,1,305,355,1,0),(233,1,1487382233,'登录','2017-02-18登录获取到积分50',50,1,955,1005,1,0),(234,8,1487382425,'登录','2017-02-18登录获取到积分50',50,1,705,755,1,0),(235,6,1487390942,'登录','2017-02-18登录获取到积分50',50,1,860,910,1,0),(236,11,1487391671,'登录','2017-02-18登录获取到积分50',50,1,635,685,1,0),(237,1,1487411094,'上传书籍','2017-02-18上传图书获取到5',5,1,1005,1010,1,0),(238,1,1487418094,'上传书籍','2017-02-18上传图书获取到5',5,1,1010,1015,1,0),(239,17,1487418328,'登录','2017-02-18登录获取到积分50',50,1,535,585,1,0),(240,17,1487418391,'上传书籍','2017-02-18上传图书获取到30',30,1,585,615,1,0),(241,11,1487437058,'登录','2017-02-19登录获取到积分50',50,1,685,735,1,0),(242,6,1487439928,'登录','2017-02-19登录获取到积分50',50,1,910,960,1,0),(243,6,1487439928,'上传书籍','2017-02-19上传图书获取到5',5,1,960,965,1,0),(244,6,1487473307,'发表帖子','2017-02-19发帖获取到积分5',5,1,965,970,1,0),(245,1,1487481100,'登录','2017-02-19登录获取到积分50',50,1,1015,1065,1,0),(246,12,1487511626,'登录','2017-02-19登录获取到积分50',50,1,608,658,1,0),(247,12,1487511918,'发表帖子','2017-02-19发帖获取到积分5',5,1,658,663,1,0),(248,12,1487511932,'回帖','2017-02-19回复帖子获取到积分2',2,1,663,665,1,0),(249,13,1487552634,'登录','2017-02-20登录获取到积分50',50,1,565,615,1,0),(250,1,1487553100,'登录','2017-02-20登录获取到积分50',50,1,1065,1115,1,0),(251,1,1487553100,'上传书籍','2017-02-20上传图书获取到30',30,1,1115,1145,1,0),(252,17,1487553325,'登录','2017-02-20登录获取到积分50',50,1,615,665,1,0),(253,17,1487553325,'上传书籍','2017-02-20上传图书获取到30',30,1,665,695,1,0),(254,18,1487553408,'登录','2017-02-20登录获取到积分50',50,1,530,580,1,0),(255,12,1487557222,'登录','2017-02-20登录获取到积分50',50,1,665,715,1,0),(256,8,1487559327,'登录','2017-02-20登录获取到积分50',50,1,755,805,1,0),(257,6,1487559685,'登录','2017-02-20登录获取到积分50',50,1,970,1020,1,0),(258,20,1487559692,'登录','2017-02-20登录获取到积分50',50,1,305,355,1,0);
/*!40000 ALTER TABLE `kts_integral_xq` ENABLE KEYS */;
UNLOCK TABLES;

--
-- Table structure for table `kts_integration`
--

DROP TABLE IF EXISTS `kts_integration`;
/*!40101 SET @saved_cs_client     = @@character_set_client */;
/*!40101 SET character_set_client = utf8 */;
CREATE TABLE `kts_integration` (
  `id` int(10) unsigned NOT NULL AUTO_INCREMENT,
  `source` varchar(200) NOT NULL COMMENT '积分来源',
  `number` int(11) unsigned NOT NULL DEFAULT '0' COMMENT '积分数值',
  `update_time` int(11) unsigned NOT NULL DEFAULT '0' COMMENT '处理时间',
  `icon` varchar(100) DEFAULT NULL COMMENT '小图标',
  `state` varchar(50) CHARACTER SET utf8mb4 COLLATE utf8mb4_danish_ci DEFAULT NULL COMMENT '说明',
  `is_deleted` tinyint(3) unsigned NOT NULL DEFAULT '0' COMMENT '是否删除 1表示删除 0正常',
  `operate_type` tinyint(3) unsigned NOT NULL DEFAULT '0' COMMENT '操作类型 0分享 1发表 2绑定',
  `sorts` tinyint(3) unsigned NOT NULL DEFAULT '0' COMMENT '排序,值越大越前面',
  `identify` varchar(20) DEFAULT 'topic' COMMENT '标识',
  PRIMARY KEY (`id`),
  UNIQUE KEY `identify` (`identify`)
) ENGINE=InnoDB AUTO_INCREMENT=12 DEFAULT CHARSET=utf8mb4;
/*!40101 SET character_set_client = @saved_cs_client */;

--
-- Dumping data for table `kts_integration`
--

LOCK TABLES `kts_integration` WRITE;
/*!40000 ALTER TABLE `kts_integration` DISABLE KEYS */;
INSERT INTO `kts_integration` VALUES (1,'登录',50,1483081868,'icon_201656655666.jpg','每日登录+5 连续登录+10',0,0,0,'login'),(2,'上传书籍',5,1483081868,'icon_201656655666.jpg','分享图书每本+5，每日上限5次（删除分享的图书扣除已获得积分）',0,0,0,'book'),(3,'购买图书',5,1483081868,'icon_201656655666.jpg','购买图书每本+5，无上限',0,0,0,'buy_book'),(4,'发表帖子',5,1483081868,'icon_201656655666.jpg','发帖+5，每日上限3次（删除帖子扣除已获得积分）\r\n',0,0,0,'write_topic'),(5,'回帖',2,1483081868,'icon_201656655666.jpg','回帖+2，每日上限50次（删除帖子扣除已获得积分）',0,0,0,'reply_topic'),(6,'精品贴',10,1483081868,'icon_201656655666.jpg','精品贴（置顶帖）+10，无上限',0,0,0,'boutiques_topic'),(7,'阅读电子书10分钟',10,1483081868,'icon_201656655666.jpg','每日阅读电子书10分钟+10，仅1次',0,0,0,'read_ebook'),(8,'绑定手机',200,1483081868,'icon_201656655666.jpg','绑定手机',0,0,0,'phone'),(9,'绑定QQ登录',10,1483081868,'icon_201656655666.jpg','绑定QQ登录',0,0,0,'qq'),(10,'绑定微信登录',10,1483081868,'icon_201656655666.jpg','绑定微信登录',0,0,0,'weixin'),(11,'绑定微博登录',10,1483081868,'icon_201656655666.jpg','绑定微博登录',0,0,0,'weibo');
/*!40000 ALTER TABLE `kts_integration` ENABLE KEYS */;
UNLOCK TABLES;

--
-- Table structure for table `kts_message`
--

DROP TABLE IF EXISTS `kts_message`;
/*!40101 SET @saved_cs_client     = @@character_set_client */;
/*!40101 SET character_set_client = utf8 */;
CREATE TABLE `kts_message` (
  `message_id` mediumint(8) unsigned NOT NULL AUTO_INCREMENT,
  `type` tinyint(3) unsigned DEFAULT NULL COMMENT '消息类型 1新书上架，2系统消息,3消息回复',
  `title` varchar(100) NOT NULL COMMENT '消息标题',
  `content` varchar(32) NOT NULL COMMENT 'ID存放',
  `addtime` int(8) unsigned DEFAULT NULL COMMENT '创建时间',
  `state` tinyint(3) unsigned DEFAULT '1' COMMENT '消息状态 1未发，2已发送',
  `click_time` int(8) NOT NULL DEFAULT '0' COMMENT '点击次数',
  `url` varchar(100) DEFAULT NULL COMMENT '跳转地址',
  `user_id` int(11) NOT NULL DEFAULT '0' COMMENT '发布消息的人id',
  PRIMARY KEY (`message_id`)
) ENGINE=InnoDB AUTO_INCREMENT=2 DEFAULT CHARSET=utf8mb4 COMMENT='消息推送表';
/*!40101 SET character_set_client = @saved_cs_client */;

--
-- Dumping data for table `kts_message`
--

LOCK TABLES `kts_message` WRITE;
/*!40000 ALTER TABLE `kts_message` DISABLE KEYS */;
INSERT INTO `kts_message` VALUES (1,1,'士加堡图书好礼来袭','士加堡图书积分兑换，赶紧参与吧',1477881491,1,6,NULL,1);
/*!40000 ALTER TABLE `kts_message` ENABLE KEYS */;
UNLOCK TABLES;

--
-- Table structure for table `kts_money`
--

DROP TABLE IF EXISTS `kts_money`;
/*!40101 SET @saved_cs_client     = @@character_set_client */;
/*!40101 SET character_set_client = utf8 */;
CREATE TABLE `kts_money` (
  `user_id` mediumint(8) unsigned NOT NULL COMMENT '用户ID',
  `historical_num` decimal(10,2) unsigned DEFAULT '0.00' COMMENT '历史提现总额',
  `state` tinyint(3) unsigned DEFAULT '1' COMMENT '账户状态 0冻结,1正常',
  `frozen_time` int(8) unsigned DEFAULT '0' COMMENT '冻结时间',
  `remark` varchar(255) DEFAULT '' COMMENT '备注说明',
  PRIMARY KEY (`user_id`)
) ENGINE=InnoDB DEFAULT CHARSET=utf8mb4 COMMENT='用户钱包表';
/*!40101 SET character_set_client = @saved_cs_client */;

--
-- Dumping data for table `kts_money`
--

LOCK TABLES `kts_money` WRITE;
/*!40000 ALTER TABLE `kts_money` DISABLE KEYS */;
/*!40000 ALTER TABLE `kts_money` ENABLE KEYS */;
UNLOCK TABLES;

--
-- Table structure for table `kts_money_apply`
--

DROP TABLE IF EXISTS `kts_money_apply`;
/*!40101 SET @saved_cs_client     = @@character_set_client */;
/*!40101 SET character_set_client = utf8 */;
CREATE TABLE `kts_money_apply` (
  `id` int(10) unsigned NOT NULL AUTO_INCREMENT,
  `user_id` int(10) unsigned NOT NULL COMMENT '申请人ID',
  `alipay_name` char(32) NOT NULL COMMENT '支付宝名称',
  `alipay_account` char(32) NOT NULL COMMENT '支付宝账号',
  `number` decimal(10,2) unsigned NOT NULL COMMENT '提现金额',
  `apply_time` int(10) unsigned NOT NULL COMMENT '申请时间',
  `is_allow` tinyint(3) unsigned NOT NULL DEFAULT '0' COMMENT '是否允许 1允许 0不允许',
  `reason` varchar(255) DEFAULT '' COMMENT '理由(后台回复)',
  PRIMARY KEY (`id`)
) ENGINE=InnoDB DEFAULT CHARSET=utf8mb4;
/*!40101 SET character_set_client = @saved_cs_client */;

--
-- Dumping data for table `kts_money_apply`
--

LOCK TABLES `kts_money_apply` WRITE;
/*!40000 ALTER TABLE `kts_money_apply` DISABLE KEYS */;
/*!40000 ALTER TABLE `kts_money_apply` ENABLE KEYS */;
UNLOCK TABLES;

--
-- Table structure for table `kts_money_xq`
--

DROP TABLE IF EXISTS `kts_money_xq`;
/*!40101 SET @saved_cs_client     = @@character_set_client */;
/*!40101 SET character_set_client = utf8 */;
CREATE TABLE `kts_money_xq` (
  `m_xq_id` int(10) unsigned NOT NULL AUTO_INCREMENT,
  `user_id` int(10) unsigned NOT NULL COMMENT '用户ID',
  `update_time` int(10) unsigned DEFAULT NULL COMMENT '操作时间',
  `title` varchar(50) DEFAULT NULL COMMENT '操作标题',
  `description` varchar(255) DEFAULT NULL COMMENT '操作描述',
  `amount` decimal(10,2) NOT NULL COMMENT '操作数额',
  `original_amount` decimal(10,2) NOT NULL COMMENT '变化前金额',
  `change_amount` decimal(10,2) NOT NULL COMMENT '变化后金额',
  `payee` int(10) unsigned NOT NULL DEFAULT '0' COMMENT '收/付款用户id',
  `shop_id` int(10) unsigned NOT NULL DEFAULT '0' COMMENT '收款店铺',
  `apply_id` int(10) unsigned NOT NULL DEFAULT '0' COMMENT '提现的id',
  `is_inc` tinyint(3) unsigned NOT NULL DEFAULT '1' COMMENT '1表示收入 0 表示支出',
  `type` tinyint(3) unsigned DEFAULT '1' COMMENT '类别 1支出,2提现,3收入',
  PRIMARY KEY (`m_xq_id`)
) ENGINE=InnoDB DEFAULT CHARSET=utf8mb4 COMMENT='用户余额详情表';
/*!40101 SET character_set_client = @saved_cs_client */;

--
-- Dumping data for table `kts_money_xq`
--

LOCK TABLES `kts_money_xq` WRITE;
/*!40000 ALTER TABLE `kts_money_xq` DISABLE KEYS */;
/*!40000 ALTER TABLE `kts_money_xq` ENABLE KEYS */;
UNLOCK TABLES;

--
-- Table structure for table `kts_note`
--

DROP TABLE IF EXISTS `kts_note`;
/*!40101 SET @saved_cs_client     = @@character_set_client */;
/*!40101 SET character_set_client = utf8 */;
CREATE TABLE `kts_note` (
  `note_id` int(10) unsigned NOT NULL AUTO_INCREMENT,
  `groups_id` int(10) unsigned NOT NULL DEFAULT '0' COMMENT '小组ID',
  `user_id` int(10) unsigned NOT NULL COMMENT '用户ID',
  `username` varchar(50) NOT NULL COMMENT '用户名',
  `user_img` varchar(200) NOT NULL COMMENT '用户头像',
  `addtime` int(10) unsigned NOT NULL COMMENT '发帖时间',
  `content` varchar(255) NOT NULL COMMENT '发帖内容',
  `is_show` tinyint(1) NOT NULL DEFAULT '1' COMMENT '是否展示',
  `updtime` int(8) unsigned DEFAULT NULL COMMENT '修改时间',
  `critics_number` int(8) unsigned DEFAULT '0' COMMENT '评论条数',
  `click_number` int(8) unsigned DEFAULT '0' COMMENT '点赞次数',
  PRIMARY KEY (`note_id`)
) ENGINE=InnoDB DEFAULT CHARSET=utf8mb4 COMMENT='社区帖子表';
/*!40101 SET character_set_client = @saved_cs_client */;

--
-- Dumping data for table `kts_note`
--

LOCK TABLES `kts_note` WRITE;
/*!40000 ALTER TABLE `kts_note` DISABLE KEYS */;
/*!40000 ALTER TABLE `kts_note` ENABLE KEYS */;
UNLOCK TABLES;

--
-- Table structure for table `kts_note_click`
--

DROP TABLE IF EXISTS `kts_note_click`;
/*!40101 SET @saved_cs_client     = @@character_set_client */;
/*!40101 SET character_set_client = utf8 */;
CREATE TABLE `kts_note_click` (
  `id` int(10) unsigned NOT NULL AUTO_INCREMENT,
  `note_id` int(10) unsigned NOT NULL COMMENT '帖子ID',
  `user_id` int(10) unsigned NOT NULL COMMENT '用户ID',
  `username` varchar(50) NOT NULL COMMENT '用户名',
  `user_img` varchar(200) NOT NULL COMMENT '用户头像',
  `addtime` int(10) unsigned NOT NULL COMMENT '点赞时间',
  PRIMARY KEY (`id`),
  KEY `note_id` (`note_id`) USING BTREE
) ENGINE=InnoDB DEFAULT CHARSET=utf8mb4 COMMENT='帖子点赞表';
/*!40101 SET character_set_client = @saved_cs_client */;

--
-- Dumping data for table `kts_note_click`
--

LOCK TABLES `kts_note_click` WRITE;
/*!40000 ALTER TABLE `kts_note_click` DISABLE KEYS */;
/*!40000 ALTER TABLE `kts_note_click` ENABLE KEYS */;
UNLOCK TABLES;

--
-- Table structure for table `kts_note_comment`
--

DROP TABLE IF EXISTS `kts_note_comment`;
/*!40101 SET @saved_cs_client     = @@character_set_client */;
/*!40101 SET character_set_client = utf8 */;
CREATE TABLE `kts_note_comment` (
  `id` int(10) unsigned NOT NULL AUTO_INCREMENT,
  `note_id` int(10) unsigned NOT NULL COMMENT '帖子ID',
  `user_id` int(10) unsigned NOT NULL COMMENT '用户ID',
  `username` varchar(50) NOT NULL COMMENT '用户名',
  `user_img` varchar(200) NOT NULL COMMENT '用户头像',
  `content` varchar(255) NOT NULL COMMENT '评论内容',
  `addtime` int(10) unsigned NOT NULL COMMENT '评论时间',
  PRIMARY KEY (`id`),
  KEY `note_id` (`note_id`) USING BTREE
) ENGINE=InnoDB DEFAULT CHARSET=utf8mb4 COMMENT='帖子评论表';
/*!40101 SET character_set_client = @saved_cs_client */;

--
-- Dumping data for table `kts_note_comment`
--

LOCK TABLES `kts_note_comment` WRITE;
/*!40000 ALTER TABLE `kts_note_comment` DISABLE KEYS */;
/*!40000 ALTER TABLE `kts_note_comment` ENABLE KEYS */;
UNLOCK TABLES;

--
-- Table structure for table `kts_order`
--

DROP TABLE IF EXISTS `kts_order`;
/*!40101 SET @saved_cs_client     = @@character_set_client */;
/*!40101 SET character_set_client = utf8 */;
CREATE TABLE `kts_order` (
  `order_id` mediumint(8) unsigned NOT NULL AUTO_INCREMENT COMMENT '订单详细信息自增id',
  `order_sn` varchar(50) NOT NULL DEFAULT '0' COMMENT '订单的编号',
  `user_id` int(8) unsigned NOT NULL DEFAULT '0' COMMENT '用户id，同ecs_users的user_id',
  `payee` int(10) unsigned DEFAULT '0' COMMENT '收款人',
  `payee_shop` int(10) unsigned DEFAULT '0' COMMENT '收款店铺',
  `shop_name` varchar(50) NOT NULL COMMENT '收款人或收款店铺名称',
  `order_status` tinyint(1) unsigned NOT NULL DEFAULT '0' COMMENT '订单状态。0 未确认 1已确认 2 无效 3取消订单 4删除订单  5 已完成待评价 6 已评价 ',
  `shipping_status` tinyint(1) unsigned NOT NULL DEFAULT '0' COMMENT '商品配送情况，0，未发货；1，已发货；2，已收货；3，备货中',
  `shipping_time` int(10) unsigned NOT NULL DEFAULT '0' COMMENT '订单配送时间',
  `invoice_no` varchar(50) DEFAULT NULL COMMENT '发货单号，发货时填写，可在订单查询查看',
  `pay_status` tinyint(1) unsigned NOT NULL DEFAULT '0' COMMENT '支付状态；0，未付款；1，付款中；2，已付款，3退款中 ，4已退款',
  `shipping_id` tinyint(3) NOT NULL DEFAULT '0' COMMENT '用户选择的配送方式id，取值表kts_shipping',
  `shipping_name` varchar(120) DEFAULT '0' COMMENT '用户选择的配送方式的名称，取值表kts_shipping',
  `pay_id` tinyint(3) NOT NULL DEFAULT '0' COMMENT '用户选择的支付方式的id，取值表kts_payment',
  `pay_name` varchar(120) DEFAULT NULL COMMENT '用户选择的支付方式的名称，取值表kts_payment',
  `pay_fee` decimal(10,2) NOT NULL DEFAULT '0.00' COMMENT '支付费用',
  `pay_sn` varchar(64) NOT NULL DEFAULT '0' COMMENT '支付交易号 ',
  `pay_time` int(10) unsigned NOT NULL DEFAULT '0' COMMENT '订单支付时间',
  `how_oos` varchar(120) DEFAULT NULL COMMENT '缺货处理方式，等待所有商品备齐后再发； 取消订单；与店主协商',
  `goods_amount` decimal(10,2) NOT NULL DEFAULT '0.00' COMMENT '商品总金额',
  `shipping_fee` decimal(10,2) NOT NULL DEFAULT '0.00' COMMENT '配送费用',
  `anum` int(11) unsigned NOT NULL DEFAULT '0' COMMENT '共几件商品',
  `money_paid` decimal(10,2) NOT NULL DEFAULT '0.00' COMMENT '已付款金额',
  `surplus` decimal(10,2) NOT NULL DEFAULT '0.00' COMMENT '该订单使用余额的数量，取用户设定余额，用户可用余额，订单金额中最小者',
  `coupon_id` int(10) unsigned NOT NULL DEFAULT '0' COMMENT '优惠券id',
  `coupon_money` decimal(10,2) NOT NULL DEFAULT '0.00' COMMENT '优惠券金额',
  `order_amount` decimal(10,2) NOT NULL DEFAULT '0.00' COMMENT '应付款金额',
  `referer` varchar(255) DEFAULT NULL COMMENT '订单的来源页面',
  `add_time` int(10) unsigned NOT NULL DEFAULT '0' COMMENT '订单生成时间',
  `deadline` int(10) unsigned NOT NULL COMMENT '剩余支付时间',
  `confirm_time` int(10) unsigned NOT NULL DEFAULT '0' COMMENT '订单确认时间',
  `extension_id` mediumint(8) unsigned NOT NULL DEFAULT '0' COMMENT '通过活动购买的物品的id，取值kts_book_activity；如果是正常普通商品，该处为0',
  `is_extend` tinyint(1) DEFAULT '0' COMMENT '是否延长收货',
  PRIMARY KEY (`order_id`)
) ENGINE=InnoDB AUTO_INCREMENT=18 DEFAULT CHARSET=utf8mb4 COMMENT='订单的配送，地址等详细信息';
/*!40101 SET character_set_client = @saved_cs_client */;

--
-- Dumping data for table `kts_order`
--

LOCK TABLES `kts_order` WRITE;
/*!40000 ALTER TABLE `kts_order` DISABLE KEYS */;
INSERT INTO `kts_order` VALUES (1,'2017011199504954888401',4,4,0,'kts_01101164384151',3,0,0,NULL,0,0,'0',0,NULL,0.00,'0',0,NULL,0.01,0.00,1,0.00,0.00,0,0.00,0.01,NULL,1484070940,900,0,0,0),(2,'2017011199985199160122',4,4,0,'kts_01101164384151',3,0,0,NULL,0,0,'0',0,NULL,0.00,'0',0,NULL,0.02,0.00,2,0.00,0.00,0,0.00,0.02,NULL,1484071036,900,0,0,0),(3,'2017011157511005323722',4,4,0,'kts_01101164384151',0,0,0,NULL,2,0,'0',2,'支付宝',0.00,'2017011121001004770283041768',1484071318,NULL,0.01,0.00,1,0.00,0.00,0,0.00,0.01,NULL,1484071289,0,0,0,0),(4,'2017011154100991264208',4,4,0,'kts_01101164384151',3,0,0,NULL,0,0,'0',0,NULL,0.00,'0',0,NULL,0.01,0.00,1,0.00,0.00,0,0.00,0.01,NULL,1484072806,900,0,0,0),(5,'2017011149525054347482',4,4,0,'kts_01101164384151',0,0,0,NULL,2,0,'0',2,'支付宝',0.00,'2017011121001004770283054922',1484073245,NULL,0.01,0.00,1,0.00,0.00,0,0.00,0.01,NULL,1484073233,0,0,0,0),(6,'2017011348481005722666',1,1,0,'将计就妓',3,0,0,NULL,0,0,'0',0,NULL,0.00,'0',0,NULL,28.00,0.00,1,0.00,0.00,0,0.00,28.00,NULL,1484287264,900,0,0,0),(7,'2017011450101101656618',1,11,0,'士加堡主机',4,0,0,NULL,0,0,'0',0,NULL,0.00,'0',0,NULL,25.00,0.00,1,0.00,0.00,0,0.00,25.00,NULL,1484373106,1800,0,0,0),(8,'2017011448975355465466',1,11,0,'士加堡主机',4,0,0,NULL,0,0,'0',0,NULL,0.00,'0',0,NULL,25.00,0.00,1,0.00,0.00,0,0.00,25.00,NULL,1484373920,1800,0,0,0),(9,'2017011499971024429362',1,11,0,'士加堡主机',4,0,0,NULL,0,0,'0',0,NULL,0.00,'0',0,NULL,25.00,0.00,1,0.00,0.00,0,0.00,25.00,NULL,1484373932,1800,0,0,0),(10,'2017011497991015566546',1,11,0,'士加堡主机',4,0,0,NULL,0,0,'0',0,NULL,0.00,'0',0,NULL,25.00,0.00,1,0.00,0.00,0,0.00,25.00,NULL,1484373978,1800,0,0,0),(11,'2017011610153485683046',7,11,0,'士加堡主机',3,0,0,NULL,0,0,'0',0,NULL,0.00,'0',0,NULL,25.00,0.00,1,0.00,0.00,0,0.00,25.00,NULL,1484534494,1800,0,0,0),(12,'2017011655521029645944',7,6,0,'心所欲不逾矩',3,0,0,NULL,0,0,'0',0,NULL,0.00,'0',0,NULL,49.50,0.00,1,0.00,0.00,0,0.00,49.50,NULL,1484534535,1800,0,0,0),(13,'2017011699975451581448',7,6,0,'心所欲不逾矩',3,0,0,NULL,0,0,'0',0,NULL,0.00,'0',0,NULL,49.50,0.00,1,0.00,0.00,0,0.00,49.50,NULL,1484534556,1800,0,0,0),(14,'2017011699545448246338',7,6,0,'心所欲不逾矩',3,0,0,NULL,0,0,'0',0,NULL,0.00,'0',0,NULL,49.50,0.00,1,0.00,0.00,0,0.00,49.50,NULL,1484534572,1800,0,0,0),(15,'2017012610055485068678',4,7,0,'',3,0,0,NULL,0,0,'0',0,NULL,0.00,'0',0,NULL,506.00,10.00,1,0.00,0.00,0,0.00,516.00,NULL,1485440893,1800,0,0,0),(16,'2017020856539949494721',2,6,0,'心所欲不逾矩',3,0,0,NULL,0,0,'0',0,NULL,0.00,'0',0,NULL,49.50,0.00,1,0.00,0.00,0,0.00,49.50,NULL,1486541000,1800,0,0,0),(17,'2017021597554898414762',4,1,0,'将计就妓',4,0,0,NULL,0,0,'0',0,NULL,0.00,'0',0,NULL,26.00,0.00,1,0.00,0.00,0,0.00,26.00,NULL,1487143210,1800,0,0,0);
/*!40000 ALTER TABLE `kts_order` ENABLE KEYS */;
UNLOCK TABLES;

--
-- Table structure for table `kts_order_action`
--

DROP TABLE IF EXISTS `kts_order_action`;
/*!40101 SET @saved_cs_client     = @@character_set_client */;
/*!40101 SET character_set_client = utf8 */;
CREATE TABLE `kts_order_action` (
  `action_id` mediumint(8) unsigned NOT NULL AUTO_INCREMENT COMMENT '订单编号',
  `order_id` mediumint(8) unsigned NOT NULL DEFAULT '0' COMMENT '被操作的交易号',
  `action_user` varchar(30) NOT NULL COMMENT '操作该次的人员',
  `order_status` tinyint(1) unsigned NOT NULL DEFAULT '0' COMMENT '作何操作.0 未确认 1已确认 2 无效 3取消订单 4删除订单 5 已完成待评价 6 已评价',
  `shipping_status` tinyint(1) unsigned NOT NULL DEFAULT '0' COMMENT '发货状态。0，未发货；1，已发货；2，已收货；3，备货中',
  `pay_status` tinyint(1) unsigned NOT NULL DEFAULT '0' COMMENT '支付状态.0，未付款；1，付款中；2，已付款，3退款中 ，4已退款',
  `action_note` varchar(255) NOT NULL COMMENT '操作备注',
  `status_desc` varchar(60) NOT NULL DEFAULT '0' COMMENT '操作状态',
  `log_time` int(11) unsigned NOT NULL DEFAULT '0' COMMENT '操作时间',
  PRIMARY KEY (`action_id`),
  KEY `rec_id` (`order_id`)
) ENGINE=InnoDB AUTO_INCREMENT=40 DEFAULT CHARSET=utf8mb4 COMMENT='对订单操作日志表';
/*!40101 SET character_set_client = @saved_cs_client */;

--
-- Dumping data for table `kts_order_action`
--

LOCK TABLES `kts_order_action` WRITE;
/*!40000 ALTER TABLE `kts_order_action` DISABLE KEYS */;
INSERT INTO `kts_order_action` VALUES (1,1,'4',0,0,0,'您提交了订单，请等待系统确认','提交订单',1484070940),(2,2,'4',0,0,0,'您提交了订单，请等待系统确认','提交订单',1484071036),(3,2,'4',3,0,0,'您取消了订单','取消订单',1484071090),(4,1,'4',3,0,0,'您取消了订单','取消订单',1484071102),(5,3,'4',0,0,0,'您提交了订单，请等待系统确认','提交订单',1484071289),(6,4,'4',0,0,0,'您提交了订单，请等待系统确认','提交订单',1484072806),(7,5,'4',0,0,0,'您提交了订单，请等待系统确认','提交订单',1484073233),(8,5,'4',0,0,2,'订单付款成功','付款成功',1484073245),(9,3,'4',0,0,2,'订单付款成功','付款成功',1484076625),(10,6,'1',0,0,0,'您提交了订单，请等待系统确认','提交订单',1484287264),(11,7,'1',0,0,0,'您提交了订单，请等待系统确认','提交订单',1484373106),(12,8,'1',0,0,0,'您提交了订单，请等待系统确认','提交订单',1484373920),(13,9,'1',0,0,0,'您提交了订单，请等待系统确认','提交订单',1484373932),(14,10,'1',0,0,0,'您提交了订单，请等待系统确认','提交订单',1484373978),(15,11,'7',0,0,0,'您提交了订单，请等待系统确认','提交订单',1484534494),(16,12,'7',0,0,0,'您提交了订单，请等待系统确认','提交订单',1484534535),(17,13,'7',0,0,0,'您提交了订单，请等待系统确认','提交订单',1484534556),(18,14,'7',0,0,0,'您提交了订单，请等待系统确认','提交订单',1484534572),(19,4,'4',3,0,0,'超时取消订单','取消',1484555461),(20,6,'1',3,0,0,'超时取消订单','取消',1484555461),(21,7,'1',3,0,0,'超时取消订单','取消',1484555461),(22,8,'1',3,0,0,'超时取消订单','取消',1484555461),(23,9,'1',3,0,0,'超时取消订单','取消',1484555461),(24,10,'1',3,0,0,'超时取消订单','取消',1484555461),(25,11,'7',3,0,0,'超时取消订单','取消',1484555461),(26,12,'7',3,0,0,'超时取消订单','取消',1484555461),(27,13,'7',3,0,0,'超时取消订单','取消',1484555461),(28,14,'7',3,0,0,'超时取消订单','取消',1484555461),(29,10,'1',4,0,0,'删除订单','0',1484618213),(30,9,'1',4,0,0,'删除订单','0',1484618219),(31,8,'1',4,0,0,'删除订单','0',1484618229),(32,15,'4',0,0,0,'您提交了订单，请等待系统确认','提交订单',1485440893),(33,15,'4',3,0,0,'超时取消订单','取消',1485441841),(34,7,'1',4,0,0,'删除订单','0',1486373425),(35,16,'2',0,0,0,'您提交了订单，请等待系统确认','提交订单',1486541000),(36,16,'2',3,0,0,'超时取消订单','取消',1486541941),(37,17,'4',0,0,0,'您提交了订单，请等待系统确认','提交订单',1487143210),(38,17,'4',3,0,0,'超时取消订单','取消',1487144161),(39,17,'4',4,0,0,'删除订单','0',1487319432);
/*!40000 ALTER TABLE `kts_order_action` ENABLE KEYS */;
UNLOCK TABLES;

--
-- Table structure for table `kts_order_comment`
--

DROP TABLE IF EXISTS `kts_order_comment`;
/*!40101 SET @saved_cs_client     = @@character_set_client */;
/*!40101 SET character_set_client = utf8 */;
CREATE TABLE `kts_order_comment` (
  `comment_id` int(10) unsigned NOT NULL AUTO_INCREMENT COMMENT '评论id',
  `book_id` mediumint(8) unsigned NOT NULL DEFAULT '0' COMMENT '图书的id',
  `username` varchar(60) NOT NULL DEFAULT '' COMMENT '用户名',
  `content` text NOT NULL COMMENT '评论内容',
  `add_time` int(10) unsigned NOT NULL DEFAULT '0' COMMENT '添加时间',
  `ip_address` varchar(15) NOT NULL DEFAULT '' COMMENT 'ip地址',
  `is_show` tinyint(1) unsigned NOT NULL DEFAULT '0' COMMENT '是否显示',
  `user_id` int(10) unsigned NOT NULL DEFAULT '0' COMMENT '评论用户',
  `img` text COMMENT '晒单图片',
  `order_id` mediumint(8) DEFAULT NULL COMMENT '订单id',
  `goods_rank` tinyint(1) DEFAULT NULL COMMENT '商品评价等级',
  `parent_id` int(10) unsigned NOT NULL DEFAULT '0' COMMENT '父ID',
  PRIMARY KEY (`comment_id`),
  KEY `book_id` (`book_id`)
) ENGINE=InnoDB DEFAULT CHARSET=utf8mb4;
/*!40101 SET character_set_client = @saved_cs_client */;

--
-- Dumping data for table `kts_order_comment`
--

LOCK TABLES `kts_order_comment` WRITE;
/*!40000 ALTER TABLE `kts_order_comment` DISABLE KEYS */;
/*!40000 ALTER TABLE `kts_order_comment` ENABLE KEYS */;
UNLOCK TABLES;

--
-- Table structure for table `kts_order_goods`
--

DROP TABLE IF EXISTS `kts_order_goods`;
/*!40101 SET @saved_cs_client     = @@character_set_client */;
/*!40101 SET character_set_client = utf8 */;
CREATE TABLE `kts_order_goods` (
  `id` int(10) unsigned NOT NULL AUTO_INCREMENT,
  `order_id` int(10) unsigned NOT NULL DEFAULT '0' COMMENT '订单ID',
  `book_id` int(8) unsigned DEFAULT NULL,
  `type` tinyint(3) unsigned NOT NULL DEFAULT '1' COMMENT '书类型 1表示普通书，0表示二手书',
  `book_name` varchar(120) NOT NULL DEFAULT '' COMMENT '书名',
  `book_desc` varchar(50) DEFAULT NULL COMMENT '图书简介',
  `shop_id` int(11) NOT NULL DEFAULT '0' COMMENT '店家的id',
  `shop_name` varchar(60) DEFAULT NULL COMMENT '店家名字',
  `goods_number` int(8) DEFAULT '1' COMMENT '购买数量',
  `book_thumb` varchar(128) NOT NULL DEFAULT '' COMMENT '图书缩略图',
  `book_number` varchar(64) NOT NULL DEFAULT '' COMMENT '图书编号',
  `publish_price` decimal(10,2) NOT NULL DEFAULT '0.00' COMMENT '出版价格',
  `book_price` decimal(10,2) NOT NULL DEFAULT '0.00' COMMENT '售货价格',
  `book_attr` varchar(50) DEFAULT NULL COMMENT '图书成色',
  `act_id` mediumint(8) NOT NULL DEFAULT '0' COMMENT '参加的优惠活动的id',
  `goods_fee` decimal(10,2) unsigned NOT NULL DEFAULT '0.00' COMMENT '小计',
  `is_show` tinyint(1) NOT NULL DEFAULT '1' COMMENT '是否展示，0：隐藏，1展示',
  PRIMARY KEY (`id`),
  KEY `rec_id` (`book_id`),
  KEY `order_id` (`order_id`)
) ENGINE=InnoDB AUTO_INCREMENT=18 DEFAULT CHARSET=utf8mb4 COMMENT='订单商品表';
/*!40101 SET character_set_client = @saved_cs_client */;

--
-- Dumping data for table `kts_order_goods`
--

LOCK TABLES `kts_order_goods` WRITE;
/*!40000 ALTER TABLE `kts_order_goods` DISABLE KEYS */;
INSERT INTO `kts_order_goods` VALUES (1,1,2,0,'酒店顾客抱怨管理','',0,'kts_01101164384151',1,'FvMPjx0BY8b4TWs6eG4qsv95g8od','9787806536711',1.00,0.01,'六至八成新',0,0.01,1),(2,2,2,0,'酒店顾客抱怨管理','',4,'kts_01101164384151',2,'http://7xqdi4.com1.z0.glb.clouddn.com/FvMPjx0BY8b4TWs6eG4qsv95g8od','9787806536711',1.00,0.01,'六至八成新',0,0.02,1),(3,3,2,0,'酒店顾客抱怨管理','',0,'kts_01101164384151',1,'FvMPjx0BY8b4TWs6eG4qsv95g8od','9787806536711',1.00,0.01,'六至八成新',0,0.01,1),(4,4,2,0,'酒店顾客抱怨管理','',0,'kts_01101164384151',1,'FvMPjx0BY8b4TWs6eG4qsv95g8od','9787806536711',1.00,0.01,'六至八成新',0,0.01,1),(5,5,2,0,'酒店顾客抱怨管理','',0,'kts_01101164384151',1,'FvMPjx0BY8b4TWs6eG4qsv95g8od','9787806536711',1.00,0.01,'六至八成新',0,0.01,1),(6,6,7,0,'浙江福建古村落自助游','古村落自助游',0,'将计就妓',1,'Fvb8wApV0TPcNwRsNb54vxUAgRV6','9787806537053',28.00,28.00,'六至八成新',0,28.00,1),(7,7,21,0,'经济解释卷一： 科学说需求 （神州增订版）','',0,'士加堡主机',1,'FlR56oTu5S4be_vIPtxQme08L5aQ','9787508620831',25.00,25.00,'九成新',0,25.00,1),(8,8,21,0,'经济解释卷一： 科学说需求 （神州增订版）','',0,'士加堡主机',1,'FlR56oTu5S4be_vIPtxQme08L5aQ','9787508620831',25.00,25.00,'九成新',0,25.00,1),(9,9,21,0,'经济解释卷一： 科学说需求 （神州增订版）','',0,'士加堡主机',1,'FlR56oTu5S4be_vIPtxQme08L5aQ','9787508620831',25.00,25.00,'九成新',0,25.00,1),(10,10,21,0,'经济解释卷一： 科学说需求 （神州增订版）','',0,'士加堡主机',1,'FlR56oTu5S4be_vIPtxQme08L5aQ','9787508620831',25.00,25.00,'九成新',0,25.00,1),(11,11,21,0,'经济解释卷一： 科学说需求 （神州增订版）','',0,'士加堡主机',1,'FlR56oTu5S4be_vIPtxQme08L5aQ','9787508620831',25.00,25.00,'九成新',0,25.00,1),(12,12,42,0,'逃离','',0,'心所欲不逾矩',1,'Fur9N9fgSbp8DCaZ76b1jc6s943K','9787530216224',49.50,49.50,'九成新',0,49.50,1),(13,13,42,0,'逃离','',0,'心所欲不逾矩',1,'Fur9N9fgSbp8DCaZ76b1jc6s943K','9787530216224',49.50,49.50,'九成新',0,49.50,1),(14,14,42,0,'逃离','',0,'心所欲不逾矩',1,'Fur9N9fgSbp8DCaZ76b1jc6s943K','9787530216224',49.50,49.50,'九成新',0,49.50,1),(15,15,64,0,'浙江福建古村落自助游','0',0,'',1,'FiLlITDXl3u0oKO8dIR9FbUAwzJp','9787806531094',0.00,506.00,'九成新',0,506.00,1),(16,16,42,0,'逃离','0',6,'心所欲不逾矩',1,'http://7xqdi4.com1.z0.glb.clouddn.com/Fur9N9fgSbp8DCaZ76b1jc6s943K','9787530216224',49.50,49.50,'九成新',0,49.50,1),(17,17,73,0,'十月怀胎医学手册','没看过真没看过',0,'将计就妓',1,'1487140453302','9787806533925',26.00,26.00,'九成新',0,26.00,1);
/*!40000 ALTER TABLE `kts_order_goods` ENABLE KEYS */;
UNLOCK TABLES;

--
-- Table structure for table `kts_order_info`
--

DROP TABLE IF EXISTS `kts_order_info`;
/*!40101 SET @saved_cs_client     = @@character_set_client */;
/*!40101 SET character_set_client = utf8 */;
CREATE TABLE `kts_order_info` (
  `info_id` mediumint(8) unsigned NOT NULL COMMENT '订单ID',
  `consignee` varchar(60) NOT NULL COMMENT '收货人的姓名，默认取值于表user_address',
  `province` varchar(30) NOT NULL DEFAULT '0' COMMENT '收货人的省份',
  `city` varchar(30) NOT NULL DEFAULT '0' COMMENT '收货人的城市',
  `street` varchar(50) DEFAULT NULL COMMENT '街道',
  `district` varchar(30) NOT NULL DEFAULT '0' COMMENT '收货人的地区',
  `address` varchar(255) NOT NULL DEFAULT '0' COMMENT '收货人的详细地址，默认取值于表user_address',
  `tel` varchar(60) NOT NULL DEFAULT '0' COMMENT '收货人的电话，默认取值于表user_address',
  `mobile` varchar(60) NOT NULL COMMENT '收货人的手机，默认取值于表user_address',
  `zipcode` varchar(25) DEFAULT NULL COMMENT '邮编',
  `postscript` varchar(255) DEFAULT NULL COMMENT '订单附言，由用户提交订单前填写',
  PRIMARY KEY (`info_id`)
) ENGINE=InnoDB DEFAULT CHARSET=utf8mb4 COMMENT='订单的配送，地址等详细信息';
/*!40101 SET character_set_client = @saved_cs_client */;

--
-- Dumping data for table `kts_order_info`
--

LOCK TABLES `kts_order_info` WRITE;
/*!40000 ALTER TABLE `kts_order_info` DISABLE KEYS */;
INSERT INTO `kts_order_info` VALUES (1,'陈伙佳','江苏省','常州市',NULL,'新北区','东海','0','13725474374',NULL,''),(2,'陈伙佳','江苏省','常州市',NULL,'新北区','东海','0','13725474374',NULL,''),(3,'陈伙佳','江苏省','常州市',NULL,'新北区','东海','0','13725474374',NULL,''),(4,'陈伙佳','江苏省','常州市',NULL,'新北区','东海','0','13725474374',NULL,''),(5,'陈伙佳','江苏省','常州市',NULL,'新北区','东海','0','13725474374',NULL,''),(6,'呵呵','广东省','广州市',NULL,'从化市','广州从化市温泉镇','0','13676238786',NULL,''),(7,'呵呵','广东省','广州市',NULL,'从化市','广州从化市温泉镇','0','13676238786',NULL,''),(8,'呵呵','广东省','广州市',NULL,'从化市','广州从化市温泉镇','0','13676238786',NULL,''),(9,'呵呵','广东省','广州市',NULL,'从化市','广州从化市温泉镇','0','13676238786',NULL,''),(10,'呵呵','广东省','广州市',NULL,'从化市','广州从化市温泉镇','0','13676238786',NULL,''),(11,'路家浩','甘肃省','白银市',NULL,'白银区','打火机的','0','15013539538',NULL,''),(12,'路家浩','甘肃省','白银市',NULL,'白银区','打火机的','0','15013539538',NULL,''),(13,'路家浩','甘肃省','白银市',NULL,'白银区','打火机的','0','15013539538',NULL,''),(14,'路家浩','甘肃省','白银市',NULL,'白银区','打火机的','0','15013539538',NULL,''),(15,'陈伙佳','江苏省','常州市',NULL,'新北区','东海','0','13725474374',NULL,''),(16,'陈伙佳','江苏省','常州市',NULL,'新北区','大学城华工生活区','0','13570315105',NULL,''),(17,'陈伙佳','江苏省','常州市',NULL,'新北区','东海','0','13725474374',NULL,'');
/*!40000 ALTER TABLE `kts_order_info` ENABLE KEYS */;
UNLOCK TABLES;

--
-- Table structure for table `kts_order_refund`
--

DROP TABLE IF EXISTS `kts_order_refund`;
/*!40101 SET @saved_cs_client     = @@character_set_client */;
/*!40101 SET character_set_client = utf8 */;
CREATE TABLE `kts_order_refund` (
  `refund_id` mediumint(8) NOT NULL AUTO_INCREMENT,
  `order_id` mediumint(8) unsigned NOT NULL DEFAULT '0' COMMENT '商品的id，取自表order的order_id',
  `reason` varchar(255) DEFAULT NULL COMMENT '原因',
  `user_id` int(11) unsigned NOT NULL DEFAULT '0' COMMENT '用户id，',
  `goods_return` tinyint(1) NOT NULL DEFAULT '1' COMMENT '是否退货，0不退货、1退货',
  `apply_price` decimal(10,2) NOT NULL DEFAULT '0.00' COMMENT '申请退款金额',
  `addtime` int(11) NOT NULL DEFAULT '0' COMMENT '提交时间',
  `shop_id` int(11) DEFAULT '0' COMMENT '商铺的id',
  `sell_id` int(10) unsigned NOT NULL DEFAULT '0',
  `is_agree` tinyint(1) NOT NULL DEFAULT '2' COMMENT '是否同意，0不同意、1同意、2未选择',
  `reply` varchar(255) DEFAULT NULL COMMENT '回复',
  `reply_price` decimal(10,2) NOT NULL DEFAULT '0.00' COMMENT '同意退款金额',
  `replytime` int(11) NOT NULL DEFAULT '0' COMMENT '回复时间',
  `instructions` varchar(255) DEFAULT NULL COMMENT '退款说明',
  PRIMARY KEY (`refund_id`),
  KEY `order_id` (`order_id`) USING BTREE
) ENGINE=InnoDB DEFAULT CHARSET=utf8mb4 COMMENT='订单退款表';
/*!40101 SET character_set_client = @saved_cs_client */;

--
-- Dumping data for table `kts_order_refund`
--

LOCK TABLES `kts_order_refund` WRITE;
/*!40000 ALTER TABLE `kts_order_refund` DISABLE KEYS */;
/*!40000 ALTER TABLE `kts_order_refund` ENABLE KEYS */;
UNLOCK TABLES;

--
-- Table structure for table `kts_payment`
--

DROP TABLE IF EXISTS `kts_payment`;
/*!40101 SET @saved_cs_client     = @@character_set_client */;
/*!40101 SET character_set_client = utf8 */;
CREATE TABLE `kts_payment` (
  `pay_id` int(10) unsigned NOT NULL AUTO_INCREMENT,
  `pay_name` varchar(120) NOT NULL COMMENT '支付方式名称',
  `pay_fee` varchar(10) NOT NULL DEFAULT '0' COMMENT '支付费用',
  `pay_desc` text NOT NULL COMMENT '支付方式描述',
  `pay_order` tinyint(3) unsigned NOT NULL DEFAULT '0' COMMENT '支付方式在页面的显示顺序',
  `pay_config` text NOT NULL COMMENT '支付方式的配置信息，包括商户号和密钥什么的',
  `enabled` tinyint(1) unsigned NOT NULL DEFAULT '0' COMMENT '是否可用，0，否；1，是',
  `is_cod` tinyint(1) unsigned NOT NULL DEFAULT '0' COMMENT '是否货到付款，0，否；1，是',
  `is_online` tinyint(1) unsigned NOT NULL DEFAULT '0' COMMENT '是否在线支付，0，否；1，是',
  PRIMARY KEY (`pay_id`)
) ENGINE=InnoDB DEFAULT CHARSET=utf8mb4 COMMENT='支付方式表';
/*!40101 SET character_set_client = @saved_cs_client */;

--
-- Dumping data for table `kts_payment`
--

LOCK TABLES `kts_payment` WRITE;
/*!40000 ALTER TABLE `kts_payment` DISABLE KEYS */;
/*!40000 ALTER TABLE `kts_payment` ENABLE KEYS */;
UNLOCK TABLES;

--
-- Table structure for table `kts_press`
--

DROP TABLE IF EXISTS `kts_press`;
/*!40101 SET @saved_cs_client     = @@character_set_client */;
/*!40101 SET character_set_client = utf8 */;
CREATE TABLE `kts_press` (
  `p_id` int(10) unsigned NOT NULL AUTO_INCREMENT COMMENT '出版社ID',
  `name` varchar(255) COLLATE utf8mb4_bin DEFAULT NULL COMMENT '出版社名称',
  `www` varchar(255) COLLATE utf8mb4_bin DEFAULT NULL COMMENT '网址',
  `address` varchar(255) COLLATE utf8mb4_bin DEFAULT NULL COMMENT '地址',
  `is_show` tinyint(4) NOT NULL DEFAULT '1' COMMENT '是否显示 0隐藏 1展示',
  PRIMARY KEY (`p_id`)
) ENGINE=InnoDB DEFAULT CHARSET=utf8mb4 COLLATE=utf8mb4_bin;
/*!40101 SET character_set_client = @saved_cs_client */;

--
-- Dumping data for table `kts_press`
--

LOCK TABLES `kts_press` WRITE;
/*!40000 ALTER TABLE `kts_press` DISABLE KEYS */;
/*!40000 ALTER TABLE `kts_press` ENABLE KEYS */;
UNLOCK TABLES;

--
-- Table structure for table `kts_province`
--

DROP TABLE IF EXISTS `kts_province`;
/*!40101 SET @saved_cs_client     = @@character_set_client */;
/*!40101 SET character_set_client = utf8 */;
CREATE TABLE `kts_province` (
  `id` tinyint(4) NOT NULL AUTO_INCREMENT,
  `province_id` varchar(6) NOT NULL COMMENT '省份编号',
  `province` varchar(20) NOT NULL COMMENT '省份名称',
  `open` tinyint(1) DEFAULT '0' COMMENT '是否开放 0不开放，1开放',
  PRIMARY KEY (`id`)
) ENGINE=InnoDB AUTO_INCREMENT=35 DEFAULT CHARSET=utf8mb4 COMMENT='省份表';
/*!40101 SET character_set_client = @saved_cs_client */;

--
-- Dumping data for table `kts_province`
--

LOCK TABLES `kts_province` WRITE;
/*!40000 ALTER TABLE `kts_province` DISABLE KEYS */;
INSERT INTO `kts_province` VALUES (1,'110000','北京',0),(2,'120000','天津',0),(3,'130000','河北',0),(4,'140000','山西',0),(5,'150000','内蒙古',0),(6,'210000','辽宁',0),(7,'220000','吉林',0),(8,'230000','黑龙江',0),(9,'310000','上海',0),(10,'320000','江苏',0),(11,'330000','浙江',0),(12,'340000','安徽',0),(13,'350000','福建',0),(14,'360000','江西',0),(15,'370000','山东',0),(16,'410000','河南',0),(17,'420000','湖北',0),(18,'430000','湖南',0),(19,'440000','广东',1),(20,'450000','广西',0),(21,'460000','海南',0),(22,'500000','重庆',0),(23,'510000','四川',0),(24,'520000','贵州',0),(25,'530000','云南',0),(26,'540000','西藏自治区',0),(27,'610000','陕西省',0),(28,'620000','甘肃省',0),(29,'630000','青海省',0),(30,'640000','宁夏回族自治区',0),(31,'650000','新疆维吾尔自治区',0),(32,'710000','台湾',0),(33,'810000','香港',0),(34,'820000','澳门',0);
/*!40000 ALTER TABLE `kts_province` ENABLE KEYS */;
UNLOCK TABLES;

--
-- Table structure for table `kts_remind`
--

DROP TABLE IF EXISTS `kts_remind`;
/*!40101 SET @saved_cs_client     = @@character_set_client */;
/*!40101 SET character_set_client = utf8 */;
CREATE TABLE `kts_remind` (
  `remind_id` mediumint(8) unsigned NOT NULL AUTO_INCREMENT,
  `type` tinyint(3) unsigned DEFAULT '1' COMMENT '消息类型 1发货提醒',
  `title` varchar(100) NOT NULL COMMENT '消息标题',
  `content` varchar(32) NOT NULL COMMENT 'ID存放',
  `customer_user` int(11) unsigned NOT NULL DEFAULT '0' COMMENT '提醒用户的id',
  `customer_name` varchar(30) DEFAULT NULL COMMENT '提醒用户的姓名',
  `customer_phone` varchar(30) DEFAULT NULL COMMENT '提醒用户的电话',
  `addtime` int(8) unsigned DEFAULT NULL COMMENT '创建时间',
  `state` tinyint(3) unsigned DEFAULT '0' COMMENT '消息状态 0未读，1已读',
  `is_show` tinyint(1) unsigned DEFAULT '1' COMMENT '显示状态 0未隐藏，1显示',
  `shop_id` int(11) NOT NULL DEFAULT '0' COMMENT '商铺的id',
  `personal_id` int(10) unsigned DEFAULT '0',
  PRIMARY KEY (`remind_id`)
) ENGINE=InnoDB DEFAULT CHARSET=utf8mb4 COMMENT='提醒表';
/*!40101 SET character_set_client = @saved_cs_client */;

--
-- Dumping data for table `kts_remind`
--

LOCK TABLES `kts_remind` WRITE;
/*!40000 ALTER TABLE `kts_remind` DISABLE KEYS */;
/*!40000 ALTER TABLE `kts_remind` ENABLE KEYS */;
UNLOCK TABLES;

--
-- Table structure for table `kts_rules`
--

DROP TABLE IF EXISTS `kts_rules`;
/*!40101 SET @saved_cs_client     = @@character_set_client */;
/*!40101 SET character_set_client = utf8 */;
CREATE TABLE `kts_rules` (
  `rules_id` mediumint(8) unsigned NOT NULL AUTO_INCREMENT,
  `type` tinyint(3) unsigned DEFAULT '1' COMMENT '类型 1积分介绍',
  `title` varchar(100) NOT NULL COMMENT '标题',
  `content` varchar(800) NOT NULL COMMENT '内容',
  `addtime` int(8) unsigned DEFAULT NULL COMMENT '创建时间',
  `is_show` tinyint(1) unsigned DEFAULT '1' COMMENT '是否显示 0隐藏，1显示',
  `click_time` int(8) NOT NULL DEFAULT '0' COMMENT '点击次数',
  `url` varchar(100) DEFAULT NULL COMMENT '跳转地址',
  `sorts` tinyint(3) unsigned DEFAULT '0' COMMENT '排序,值越大越前面',
  PRIMARY KEY (`rules_id`)
) ENGINE=InnoDB AUTO_INCREMENT=3 DEFAULT CHARSET=utf8mb4 COMMENT='规则说明表';
/*!40101 SET character_set_client = @saved_cs_client */;

--
-- Dumping data for table `kts_rules`
--

LOCK TABLES `kts_rules` WRITE;
/*!40000 ALTER TABLE `kts_rules` DISABLE KEYS */;
INSERT INTO `kts_rules` VALUES (1,1,'积分可以转移给别人？','亲，积分暂时只能自己使用',NULL,1,0,NULL,0),(2,1,'如何获取积分','每日登录+5 连续登录+10;|分享图书每本+5，每日上限5次（删除分享的图书扣除已获得积分）;|购买图书每本+5，无上限;|发帖+5，每日上限3次（删除帖子扣除已获得积分）;|回帖+2，每日上限50次（删除帖子扣除已获得积分）;|精品贴（置顶帖）+10，无上限; |每日阅读电子书10分钟+10，仅1次; |参与其他活动获取奖励积分;',NULL,1,0,NULL,0);
/*!40000 ALTER TABLE `kts_rules` ENABLE KEYS */;
UNLOCK TABLES;

--
-- Table structure for table `kts_shipping`
--

DROP TABLE IF EXISTS `kts_shipping`;
/*!40101 SET @saved_cs_client     = @@character_set_client */;
/*!40101 SET character_set_client = utf8 */;
CREATE TABLE `kts_shipping` (
  `shipping_id` tinyint(3) unsigned NOT NULL AUTO_INCREMENT COMMENT '表 id',
  `shipping_code` varchar(20) NOT NULL DEFAULT '' COMMENT '快递代号',
  `shipping_name` varchar(120) NOT NULL DEFAULT '' COMMENT '快递名称',
  `shipping_desc` varchar(255) NOT NULL DEFAULT '' COMMENT '描述',
  `insure` varchar(10) NOT NULL DEFAULT '0' COMMENT '保险',
  `enabled` tinyint(1) unsigned NOT NULL DEFAULT '0' COMMENT '是否开启',
  PRIMARY KEY (`shipping_id`),
  KEY `shipping_code` (`shipping_code`,`enabled`) USING BTREE
) ENGINE=InnoDB DEFAULT CHARSET=utf8mb4;
/*!40101 SET character_set_client = @saved_cs_client */;

--
-- Dumping data for table `kts_shipping`
--

LOCK TABLES `kts_shipping` WRITE;
/*!40000 ALTER TABLE `kts_shipping` DISABLE KEYS */;
/*!40000 ALTER TABLE `kts_shipping` ENABLE KEYS */;
UNLOCK TABLES;

--
-- Table structure for table `kts_shipping_area`
--

DROP TABLE IF EXISTS `kts_shipping_area`;
/*!40101 SET @saved_cs_client     = @@character_set_client */;
/*!40101 SET character_set_client = utf8 */;
CREATE TABLE `kts_shipping_area` (
  `shipping_area_id` smallint(5) unsigned NOT NULL AUTO_INCREMENT COMMENT '表id',
  `shipping_id` int(10) unsigned NOT NULL DEFAULT '0' COMMENT '快递ID',
  `shipping_area_name` varchar(150) NOT NULL DEFAULT '' COMMENT '配送区域名称',
  `shipping_code` varchar(50) NOT NULL DEFAULT '0' COMMENT '物流id',
  `config` text NOT NULL COMMENT '配置首重续重等...序列化存储',
  `update_time` int(11) DEFAULT NULL COMMENT '更新时间',
  `is_default` tinyint(1) DEFAULT '0' COMMENT '是否默认',
  PRIMARY KEY (`shipping_area_id`),
  KEY `shipping_id` (`shipping_code`) USING BTREE
) ENGINE=InnoDB DEFAULT CHARSET=utf8mb4;
/*!40101 SET character_set_client = @saved_cs_client */;

--
-- Dumping data for table `kts_shipping_area`
--

LOCK TABLES `kts_shipping_area` WRITE;
/*!40000 ALTER TABLE `kts_shipping_area` DISABLE KEYS */;
/*!40000 ALTER TABLE `kts_shipping_area` ENABLE KEYS */;
UNLOCK TABLES;

--
-- Table structure for table `kts_shop`
--

DROP TABLE IF EXISTS `kts_shop`;
/*!40101 SET @saved_cs_client     = @@character_set_client */;
/*!40101 SET character_set_client = utf8 */;
CREATE TABLE `kts_shop` (
  `shop_id` int(10) unsigned NOT NULL AUTO_INCREMENT COMMENT '店铺ID',
  `user_id` int(10) unsigned NOT NULL DEFAULT '0' COMMENT '店主ID',
  `username` varchar(50) DEFAULT NULL COMMENT '店主',
  `shop_name` varchar(255) NOT NULL COMMENT '店铺名',
  `introduction` varchar(255) DEFAULT NULL COMMENT '店铺公告',
  `shop_addr` varchar(100) NOT NULL DEFAULT '' COMMENT '店铺地址',
  `longitude` varchar(255) NOT NULL DEFAULT '0' COMMENT '经度',
  `latitude` varchar(255) NOT NULL DEFAULT '0' COMMENT '纬度',
  `geohash` varchar(50) NOT NULL DEFAULT '' COMMENT '经度和纬度坐标点',
  `shop_logo` varchar(255) DEFAULT NULL COMMENT '店铺logo',
  `create_time` int(11) NOT NULL DEFAULT '0' COMMENT '创建时间',
  `book_num` int(10) unsigned NOT NULL DEFAULT '0',
  `on_book` int(11) NOT NULL DEFAULT '0' COMMENT '上架数目',
  `under_book` int(11) NOT NULL DEFAULT '0' COMMENT '下架数目',
  `book_saless` int(10) unsigned NOT NULL DEFAULT '0' COMMENT '售出图书',
  `comment_num` int(10) unsigned NOT NULL DEFAULT '0' COMMENT '评论数',
  `collect_num` int(10) unsigned NOT NULL DEFAULT '0' COMMENT '收藏数',
  `visit_num` int(10) unsigned NOT NULL DEFAULT '0' COMMENT '浏览量',
  `income_num` decimal(10,2) NOT NULL DEFAULT '0.00' COMMENT '总收入',
  `is_show` tinyint(3) unsigned NOT NULL DEFAULT '1' COMMENT '是否收回店铺 1不收回 0收回',
  `apply_id` int(10) unsigned NOT NULL DEFAULT '0' COMMENT '申请店铺认证id',
  PRIMARY KEY (`shop_id`)
) ENGINE=InnoDB AUTO_INCREMENT=2 DEFAULT CHARSET=utf8mb4;
/*!40101 SET character_set_client = @saved_cs_client */;

--
-- Dumping data for table `kts_shop`
--

LOCK TABLES `kts_shop` WRITE;
/*!40000 ALTER TABLE `kts_shop` DISABLE KEYS */;
INSERT INTO `kts_shop` VALUES (1,20,'快图书','快图书','大把书','广州市白云区石门街鸦岗沙场路自编48号410房','113.410505','23.115262','',NULL,1487056139,0,0,0,0,0,0,0,0.00,1,1);
/*!40000 ALTER TABLE `kts_shop` ENABLE KEYS */;
UNLOCK TABLES;

--
-- Table structure for table `kts_shop_apply`
--

DROP TABLE IF EXISTS `kts_shop_apply`;
/*!40101 SET @saved_cs_client     = @@character_set_client */;
/*!40101 SET character_set_client = utf8 */;
CREATE TABLE `kts_shop_apply` (
  `id` int(11) NOT NULL AUTO_INCREMENT,
  `user_id` int(10) unsigned NOT NULL DEFAULT '0' COMMENT '申请用户id',
  `legal` varchar(100) DEFAULT NULL COMMENT '法定代表人',
  `phone` bigint(20) unsigned NOT NULL DEFAULT '0' COMMENT '手机号码',
  `shop_name` varchar(100) DEFAULT NULL COMMENT '店铺名称',
  `shop_address` varchar(200) DEFAULT NULL COMMENT '店铺地址',
  `business_license` varchar(50) DEFAULT NULL COMMENT '营业执照编号',
  `bl_time` date DEFAULT NULL COMMENT '工商营业执照有效期',
  `pbln` varchar(50) DEFAULT NULL COMMENT '出版物经营许可证编号',
  `pbln_time` date DEFAULT NULL COMMENT '出版物经营许可证有效期限',
  `business_license_img` varchar(100) DEFAULT NULL COMMENT '工商营业执照原件',
  `pbln_img` varchar(100) DEFAULT NULL COMMENT '出版物经营许可证',
  `deposit` decimal(10,2) NOT NULL DEFAULT '1000.00' COMMENT '保证金',
  `operator` varchar(50) DEFAULT NULL COMMENT '经办人姓名',
  `operator_idcard_no` varchar(50) DEFAULT NULL COMMENT '经办人身份证号码',
  `operator_phone` varchar(50) DEFAULT NULL COMMENT '经办人联系电话',
  `id_card1` varchar(100) DEFAULT NULL COMMENT '身份证原件正面',
  `id_card2` varchar(100) DEFAULT NULL COMMENT '身份证原件反面',
  `id_card3` varchar(100) DEFAULT NULL COMMENT '经办人手持身份证正面',
  `order_sn` varchar(50) NOT NULL DEFAULT '0' COMMENT '订单号',
  `pay_sn` varchar(50) NOT NULL DEFAULT '0' COMMENT '支付单号',
  `reply` varchar(100) DEFAULT NULL COMMENT '审核回复',
  `addtime` int(10) unsigned NOT NULL COMMENT '添加时间',
  `is_checked` tinyint(1) unsigned NOT NULL DEFAULT '2' COMMENT '是否审核通过 1表示审核通过 0表示不通过 2表示审核中',
  PRIMARY KEY (`id`)
) ENGINE=InnoDB AUTO_INCREMENT=2 DEFAULT CHARSET=utf8mb4 COMMENT='申请开店表';
/*!40101 SET character_set_client = @saved_cs_client */;

--
-- Dumping data for table `kts_shop_apply`
--

LOCK TABLES `kts_shop_apply` WRITE;
/*!40000 ALTER TABLE `kts_shop_apply` DISABLE KEYS */;
INSERT INTO `kts_shop_apply` VALUES (1,20,'冯杰',18078810724,'快图书','广州市白云区石门街鸦岗沙场路自编48号410房','91440111554425879','2019-01-16','4401100563','2021-03-16','businesslicence_148705580120241','businesscertificate_1487055904070181',1000.00,NULL,NULL,NULL,NULL,NULL,NULL,'2017021498545552810524','0',NULL,1487055915,1);
/*!40000 ALTER TABLE `kts_shop_apply` ENABLE KEYS */;
UNLOCK TABLES;

--
-- Table structure for table `kts_shop_apply_replace`
--

DROP TABLE IF EXISTS `kts_shop_apply_replace`;
/*!40101 SET @saved_cs_client     = @@character_set_client */;
/*!40101 SET character_set_client = utf8 */;
CREATE TABLE `kts_shop_apply_replace` (
  `id` int(11) NOT NULL AUTO_INCREMENT,
  `user_id` int(11) unsigned NOT NULL COMMENT '申请人id',
  `apply_id` int(11) unsigned NOT NULL COMMENT '申请店铺认证id',
  `reason` varchar(255) NOT NULL COMMENT '申请原因',
  `addtime` int(10) unsigned NOT NULL COMMENT '添加时间',
  `reply` varchar(255) DEFAULT NULL COMMENT '管理员回复',
  `reply_time` int(11) unsigned NOT NULL DEFAULT '0' COMMENT '审核时间',
  `is_agree` tinyint(1) unsigned NOT NULL DEFAULT '2' COMMENT '是否同意 1同意 0 否 2 未审核',
  PRIMARY KEY (`id`)
) ENGINE=MyISAM DEFAULT CHARSET=utf8mb4;
/*!40101 SET character_set_client = @saved_cs_client */;

--
-- Dumping data for table `kts_shop_apply_replace`
--

LOCK TABLES `kts_shop_apply_replace` WRITE;
/*!40000 ALTER TABLE `kts_shop_apply_replace` DISABLE KEYS */;
/*!40000 ALTER TABLE `kts_shop_apply_replace` ENABLE KEYS */;
UNLOCK TABLES;

--
-- Table structure for table `kts_shop_books`
--

DROP TABLE IF EXISTS `kts_shop_books`;
/*!40101 SET @saved_cs_client     = @@character_set_client */;
/*!40101 SET character_set_client = utf8 */;
CREATE TABLE `kts_shop_books` (
  `id` int(10) unsigned NOT NULL AUTO_INCREMENT,
  `shop_id` int(10) unsigned NOT NULL DEFAULT '2' COMMENT '店铺ID',
  `shop_logo` varchar(100) DEFAULT '0' COMMENT '店铺logo',
  `book_id` int(10) unsigned NOT NULL DEFAULT '0' COMMENT '图书ID',
  `book_number` varchar(22) NOT NULL DEFAULT '0' COMMENT '书号',
  `addtime` int(10) unsigned DEFAULT '0' COMMENT '上架时间',
  `saless_num` int(10) unsigned NOT NULL DEFAULT '0' COMMENT '销量',
  `stock` decimal(10,2) unsigned DEFAULT '8.00' COMMENT '运费',
  `is_show` tinyint(3) unsigned NOT NULL DEFAULT '0' COMMENT '上下架图书  0正常 1下架',
  PRIMARY KEY (`id`),
  KEY `shop_id` (`shop_id`) USING BTREE
) ENGINE=InnoDB DEFAULT CHARSET=utf8mb4;
/*!40101 SET character_set_client = @saved_cs_client */;

--
-- Dumping data for table `kts_shop_books`
--

LOCK TABLES `kts_shop_books` WRITE;
/*!40000 ALTER TABLE `kts_shop_books` DISABLE KEYS */;
/*!40000 ALTER TABLE `kts_shop_books` ENABLE KEYS */;
UNLOCK TABLES;

--
-- Table structure for table `kts_shop_cash_deposit`
--

DROP TABLE IF EXISTS `kts_shop_cash_deposit`;
/*!40101 SET @saved_cs_client     = @@character_set_client */;
/*!40101 SET character_set_client = utf8 */;
CREATE TABLE `kts_shop_cash_deposit` (
  `apply_id` mediumint(8) unsigned NOT NULL COMMENT '申请店铺id',
  `order_sn` varchar(50) NOT NULL DEFAULT '0' COMMENT '订单的编号',
  `user_id` int(8) unsigned NOT NULL DEFAULT '0' COMMENT '用户id，同ecs_users的user_id',
  `order_status` tinyint(1) unsigned NOT NULL DEFAULT '0' COMMENT '订单状态。0 未确认 1已确认 2 无效 3取消订单 4删除订单  5 已完成待评价 6 已评价 ',
  `pay_status` tinyint(1) unsigned NOT NULL DEFAULT '0' COMMENT '支付状态；0，未付款；1，付款中；2，已付款，3退款中 ，4已退款',
  `pay_id` tinyint(3) NOT NULL DEFAULT '0' COMMENT '用户选择的支付方式的id，取值表kts_payment',
  `pay_name` varchar(120) DEFAULT NULL COMMENT '用户选择的支付方式的名称，取值表kts_payment',
  `pay_fee` decimal(10,2) NOT NULL DEFAULT '0.00' COMMENT '支付费用',
  `pay_sn` varchar(50) NOT NULL DEFAULT '0.00' COMMENT '支付交易号 ',
  `order_amount` decimal(10,2) NOT NULL DEFAULT '0.00' COMMENT '应付款金额',
  `addtime` int(10) unsigned NOT NULL DEFAULT '0' COMMENT '订单生成时间',
  PRIMARY KEY (`apply_id`),
  UNIQUE KEY `order_sn` (`order_sn`),
  KEY `user_id` (`user_id`),
  KEY `order_status` (`order_status`),
  KEY `pay_status` (`pay_status`),
  KEY `pay_id` (`pay_id`)
) ENGINE=InnoDB DEFAULT CHARSET=utf8mb4 COMMENT='保证金订单表';
/*!40101 SET character_set_client = @saved_cs_client */;

--
-- Dumping data for table `kts_shop_cash_deposit`
--

LOCK TABLES `kts_shop_cash_deposit` WRITE;
/*!40000 ALTER TABLE `kts_shop_cash_deposit` DISABLE KEYS */;
INSERT INTO `kts_shop_cash_deposit` VALUES (1,'2017020710149535389887',1,0,0,0,NULL,0.00,'0.00',1000.00,1486447790),(2,'2017021450579752486823',19,0,0,0,NULL,0.00,'0.00',1000.00,1487054914);
/*!40000 ALTER TABLE `kts_shop_cash_deposit` ENABLE KEYS */;
UNLOCK TABLES;

--
-- Table structure for table `kts_shop_cash_deposit_action`
--

DROP TABLE IF EXISTS `kts_shop_cash_deposit_action`;
/*!40101 SET @saved_cs_client     = @@character_set_client */;
/*!40101 SET character_set_client = utf8 */;
CREATE TABLE `kts_shop_cash_deposit_action` (
  `action_id` mediumint(8) unsigned NOT NULL AUTO_INCREMENT COMMENT '订单编号',
  `order_sn` varchar(50) NOT NULL DEFAULT '0' COMMENT '被操作的交易号',
  `action_user` varchar(30) NOT NULL COMMENT '操作该次的人员',
  `order_status` tinyint(1) unsigned NOT NULL DEFAULT '0' COMMENT '作何操作.0 未确认 1已确认 2 无效 3取消订单 4删除订单 5 已完成待评价 6 已评价',
  `pay_status` tinyint(1) unsigned NOT NULL DEFAULT '0' COMMENT '支付状态.0，未付款；1，付款中；2，已付款，3退款中 ，4已退款',
  `action_note` varchar(255) NOT NULL COMMENT '操作备注',
  `status_desc` varchar(60) NOT NULL DEFAULT '0' COMMENT '操作状态',
  `log_time` int(11) unsigned NOT NULL DEFAULT '0' COMMENT '操作时间',
  PRIMARY KEY (`action_id`),
  KEY `rec_id` (`order_sn`)
) ENGINE=InnoDB AUTO_INCREMENT=3 DEFAULT CHARSET=utf8mb4 COMMENT='对订单操作日志表';
/*!40101 SET character_set_client = @saved_cs_client */;

--
-- Dumping data for table `kts_shop_cash_deposit_action`
--

LOCK TABLES `kts_shop_cash_deposit_action` WRITE;
/*!40000 ALTER TABLE `kts_shop_cash_deposit_action` DISABLE KEYS */;
INSERT INTO `kts_shop_cash_deposit_action` VALUES (1,'2017020710149535389887','1',0,0,'提交保证金','提交订单',1486447790),(2,'2017021450579752486823','19',0,0,'提交保证金','提交订单',1487054914);
/*!40000 ALTER TABLE `kts_shop_cash_deposit_action` ENABLE KEYS */;
UNLOCK TABLES;

--
-- Table structure for table `kts_shop_income`
--

DROP TABLE IF EXISTS `kts_shop_income`;
/*!40101 SET @saved_cs_client     = @@character_set_client */;
/*!40101 SET character_set_client = utf8 */;
CREATE TABLE `kts_shop_income` (
  `id` int(10) unsigned NOT NULL AUTO_INCREMENT,
  `user_id` int(10) unsigned NOT NULL DEFAULT '0' COMMENT '付款人id',
  `shop_id` int(10) unsigned NOT NULL DEFAULT '0' COMMENT '收款店铺',
  `shop_name` varchar(100) COLLATE utf8mb4_bin NOT NULL COMMENT '店铺名',
  `income` decimal(10,2) unsigned NOT NULL DEFAULT '0.00' COMMENT '收入',
  `before` decimal(10,2) NOT NULL DEFAULT '0.00' COMMENT '变动前',
  `after` decimal(10,2) NOT NULL DEFAULT '0.00' COMMENT '变动后',
  `expend` decimal(10,2) unsigned NOT NULL DEFAULT '0.00' COMMENT '支出',
  `add_time` int(10) unsigned NOT NULL DEFAULT '0' COMMENT '添加时间',
  PRIMARY KEY (`id`)
) ENGINE=InnoDB DEFAULT CHARSET=utf8mb4 COLLATE=utf8mb4_bin COMMENT='店铺收入表';
/*!40101 SET character_set_client = @saved_cs_client */;

--
-- Dumping data for table `kts_shop_income`
--

LOCK TABLES `kts_shop_income` WRITE;
/*!40000 ALTER TABLE `kts_shop_income` DISABLE KEYS */;
/*!40000 ALTER TABLE `kts_shop_income` ENABLE KEYS */;
UNLOCK TABLES;

--
-- Table structure for table `kts_shop_shipping`
--

DROP TABLE IF EXISTS `kts_shop_shipping`;
/*!40101 SET @saved_cs_client     = @@character_set_client */;
/*!40101 SET character_set_client = utf8 */;
CREATE TABLE `kts_shop_shipping` (
  `shipping_id` tinyint(3) unsigned NOT NULL AUTO_INCREMENT COMMENT '表 id',
  `shop_id` int(11) NOT NULL COMMENT '店铺ID',
  `shipping_name` varchar(20) NOT NULL DEFAULT '' COMMENT '模块名称',
  `deliver_address` varchar(120) NOT NULL DEFAULT '' COMMENT '发货地址',
  `deliver_time` varchar(255) NOT NULL DEFAULT '' COMMENT '发货时间',
  `shipping_price` decimal(10,2) NOT NULL DEFAULT '0.00' COMMENT '邮费 0 为包邮',
  `enabled` tinyint(1) unsigned NOT NULL DEFAULT '1' COMMENT '是否开启 1开启 0否',
  `pricing_mode` varchar(10) DEFAULT '1' COMMENT '计价方式  1 按件数 2 按重量 3  按体积',
  `delivery_mode` tinyint(1) unsigned NOT NULL DEFAULT '1' COMMENT '运送方式 1 快递 2 EMS 3 EMS',
  `addtime` int(10) unsigned NOT NULL COMMENT '添加时间',
  PRIMARY KEY (`shipping_id`),
  KEY `shipping_code` (`shipping_name`,`enabled`)
) ENGINE=InnoDB DEFAULT CHARSET=utf8mb4 COMMENT='店铺运费表';
/*!40101 SET character_set_client = @saved_cs_client */;

--
-- Dumping data for table `kts_shop_shipping`
--

LOCK TABLES `kts_shop_shipping` WRITE;
/*!40000 ALTER TABLE `kts_shop_shipping` DISABLE KEYS */;
/*!40000 ALTER TABLE `kts_shop_shipping` ENABLE KEYS */;
UNLOCK TABLES;

--
-- Table structure for table `kts_shop_visit`
--

DROP TABLE IF EXISTS `kts_shop_visit`;
/*!40101 SET @saved_cs_client     = @@character_set_client */;
/*!40101 SET character_set_client = utf8 */;
CREATE TABLE `kts_shop_visit` (
  `id` int(10) unsigned NOT NULL AUTO_INCREMENT,
  `user_id` int(10) unsigned NOT NULL DEFAULT '0' COMMENT '浏览人',
  `shop_id` int(10) unsigned NOT NULL DEFAULT '0' COMMENT '浏览店铺',
  `visit_time` int(10) unsigned NOT NULL DEFAULT '0' COMMENT '浏览时间',
  PRIMARY KEY (`id`)
) ENGINE=InnoDB AUTO_INCREMENT=6 DEFAULT CHARSET=utf8mb4;
/*!40101 SET character_set_client = @saved_cs_client */;

--
-- Dumping data for table `kts_shop_visit`
--

LOCK TABLES `kts_shop_visit` WRITE;
/*!40000 ALTER TABLE `kts_shop_visit` DISABLE KEYS */;
INSERT INTO `kts_shop_visit` VALUES (1,20,1,1487056171),(2,20,1,1487056189),(3,20,1,1487121803),(4,20,1,1487121858),(5,20,1,1487559712);
/*!40000 ALTER TABLE `kts_shop_visit` ENABLE KEYS */;
UNLOCK TABLES;

--
-- Table structure for table `kts_special_book`
--

DROP TABLE IF EXISTS `kts_special_book`;
/*!40101 SET @saved_cs_client     = @@character_set_client */;
/*!40101 SET character_set_client = utf8 */;
CREATE TABLE `kts_special_book` (
  `id` int(10) unsigned NOT NULL AUTO_INCREMENT,
  `special_id` int(10) unsigned NOT NULL DEFAULT '0' COMMENT '专题ID',
  `book_id` int(10) unsigned NOT NULL DEFAULT '0' COMMENT '图书id',
  `book_type` tinyint(3) unsigned NOT NULL DEFAULT '1' COMMENT '图书类型',
  `book_name` varchar(64) NOT NULL COMMENT '书名',
  `author` varchar(64) NOT NULL COMMENT '作者',
  `press` varchar(64) DEFAULT NULL COMMENT '出版社',
  `price` decimal(10,2) unsigned DEFAULT '0.00' COMMENT '价格',
  `image` varchar(200) DEFAULT NULL COMMENT '图片',
  `create_time` int(10) unsigned DEFAULT '0' COMMENT '添加时间',
  PRIMARY KEY (`id`)
) ENGINE=InnoDB DEFAULT CHARSET=utf8mb4;
/*!40101 SET character_set_client = @saved_cs_client */;

--
-- Dumping data for table `kts_special_book`
--

LOCK TABLES `kts_special_book` WRITE;
/*!40000 ALTER TABLE `kts_special_book` DISABLE KEYS */;
/*!40000 ALTER TABLE `kts_special_book` ENABLE KEYS */;
UNLOCK TABLES;

--
-- Table structure for table `kts_special_topic`
--

DROP TABLE IF EXISTS `kts_special_topic`;
/*!40101 SET @saved_cs_client     = @@character_set_client */;
/*!40101 SET character_set_client = utf8 */;
CREATE TABLE `kts_special_topic` (
  `id` int(10) unsigned NOT NULL AUTO_INCREMENT COMMENT '表Id',
  `installments` varchar(10) DEFAULT NULL COMMENT '期数',
  `title` varchar(64) NOT NULL COMMENT '话题标题',
  `url` varchar(200) DEFAULT NULL COMMENT '话题图片',
  `create_time` int(11) unsigned NOT NULL DEFAULT '0' COMMENT '启动时间',
  `is_show` tinyint(3) unsigned NOT NULL DEFAULT '1' COMMENT '是否失效 0 失效 1 正常',
  PRIMARY KEY (`id`)
) ENGINE=InnoDB DEFAULT CHARSET=utf8mb4;
/*!40101 SET character_set_client = @saved_cs_client */;

--
-- Dumping data for table `kts_special_topic`
--

LOCK TABLES `kts_special_topic` WRITE;
/*!40000 ALTER TABLE `kts_special_topic` DISABLE KEYS */;
/*!40000 ALTER TABLE `kts_special_topic` ENABLE KEYS */;
UNLOCK TABLES;

--
-- Table structure for table `kts_stock`
--

DROP TABLE IF EXISTS `kts_stock`;
/*!40101 SET @saved_cs_client     = @@character_set_client */;
/*!40101 SET character_set_client = utf8 */;
CREATE TABLE `kts_stock` (
  `stock_id` int(10) unsigned NOT NULL AUTO_INCREMENT,
  `cg_id` int(10) unsigned DEFAULT NULL COMMENT '图书分类',
  `book_id` int(10) unsigned DEFAULT NULL COMMENT '图书ID',
  `type` tinyint(3) unsigned DEFAULT '1' COMMENT '书类型 1表示普通书，0表示二手书',
  `book_stock` decimal(10,2) NOT NULL DEFAULT '0.00' COMMENT '邮费',
  `stock_desc` varchar(30) DEFAULT '包邮' COMMENT '快递描述',
  PRIMARY KEY (`stock_id`),
  KEY `cg_id` (`cg_id`,`book_id`,`type`,`stock_desc`) USING BTREE
) ENGINE=InnoDB DEFAULT CHARSET=utf8mb4 COMMENT='运费表';
/*!40101 SET character_set_client = @saved_cs_client */;

--
-- Dumping data for table `kts_stock`
--

LOCK TABLES `kts_stock` WRITE;
/*!40000 ALTER TABLE `kts_stock` DISABLE KEYS */;
/*!40000 ALTER TABLE `kts_stock` ENABLE KEYS */;
UNLOCK TABLES;

--
-- Table structure for table `kts_system_action_log`
--

DROP TABLE IF EXISTS `kts_system_action_log`;
/*!40101 SET @saved_cs_client     = @@character_set_client */;
/*!40101 SET character_set_client = utf8 */;
CREATE TABLE `kts_system_action_log` (
  `ac_id` int(11) NOT NULL AUTO_INCREMENT,
  `user_id` int(5) NOT NULL COMMENT '用户ID',
  `user_name` varchar(30) NOT NULL COMMENT '用户名',
  `module` varchar(40) NOT NULL COMMENT '模块',
  `action` varchar(40) NOT NULL COMMENT '操作',
  `querystring` varchar(255) NOT NULL COMMENT 'URL',
  `ip` varchar(15) NOT NULL COMMENT 'IP',
  `time` datetime NOT NULL COMMENT '时间',
  `status` tinyint(1) NOT NULL COMMENT '0：操作失败; 1：操作成功；2：无权限',
  `del_status` tinyint(1) NOT NULL DEFAULT '0' COMMENT '0：正常状态; 1：逻辑删除',
  PRIMARY KEY (`ac_id`)
) ENGINE=InnoDB DEFAULT CHARSET=utf8mb4 COMMENT='后台行为记录';
/*!40101 SET character_set_client = @saved_cs_client */;

--
-- Dumping data for table `kts_system_action_log`
--

LOCK TABLES `kts_system_action_log` WRITE;
/*!40000 ALTER TABLE `kts_system_action_log` DISABLE KEYS */;
/*!40000 ALTER TABLE `kts_system_action_log` ENABLE KEYS */;
UNLOCK TABLES;

--
-- Table structure for table `kts_system_login_log`
--

DROP TABLE IF EXISTS `kts_system_login_log`;
/*!40101 SET @saved_cs_client     = @@character_set_client */;
/*!40101 SET character_set_client = utf8 */;
CREATE TABLE `kts_system_login_log` (
  `login_id` int(10) unsigned NOT NULL AUTO_INCREMENT COMMENT '日志ID',
  `user_id` int(11) unsigned NOT NULL COMMENT '用户ID',
  `user_name` varchar(30) NOT NULL DEFAULT '' COMMENT '登录帐号',
  `login_time` datetime NOT NULL DEFAULT '0000-00-00 00:00:00' COMMENT '登录时间',
  `login_ip` varchar(15) NOT NULL DEFAULT '' COMMENT '登录IP',
  `login_location` varchar(255) DEFAULT NULL COMMENT '登录地址',
  `status` tinyint(1) NOT NULL DEFAULT '0' COMMENT '状态:1为登录成功，0为登录失败',
  `log_password` varchar(30) NOT NULL DEFAULT '' COMMENT '尝试错误密码',
  PRIMARY KEY (`login_id`),
  KEY `status` (`status`) USING BTREE
) ENGINE=InnoDB DEFAULT CHARSET=utf8mb4 COMMENT='用户登录日志表';
/*!40101 SET character_set_client = @saved_cs_client */;

--
-- Dumping data for table `kts_system_login_log`
--

LOCK TABLES `kts_system_login_log` WRITE;
/*!40000 ALTER TABLE `kts_system_login_log` DISABLE KEYS */;
/*!40000 ALTER TABLE `kts_system_login_log` ENABLE KEYS */;
UNLOCK TABLES;

--
-- Table structure for table `kts_system_user`
--

DROP TABLE IF EXISTS `kts_system_user`;
/*!40101 SET @saved_cs_client     = @@character_set_client */;
/*!40101 SET character_set_client = utf8 */;
CREATE TABLE `kts_system_user` (
  `user_id` int(10) unsigned NOT NULL AUTO_INCREMENT COMMENT '系统管理员用户id',
  `user_name` varchar(20) NOT NULL COMMENT '系统管理员用户名',
  `password` char(32) NOT NULL COMMENT '系统管理员用户密码',
  `status` tinyint(1) unsigned NOT NULL DEFAULT '0' COMMENT '状态 1:启用 0:禁止',
  `remark` varchar(20) DEFAULT NULL COMMENT '备注说明',
  `last_login_time` datetime NOT NULL COMMENT '最后登录时间',
  `last_login_ip` varchar(15) DEFAULT NULL COMMENT '最后登录IP',
  `last_location` varchar(100) DEFAULT NULL COMMENT '最后登录位置',
  `province_id` int(11) DEFAULT NULL COMMENT '省份',
  `city_id` int(11) DEFAULT NULL COMMENT '市(地区)',
  PRIMARY KEY (`user_id`),
  KEY `username` (`user_name`) USING BTREE
) ENGINE=InnoDB DEFAULT CHARSET=utf8mb4 COMMENT='平台系统账号';
/*!40101 SET character_set_client = @saved_cs_client */;

--
-- Dumping data for table `kts_system_user`
--

LOCK TABLES `kts_system_user` WRITE;
/*!40000 ALTER TABLE `kts_system_user` DISABLE KEYS */;
/*!40000 ALTER TABLE `kts_system_user` ENABLE KEYS */;
UNLOCK TABLES;

--
-- Table structure for table `kts_test`
--

DROP TABLE IF EXISTS `kts_test`;
/*!40101 SET @saved_cs_client     = @@character_set_client */;
/*!40101 SET character_set_client = utf8 */;
CREATE TABLE `kts_test` (
  `id` int(10) unsigned NOT NULL AUTO_INCREMENT,
  `text` text NOT NULL,
  PRIMARY KEY (`id`)
) ENGINE=InnoDB DEFAULT CHARSET=utf8mb4;
/*!40101 SET character_set_client = @saved_cs_client */;

--
-- Dumping data for table `kts_test`
--

LOCK TABLES `kts_test` WRITE;
/*!40000 ALTER TABLE `kts_test` DISABLE KEYS */;
/*!40000 ALTER TABLE `kts_test` ENABLE KEYS */;
UNLOCK TABLES;

--
-- Table structure for table `kts_topic`
--

DROP TABLE IF EXISTS `kts_topic`;
/*!40101 SET @saved_cs_client     = @@character_set_client */;
/*!40101 SET character_set_client = utf8 */;
CREATE TABLE `kts_topic` (
  `topic_id` int(10) unsigned NOT NULL AUTO_INCREMENT,
  `tag_id` int(10) unsigned NOT NULL DEFAULT '1' COMMENT '话题标签id',
  `user_id` int(10) unsigned NOT NULL COMMENT '创建话题的用户ID',
  `user_name` varchar(64) NOT NULL DEFAULT '' COMMENT '用户名字',
  `user_avatar` varchar(255) NOT NULL DEFAULT '' COMMENT '用户头像',
  `addtime` int(10) unsigned NOT NULL COMMENT '发帖时间',
  `title` varchar(100) NOT NULL COMMENT '标题',
  `content` varchar(255) NOT NULL COMMENT '发帖内容',
  `is_show` tinyint(1) NOT NULL DEFAULT '1' COMMENT '是否展示',
  `updtime` int(10) unsigned NOT NULL DEFAULT '0' COMMENT '修改时间',
  `imageurl` varchar(255) NOT NULL DEFAULT '' COMMENT '话题的图片,用;隔开',
  `videourl` varchar(100) NOT NULL DEFAULT '' COMMENT '视频的链接地址',
  `discuss_number` int(10) unsigned DEFAULT '0' COMMENT '评论人数',
  `sorts` int(8) NOT NULL DEFAULT '0' COMMENT '位置（值越高位置越近）',
  `like_num` int(11) unsigned NOT NULL DEFAULT '0' COMMENT '点赞数',
  PRIMARY KEY (`topic_id`),
  KEY `tag_id` (`tag_id`,`user_id`) USING BTREE
) ENGINE=InnoDB AUTO_INCREMENT=21 DEFAULT CHARSET=utf8mb4 COMMENT='话题表';
/*!40101 SET character_set_client = @saved_cs_client */;

--
-- Dumping data for table `kts_topic`
--

LOCK TABLES `kts_topic` WRITE;
/*!40000 ALTER TABLE `kts_topic` DISABLE KEYS */;
INSERT INTO `kts_topic` VALUES (1,1,2,'我是','http://120.77.214.101:8080/Public/avatar/518/2.png',1484070372,'有谁有好书介绍？','最好是金融类的。。',1,1484070372,'','',1,1,0),(2,2,6,'kts_0111693530814','http://120.77.214.101:8080/Public/avatar/117/.png',1484071294,'好书在哪里？','兵器大家风范',1,1484071294,'','',1,0,0),(3,1,9,'kts_01111817917440','http://120.77.214.101:8080/Public/avatar/avatar.png',1484102539,'世界上的图书在哪里','在这里',1,1484102539,'topic_20170111104217951.jpg;topic_20170111104217191.jpg;topic_20170111104217331.jpg;topic_20170111104217441.jpg;topic_20170111104217621.jpg;','',1,0,0),(4,2,6,'心所欲不逾矩','http://120.77.214.101:8080/Public/avatar/792/6.png',1484144561,'密秘花园','涂色书,字像花。图案很难。',1,1484144561,'','',0,0,0),(5,2,6,'心所欲不逾矩','http://120.77.214.101:8080/Public/avatar/792/6.png',1484144783,'小豆豆丟失的记忆','真人故事，回忆，图案很美。',1,1484144783,'','',0,0,0),(6,1,11,'士加堡主机','http://120.77.214.101:8080/Public/avatar/681/11.png',1484145995,'好书多多','歹5￥㎏',1,1484145995,'','',2,0,0),(7,2,6,'','',1484391456,'书在哪里?','不知道。',1,1484391456,'','',1,0,0),(8,1,6,'','',1484498759,'DIY手工艺品自制','DIY，手工。自制，服装，收纳工具。精致、精美!',1,1484498759,'','',0,0,0),(9,2,14,'','',1484536869,'十万个冷笑话','谁有？',1,1484536869,'','',1,0,0),(10,1,14,'','',1484536968,'十万个为什么','十万火急',1,1484536968,'','',0,0,0),(11,2,6,'','',1484579166,'植物大百科','彩图版，中文版。',1,1484579166,'','',0,0,0),(12,1,14,'','',1484625174,'神奇的动物','哪里有哪里有',1,1484625174,'','',0,0,0),(13,2,11,'','',1484749259,'糖糖仙女','梦幻，童话。',1,1484749259,'','',0,0,0),(14,1,12,'','',1486108030,'2月20日名家签售会等你来','知名作家小明亲临现场！还等什么！',1,1486108030,'topic_20170203034707821.jpg;topic_20170203034708801.jpg;','',1,0,0),(15,1,12,'','',1486108030,'2月20日名家签售会等你来','知名作家小明亲临现场！还等什么！',1,1486108030,'topic_20170203034707821.jpg;topic_20170203034708801.jpg;','',0,0,0),(16,2,12,'','',1486108244,'寻1911年山海经','1911年出版的！谁有',1,1486108244,'','',2,0,0),(17,2,20,'','',1487155600,'过好每一天','人老了，还健康',1,1487155600,'','',0,0,0),(18,3,8,'','',1487317309,'这样的一个历史时间','1895年2月，清政府任命李鸿章为“头等全权大臣”赴日议和。',1,1487317309,'','',0,0,0),(19,2,6,'','',1487473307,'弘一','反g',1,1487473307,'','',0,0,0),(20,1,12,'','',1487511918,'签售会','签售会\n',1,1487511918,'','',1,0,0);
/*!40000 ALTER TABLE `kts_topic` ENABLE KEYS */;
UNLOCK TABLES;

--
-- Table structure for table `kts_topic_comment`
--

DROP TABLE IF EXISTS `kts_topic_comment`;
/*!40101 SET @saved_cs_client     = @@character_set_client */;
/*!40101 SET character_set_client = utf8 */;
CREATE TABLE `kts_topic_comment` (
  `comment_id` int(10) unsigned NOT NULL AUTO_INCREMENT,
  `topic_id` int(10) unsigned NOT NULL COMMENT '话题id',
  `user_id` int(10) unsigned NOT NULL COMMENT '评论话题的用户ID',
  `user_name` varchar(64) NOT NULL DEFAULT '' COMMENT '用户名字',
  `user_avatar` varchar(255) NOT NULL DEFAULT '' COMMENT '用户头像',
  `content` varchar(255) NOT NULL COMMENT '评论内容',
  `addtime` int(10) unsigned NOT NULL COMMENT '评论时间',
  `fid` int(10) unsigned DEFAULT '0' COMMENT '父类ID',
  `is_show` tinyint(2) NOT NULL DEFAULT '1',
  `comment_number` int(10) unsigned DEFAULT '0' COMMENT '评论人数',
  `like_number` int(10) unsigned DEFAULT '0' COMMENT '点赞人数',
  PRIMARY KEY (`comment_id`),
  KEY `topic_id` (`topic_id`,`user_id`) USING BTREE,
  KEY `user_id` (`topic_id`,`user_id`) USING BTREE
) ENGINE=InnoDB AUTO_INCREMENT=14 DEFAULT CHARSET=utf8mb4 COMMENT='话题评论表';
/*!40101 SET character_set_client = @saved_cs_client */;

--
-- Dumping data for table `kts_topic_comment`
--

LOCK TABLES `kts_topic_comment` WRITE;
/*!40000 ALTER TABLE `kts_topic_comment` DISABLE KEYS */;
INSERT INTO `kts_topic_comment` VALUES (1,1,2,'我是','http://120.77.214.101:8080/Public/avatar/518/2.png','有人在吗？',1484190800,0,1,0,0),(2,2,2,'我是','http://120.77.214.101:8080/Public/avatar/518/2.png','好书我也想知道在哪？',1484214997,0,1,0,0),(3,6,2,'我的肾','http://121.196.230.128:8384/Public/avatar/avatar.png','真的吗？介绍下哩',1484215090,0,1,1,1),(4,3,12,'','http://120.77.214.101:8080/Public/avatar/avatar.png','好看',1484306599,0,1,0,0),(5,7,3,'','http://120.77.214.101:8080/Public/avatar/611/3.png','dryy',1484537031,0,1,0,0),(6,9,14,'','http://120.77.214.101:8080/Public/avatar/627/14.png','拉拉淋出来',1484537063,0,1,0,0),(7,6,12,'','http://120.77.214.101:8080/Public/avatar/avatar.png','很好',1484537300,0,1,0,1),(8,6,8,'','http://120.77.214.101:8080/Public/avatar/avatar.png','评论哈哈哈',1484556776,3,1,1,0),(9,6,2,'','http://120.77.214.101:8080/Public/avatar/437/2.png','我也评论，哈哈',1484736507,8,1,0,0),(10,14,12,'','http://120.77.214.101:8080/Public/avatar/avatar.png','去去去！',1486108057,0,1,0,1),(11,16,12,'','http://120.77.214.101:8080/Public/avatar/avatar.png','找了很多年了',1486108284,0,1,0,0),(12,16,12,'','http://120.77.214.101:8080/Public/avatar/avatar.png','我在广州东圃一间书店好像看过',1486108321,0,1,0,0),(13,20,12,'','http://120.77.214.101:8080/Public/avatar/avatar.png','什么时候',1487511932,0,1,0,0);
/*!40000 ALTER TABLE `kts_topic_comment` ENABLE KEYS */;
UNLOCK TABLES;

--
-- Table structure for table `kts_topic_comment_likes`
--

DROP TABLE IF EXISTS `kts_topic_comment_likes`;
/*!40101 SET @saved_cs_client     = @@character_set_client */;
/*!40101 SET character_set_client = utf8 */;
CREATE TABLE `kts_topic_comment_likes` (
  `likes_id` int(10) unsigned NOT NULL AUTO_INCREMENT,
  `comment_id` int(10) unsigned NOT NULL COMMENT '评论id',
  `user_id` int(10) unsigned NOT NULL COMMENT '点赞评论的用户ID',
  `addtime` int(10) unsigned NOT NULL COMMENT '点赞时间',
  PRIMARY KEY (`likes_id`),
  KEY `comment_id` (`comment_id`,`user_id`) USING BTREE
) ENGINE=InnoDB AUTO_INCREMENT=4 DEFAULT CHARSET=utf8mb4 COMMENT='评论点赞详情表';
/*!40101 SET character_set_client = @saved_cs_client */;

--
-- Dumping data for table `kts_topic_comment_likes`
--

LOCK TABLES `kts_topic_comment_likes` WRITE;
/*!40000 ALTER TABLE `kts_topic_comment_likes` DISABLE KEYS */;
INSERT INTO `kts_topic_comment_likes` VALUES (1,7,12,1484537315),(2,3,12,1484537316),(3,10,12,1486108062);
/*!40000 ALTER TABLE `kts_topic_comment_likes` ENABLE KEYS */;
UNLOCK TABLES;

--
-- Table structure for table `kts_topic_follow`
--

DROP TABLE IF EXISTS `kts_topic_follow`;
/*!40101 SET @saved_cs_client     = @@character_set_client */;
/*!40101 SET character_set_client = utf8 */;
CREATE TABLE `kts_topic_follow` (
  `follow_id` int(10) unsigned NOT NULL AUTO_INCREMENT,
  `user_id` int(10) unsigned NOT NULL COMMENT '用户的id',
  `follow_user` int(10) unsigned NOT NULL COMMENT '关注发布话题热门的用户id',
  `addtime` int(10) unsigned NOT NULL COMMENT '关注时间',
  PRIMARY KEY (`follow_id`),
  KEY `follow_user` (`follow_user`,`user_id`) USING BTREE
) ENGINE=InnoDB AUTO_INCREMENT=22 DEFAULT CHARSET=utf8mb4 COMMENT='话题用户关注表';
/*!40101 SET character_set_client = @saved_cs_client */;

--
-- Dumping data for table `kts_topic_follow`
--

LOCK TABLES `kts_topic_follow` WRITE;
/*!40000 ALTER TABLE `kts_topic_follow` DISABLE KEYS */;
INSERT INTO `kts_topic_follow` VALUES (1,2,4,1484084934),(4,6,6,1484144602),(8,14,14,1484373542),(9,12,11,1484537333),(13,3,9,1484666963),(14,13,1,1484825914),(16,2,14,1486545669),(17,1,1,1486695629),(18,1,17,1486695860),(19,1,12,1486696320),(20,17,9,1487040313),(21,13,2,1487041994);
/*!40000 ALTER TABLE `kts_topic_follow` ENABLE KEYS */;
UNLOCK TABLES;

--
-- Table structure for table `kts_topic_history`
--

DROP TABLE IF EXISTS `kts_topic_history`;
/*!40101 SET @saved_cs_client     = @@character_set_client */;
/*!40101 SET character_set_client = utf8 */;
CREATE TABLE `kts_topic_history` (
  `topic_id` int(10) unsigned NOT NULL COMMENT '话题id',
  `history_id` int(10) unsigned NOT NULL DEFAULT '1' COMMENT '历史表id',
  PRIMARY KEY (`topic_id`)
) ENGINE=InnoDB DEFAULT CHARSET=utf8mb4 COMMENT='话题历史栏目表';
/*!40101 SET character_set_client = @saved_cs_client */;

--
-- Dumping data for table `kts_topic_history`
--

LOCK TABLES `kts_topic_history` WRITE;
/*!40000 ALTER TABLE `kts_topic_history` DISABLE KEYS */;
INSERT INTO `kts_topic_history` VALUES (18,3969);
/*!40000 ALTER TABLE `kts_topic_history` ENABLE KEYS */;
UNLOCK TABLES;

--
-- Table structure for table `kts_topic_recommend`
--

DROP TABLE IF EXISTS `kts_topic_recommend`;
/*!40101 SET @saved_cs_client     = @@character_set_client */;
/*!40101 SET character_set_client = utf8 */;
CREATE TABLE `kts_topic_recommend` (
  `recommend_id` int(10) unsigned NOT NULL AUTO_INCREMENT,
  `topic_id` int(10) unsigned NOT NULL COMMENT '话题id',
  `sorting` int(4) unsigned NOT NULL DEFAULT '0' COMMENT '排序',
  `addtime` int(10) unsigned NOT NULL COMMENT '添加时间',
  PRIMARY KEY (`recommend_id`),
  UNIQUE KEY `topic_id` (`topic_id`) USING BTREE
) ENGINE=InnoDB DEFAULT CHARSET=utf8mb4 COMMENT='话题推荐表';
/*!40101 SET character_set_client = @saved_cs_client */;

--
-- Dumping data for table `kts_topic_recommend`
--

LOCK TABLES `kts_topic_recommend` WRITE;
/*!40000 ALTER TABLE `kts_topic_recommend` DISABLE KEYS */;
/*!40000 ALTER TABLE `kts_topic_recommend` ENABLE KEYS */;
UNLOCK TABLES;

--
-- Table structure for table `kts_topic_tag`
--

DROP TABLE IF EXISTS `kts_topic_tag`;
/*!40101 SET @saved_cs_client     = @@character_set_client */;
/*!40101 SET character_set_client = utf8 */;
CREATE TABLE `kts_topic_tag` (
  `tag_id` int(10) unsigned NOT NULL AUTO_INCREMENT,
  `tag_name` varchar(50) NOT NULL COMMENT '话题名称',
  `tag_describe` varchar(255) DEFAULT NULL,
  `post_num` int(10) unsigned NOT NULL DEFAULT '0' COMMENT '帖子数目',
  `create_time` int(10) unsigned NOT NULL COMMENT '创建时间',
  `is_show` tinyint(1) NOT NULL DEFAULT '1' COMMENT '是否展示',
  PRIMARY KEY (`tag_id`),
  KEY `user_id` (`post_num`) USING BTREE
) ENGINE=InnoDB AUTO_INCREMENT=4 DEFAULT CHARSET=utf8mb4 COMMENT='话题标签表';
/*!40101 SET character_set_client = @saved_cs_client */;

--
-- Dumping data for table `kts_topic_tag`
--

LOCK TABLES `kts_topic_tag` WRITE;
/*!40000 ALTER TABLE `kts_topic_tag` DISABLE KEYS */;
INSERT INTO `kts_topic_tag` VALUES (1,'读书','读求列表',0,1481872886,1),(2,'求书','求书列表',0,1481872886,1),(3,'历史','历史列表',0,1481872886,1);
/*!40000 ALTER TABLE `kts_topic_tag` ENABLE KEYS */;
UNLOCK TABLES;

--
-- Table structure for table `kts_user`
--

DROP TABLE IF EXISTS `kts_user`;
/*!40101 SET @saved_cs_client     = @@character_set_client */;
/*!40101 SET character_set_client = utf8 */;
CREATE TABLE `kts_user` (
  `user_id` int(10) unsigned NOT NULL AUTO_INCREMENT,
  `name` varchar(20) DEFAULT NULL COMMENT '用户名称',
  `phone` varchar(20) NOT NULL COMMENT '手机号码',
  `password` char(32) DEFAULT NULL COMMENT '登录密码',
  `pay_pwd` char(32) DEFAULT '0' COMMENT '交易密码',
  `money` decimal(10,2) unsigned NOT NULL DEFAULT '0.00' COMMENT '金钱',
  `integral` int(10) unsigned NOT NULL DEFAULT '0' COMMENT '积分',
  `appkey` varchar(80) DEFAULT '0' COMMENT '用户的app登录凭证',
  `is_show` int(10) unsigned NOT NULL DEFAULT '0' COMMENT '是否展示 0隐藏 1显示',
  `salt` char(50) NOT NULL,
  PRIMARY KEY (`user_id`),
  UNIQUE KEY ```phone``` (`phone`) USING BTREE,
  UNIQUE KEY `phone` (`phone`) USING BTREE,
  UNIQUE KEY `name` (`name`) USING BTREE
) ENGINE=InnoDB AUTO_INCREMENT=21 DEFAULT CHARSET=utf8mb4 COMMENT='用户表';
/*!40101 SET character_set_client = @saved_cs_client */;

--
-- Dumping data for table `kts_user`
--

LOCK TABLES `kts_user` WRITE;
/*!40000 ALTER TABLE `kts_user` DISABLE KEYS */;
INSERT INTO `kts_user` VALUES (1,'将计就妓','13676238786','3657fb98dad9ae9332c217051431c02c','0',0.00,1145,'2085985337',1,'384930784'),(2,'一直都在','13570315105','ed14608f76bb764046cc79278677a090','14e1b600b1fd579f47433b88e8d85291',0.00,794,'2074370799',1,'584019886'),(3,'?','13143708937','cfad60d84b52215401c0e085686dae00','0',0.00,557,'780288678',1,'805024654'),(4,'papercu','13725474374','b71a063d92d52844afe7e3a2f592f437','0',0.00,355,'2041422740',1,'837284500'),(5,'kts_01101788901801','13413885166','1ad15d679e6458af21f2e189d9ea7459','0',0.00,5,'535637979',1,'906688095'),(6,'书王大哥','15322038098','19fad75b01f6ee86a5d9dfe25fa78981','0',0.00,1020,'889143771',1,'776039551'),(7,'??','15013539538','357809bc47849fe425246e72a2d4683a','0',0.00,880,'1308883136',1,'1386990373'),(8,'ktlokiy','18377611196','37648baed54ec09c0b5597fb36a77304','14e1b600b1fd579f47433b88e8d85291',0.00,805,'416224549',1,'275825559'),(9,'kts_01111817917440','18680503513','c82bb29d1775ee067349cd9140b5c27f','0',0.00,340,'333604071',1,'1461308912'),(10,'kts_01111620215906','13676238782','d06fa9f3aaa487125ba05d52262680a2','0',0.00,200,'2017849026',1,'819493179'),(11,'士加堡大哥们儿','18026316583','13911944350fca6242f04b7f9ca6eb20','0',0.00,735,'1740306817',1,'1586588040'),(12,'小书房','15914323892','6a17af76a384978ed4b98b9d020bc619','0',0.00,715,'929854602',1,'330674232'),(13,'南街','13570033464','3515f0d9c1469e2e0858be3cdb64e18c','0',0.00,615,'1933505585',1,'1279662369'),(14,'萨瓦迪Krub ','15915080010','813dae909dbe91702b7860b1c7e3e313','0',0.00,502,'849093756',1,'1286897709'),(15,'15622163010','15622163010','a46ee4d771acfdca9681762001893e17','0',0.00,200,'713597499',1,'803480989'),(16,'海贼王','13570315188','c426e36cb322702985a1115316b1e40c','0',0.00,200,'596758303',1,'2070355927'),(17,'敏','15360528506','b0a6996dfc2b4a17dc8282dfa39841b2','0',0.00,695,'780680967',1,'890597247'),(18,'kts_02072016279595','18617352212','a0c03b8b3428058d9fef4643bc1de78c','0',0.00,580,'832814502',1,'1100462709'),(19,'士加堡','18922386448','4a21dbf667ace61baa28d9897218ffae','0',0.00,250,'345013971',1,'1302965371'),(20,'快图书','18078810724','79c8d43a7386fc5f799b968ef6aaca88','0',0.00,355,'1031004780',1,'1453490978');
/*!40000 ALTER TABLE `kts_user` ENABLE KEYS */;
UNLOCK TABLES;

--
-- Table structure for table `kts_user_address`
--

DROP TABLE IF EXISTS `kts_user_address`;
/*!40101 SET @saved_cs_client     = @@character_set_client */;
/*!40101 SET character_set_client = utf8 */;
CREATE TABLE `kts_user_address` (
  `address_id` int(10) unsigned NOT NULL AUTO_INCREMENT,
  `user_id` int(10) unsigned DEFAULT NULL COMMENT '用户ID',
  `postcode` varchar(255) DEFAULT NULL COMMENT '邮编',
  `province` varchar(255) DEFAULT NULL COMMENT '省',
  `city` varchar(200) DEFAULT NULL COMMENT '市',
  `area` varchar(200) DEFAULT NULL COMMENT '区/县',
  `street` varchar(50) DEFAULT NULL COMMENT '街道',
  `address` varchar(255) DEFAULT NULL COMMENT '详细地址',
  `consignee` varchar(30) NOT NULL COMMENT '收货人的名字',
  `mobile` varchar(20) NOT NULL COMMENT '收货人的手机',
  `is_default` tinyint(3) unsigned NOT NULL DEFAULT '1',
  PRIMARY KEY (`address_id`)
) ENGINE=InnoDB AUTO_INCREMENT=6 DEFAULT CHARSET=utf8mb4 COMMENT='用户收货地址表';
/*!40101 SET character_set_client = @saved_cs_client */;

--
-- Dumping data for table `kts_user_address`
--

LOCK TABLES `kts_user_address` WRITE;
/*!40000 ALTER TABLE `kts_user_address` DISABLE KEYS */;
INSERT INTO `kts_user_address` VALUES (1,4,NULL,'江苏省','常州市','新北区',NULL,'东海','陈伙佳','13725474374',1),(2,2,NULL,'江苏省','常州市','新北区',NULL,'大学城华工生活区','陈伙佳','13570315105',0),(3,1,NULL,'广东省','广州市','从化市',NULL,'广州从化市温泉镇','呵呵','13676238786',1),(4,7,NULL,'甘肃省','白银市','白银区',NULL,'打火机的','路家浩','15013539538',1),(5,2,NULL,'广东省','广州市','白云区',NULL,'广州我起来咯末','邱。','13570315105',1);
/*!40000 ALTER TABLE `kts_user_address` ENABLE KEYS */;
UNLOCK TABLES;

--
-- Table structure for table `kts_user_coupon`
--

DROP TABLE IF EXISTS `kts_user_coupon`;
/*!40101 SET @saved_cs_client     = @@character_set_client */;
/*!40101 SET character_set_client = utf8 */;
CREATE TABLE `kts_user_coupon` (
  `id` int(11) unsigned NOT NULL AUTO_INCREMENT,
  `user_id` int(10) unsigned NOT NULL,
  `c_id` int(10) unsigned NOT NULL COMMENT '优惠卷ID',
  `use_time` int(10) unsigned NOT NULL DEFAULT '0' COMMENT '使用时间',
  `dead_time` int(10) unsigned NOT NULL DEFAULT '0' COMMENT '最后使用时间',
  `use_number` int(10) unsigned NOT NULL DEFAULT '0' COMMENT '使用数量',
  `description` varchar(255) DEFAULT NULL COMMENT '用途',
  `spare` int(10) unsigned NOT NULL DEFAULT '1' COMMENT '剩余',
  `addtime` int(10) unsigned NOT NULL COMMENT '发放时间',
  PRIMARY KEY (`id`),
  KEY `user_id` (`c_id`,`user_id`) USING BTREE
) ENGINE=InnoDB DEFAULT CHARSET=utf8mb4;
/*!40101 SET character_set_client = @saved_cs_client */;

--
-- Dumping data for table `kts_user_coupon`
--

LOCK TABLES `kts_user_coupon` WRITE;
/*!40000 ALTER TABLE `kts_user_coupon` DISABLE KEYS */;
/*!40000 ALTER TABLE `kts_user_coupon` ENABLE KEYS */;
UNLOCK TABLES;

--
-- Table structure for table `kts_user_im`
--

DROP TABLE IF EXISTS `kts_user_im`;
/*!40101 SET @saved_cs_client     = @@character_set_client */;
/*!40101 SET character_set_client = utf8 */;
CREATE TABLE `kts_user_im` (
  `user_id` int(10) unsigned NOT NULL COMMENT '用户ID',
  `token` varchar(100) NOT NULL COMMENT '融云的用户token',
  `addtime` int(10) unsigned NOT NULL COMMENT '添加时间',
  PRIMARY KEY (`user_id`)
) ENGINE=InnoDB DEFAULT CHARSET=utf8mb4;
/*!40101 SET character_set_client = @saved_cs_client */;

--
-- Dumping data for table `kts_user_im`
--

LOCK TABLES `kts_user_im` WRITE;
/*!40000 ALTER TABLE `kts_user_im` DISABLE KEYS */;
/*!40000 ALTER TABLE `kts_user_im` ENABLE KEYS */;
UNLOCK TABLES;

--
-- Table structure for table `kts_user_integral_goods`
--

DROP TABLE IF EXISTS `kts_user_integral_goods`;
/*!40101 SET @saved_cs_client     = @@character_set_client */;
/*!40101 SET character_set_client = utf8 */;
CREATE TABLE `kts_user_integral_goods` (
  `trade_id` int(11) unsigned NOT NULL AUTO_INCREMENT,
  `user_id` int(10) unsigned NOT NULL,
  `g_id` int(10) unsigned NOT NULL COMMENT '兑换对应的商品表ID',
  `shipping_status` tinyint(1) unsigned NOT NULL DEFAULT '0' COMMENT '商品配送状态。0 未发货,1发货中,3已收货',
  `shipping_time` int(10) unsigned NOT NULL DEFAULT '0' COMMENT '订单配送时间',
  `addtime` int(10) unsigned NOT NULL COMMENT '添加时间',
  `consignee` varchar(60) NOT NULL COMMENT '收货人的姓名，默认取值于表user_address',
  `province` varchar(30) NOT NULL DEFAULT '0' COMMENT '收货人的省份',
  `city` varchar(30) NOT NULL DEFAULT '0' COMMENT '收货人的城市',
  `street` varchar(50) DEFAULT NULL COMMENT '街道',
  `district` varchar(30) NOT NULL DEFAULT '0' COMMENT '收货人的地区',
  `address` varchar(255) NOT NULL DEFAULT '0' COMMENT '收货人的详细地址，默认取值于表user_address',
  `mobile` varchar(60) NOT NULL COMMENT '收货人的手机，默认取值于表user_address',
  PRIMARY KEY (`trade_id`),
  KEY `user_id` (`g_id`,`user_id`) USING BTREE
) ENGINE=InnoDB DEFAULT CHARSET=utf8mb4;
/*!40101 SET character_set_client = @saved_cs_client */;

--
-- Dumping data for table `kts_user_integral_goods`
--

LOCK TABLES `kts_user_integral_goods` WRITE;
/*!40000 ALTER TABLE `kts_user_integral_goods` DISABLE KEYS */;
/*!40000 ALTER TABLE `kts_user_integral_goods` ENABLE KEYS */;
UNLOCK TABLES;

--
-- Table structure for table `kts_user_login_log`
--

DROP TABLE IF EXISTS `kts_user_login_log`;
/*!40101 SET @saved_cs_client     = @@character_set_client */;
/*!40101 SET character_set_client = utf8 */;
CREATE TABLE `kts_user_login_log` (
  `userid` int(11) NOT NULL,
  `id` int(11) unsigned NOT NULL AUTO_INCREMENT,
  `login_time` char(20) DEFAULT NULL,
  `login_ip` char(50) DEFAULT NULL,
  `ty` int(5) DEFAULT NULL COMMENT '登陆方式:1:QQ,2:微信，3：密码',
  `op` int(5) DEFAULT NULL COMMENT '1：安卓，2：ios,3：windows',
  PRIMARY KEY (`id`,`userid`)
) ENGINE=InnoDB AUTO_INCREMENT=366 DEFAULT CHARSET=utf8;
/*!40101 SET character_set_client = @saved_cs_client */;

--
-- Dumping data for table `kts_user_login_log`
--

LOCK TABLES `kts_user_login_log` WRITE;
/*!40000 ALTER TABLE `kts_user_login_log` DISABLE KEYS */;
INSERT INTO `kts_user_login_log` VALUES (1,1,'1484046784','59.41.92.152',3,1),(1,2,'1484046839','59.41.92.152',3,1),(1,3,'1484046929','59.41.92.152',3,1),(1,4,'1484046991','59.41.92.152',3,1),(1,5,'1484047075','59.41.92.152',3,1),(1,6,'1484047281','59.41.92.152',3,1),(1,7,'1484047504','59.41.92.152',3,1),(1,8,'1484047522','59.41.92.152',3,1),(1,9,'1484047590','59.41.92.152',3,1),(2,10,'1484048112','59.41.92.152',3,1),(2,11,'1484048141','59.41.92.152',3,1),(2,12,'1484048269','59.41.92.152',3,1),(3,13,'1484048299','59.41.92.152',3,1),(3,14,'1484048328','59.41.92.152',3,1),(3,15,'1484048340','59.41.92.152',3,1),(3,16,'1484048361','59.41.92.152',3,1),(3,17,'1484048405','59.41.92.152',3,1),(3,18,'1484048419','59.41.92.152',3,1),(3,19,'1484048502','59.41.92.152',3,1),(3,20,'1484048527','59.41.92.152',3,1),(3,21,'1484048750','59.41.92.152',3,1),(2,22,'1484048758','59.41.92.152',3,1),(3,23,'1484048765','59.41.92.152',3,1),(3,24,'1484048995','59.41.92.152',3,1),(4,25,'1484049044','59.41.92.152',3,1),(2,26,'1484049074','59.41.92.152',3,1),(4,27,'1484049090','59.41.92.152',3,1),(2,28,'1484049096','59.41.92.152',3,1),(3,29,'1484049098','59.41.92.152',3,1),(3,30,'1484049177','59.41.92.152',3,1),(3,31,'1484049227','59.41.92.152',3,1),(3,32,'1484049306','59.41.92.152',3,1),(3,33,'1484049310','59.41.92.152',3,1),(3,34,'1484049316','59.41.92.152',3,1),(3,35,'1484049350','59.41.92.152',3,1),(3,36,'1484049430','59.41.92.152',3,1),(3,37,'1484049575','59.41.92.152',3,1),(4,38,'1484049595','59.41.92.152',3,1),(4,39,'1484049629','59.41.92.152',3,1),(3,40,'1484049697','59.41.92.152',3,1),(4,41,'1484049747','59.41.92.152',3,1),(3,42,'1484049777','59.41.92.152',3,1),(3,43,'1484049813','59.41.92.152',3,1),(3,44,'1484049814','59.41.92.152',3,1),(3,45,'1484049814','59.41.92.152',3,1),(3,46,'1484049815','59.41.92.152',3,1),(3,47,'1484049874','59.41.92.152',3,1),(3,48,'1484049969','59.41.92.152',3,1),(3,49,'1484050215','59.41.92.152',3,1),(2,50,'1484050222','59.41.92.152',3,1),(3,51,'1484050343','59.41.92.152',3,1),(3,52,'1484050360','59.41.92.152',3,1),(3,53,'1484050399','59.41.92.152',3,1),(2,54,'1484051143','59.41.92.152',3,1),(2,55,'1484051533','59.41.92.152',3,1),(2,56,'1484051919','59.41.92.152',3,1),(3,57,'1484051927','59.41.92.152',3,1),(4,58,'1484051988','59.41.92.152',3,1),(4,59,'1484051993','59.41.92.152',3,1),(3,60,'1484053187','59.41.92.152',3,1),(4,61,'1484053211','59.41.92.152',3,1),(3,62,'1484053257','59.41.92.152',3,1),(3,63,'1484053260','59.41.92.152',3,1),(4,64,'1484053278','59.41.92.152',3,1),(3,65,'1484053286','59.41.92.152',3,1),(3,66,'1484053297','59.41.92.152',3,1),(3,67,'1484053302','59.41.92.152',3,1),(3,68,'1484053823','59.41.92.152',3,1),(3,69,'1484053824','59.41.92.152',3,1),(3,70,'1484053825','59.41.92.152',3,1),(3,71,'1484053826','59.41.92.152',3,1),(4,72,'1484053836','59.41.92.152',3,1),(4,73,'1484053837','59.41.92.152',3,1),(4,74,'1484053837','59.41.92.152',3,1),(4,75,'1484053837','59.41.92.152',3,1),(4,76,'1484053838','59.41.92.152',3,1),(4,77,'1484053838','59.41.92.152',3,1),(3,78,'1484053840','59.41.92.152',3,1),(3,79,'1484053840','59.41.92.152',3,1),(3,80,'1484053841','59.41.92.152',3,1),(3,81,'1484053841','59.41.92.152',3,1),(3,82,'1484053842','59.41.92.152',3,1),(3,83,'1484053843','59.41.92.152',3,1),(2,84,'1484053851','59.41.92.152',3,1),(2,85,'1484053852','59.41.92.152',3,1),(2,86,'1484053853','59.41.92.152',3,1),(2,87,'1484053854','59.41.92.152',3,1),(2,88,'1484053856','59.41.92.152',3,1),(2,89,'1484053863','59.41.92.152',3,1),(2,90,'1484053868','59.41.92.152',3,1),(2,91,'1484053871','59.41.92.152',3,1),(2,92,'1484053882','59.41.92.152',3,1),(3,93,'1484053923','59.41.92.152',3,1),(3,94,'1484053933','59.41.92.152',3,1),(4,95,'1484053940','59.41.92.152',3,1),(2,96,'1484053944','59.41.92.152',3,1),(2,97,'1484053963','59.41.92.152',3,1),(2,98,'1484053981','59.41.92.152',3,1),(3,99,'1484053990','59.41.92.152',3,1),(3,100,'1484054572','59.41.92.152',3,1),(4,101,'1484054574','59.41.92.152',3,1),(3,102,'1484054705','59.41.92.152',3,1),(3,103,'1484054722','59.41.92.152',3,1),(3,104,'1484054966','59.41.92.152',3,1),(3,105,'1484055228','59.41.92.152',3,1),(3,106,'1484055247','59.41.92.152',3,1),(4,107,'1484055263','59.41.92.152',3,1),(3,108,'1484055314','59.41.92.152',3,1),(2,109,'1484055333','59.41.92.152',3,1),(2,110,'1484055346','59.41.92.152',3,1),(4,111,'1484055348','59.41.92.152',3,1),(3,112,'1484055357','59.41.92.152',3,1),(2,113,'1484055365','59.41.92.152',3,1),(3,114,'1484055387','59.41.92.152',3,1),(3,115,'1484055388','59.41.92.152',3,1),(3,116,'1484055389','59.41.92.152',3,1),(2,117,'1484055398','59.41.92.152',3,1),(2,118,'1484055399','59.41.92.152',3,1),(2,119,'1484055400','59.41.92.152',3,1),(2,120,'1484055400','59.41.92.152',3,1),(2,121,'1484055400','59.41.92.152',3,1),(2,122,'1484055400','59.41.92.152',3,1),(2,123,'1484055400','59.41.92.152',3,1),(2,124,'1484055400','59.41.92.152',3,1),(2,125,'1484055401','59.41.92.152',3,1),(2,126,'1484055401','59.41.92.152',3,1),(2,127,'1484055401','59.41.92.152',3,1),(2,128,'1484055401','59.41.92.152',3,1),(2,129,'1484055401','59.41.92.152',3,1),(2,130,'1484055402','59.41.92.152',3,1),(2,131,'1484055402','59.41.92.152',3,1),(2,132,'1484055402','59.41.92.152',3,1),(2,133,'1484055402','59.41.92.152',3,1),(2,134,'1484055402','59.41.92.152',3,1),(2,135,'1484055402','59.41.92.152',3,1),(2,136,'1484055402','59.41.92.152',3,1),(2,137,'1484055403','59.41.92.152',3,1),(2,138,'1484055404','59.41.92.152',3,1),(3,139,'1484055455','59.41.92.152',3,1),(3,140,'1484055542','59.41.92.152',3,1),(3,141,'1484055558','59.41.92.152',3,1),(3,142,'1484055577','59.41.92.152',3,1),(5,143,'1484055643','59.41.92.152',3,1),(5,144,'1484055670','59.41.92.152',3,1),(3,145,'1484055683','59.41.92.152',3,1),(4,146,'1484055775','59.41.92.152',3,1),(2,147,'1484056029','59.41.92.152',3,1),(4,148,'1484056141','59.41.92.152',3,1),(4,149,'1484056154','59.41.92.152',3,1),(4,150,'1484056159','59.41.92.152',3,1),(4,151,'1484056213','59.41.92.152',3,1),(4,152,'1484056220','59.41.92.152',3,1),(4,153,'1484056229','59.41.92.152',3,1),(4,154,'1484056259','59.41.92.152',3,1),(4,155,'1484056288','59.41.92.152',3,1),(4,156,'1484056301','59.41.92.152',3,1),(4,157,'1484056340','59.41.92.152',3,1),(4,158,'1484056396','59.41.92.152',3,1),(2,159,'1484056431','59.41.92.152',3,1),(2,160,'1484056450','59.41.92.152',3,1),(2,161,'1484056489','59.41.92.152',3,1),(2,162,'1484056501','59.41.92.152',3,1),(4,163,'1484056503','59.41.92.152',3,1),(2,164,'1484056508','59.41.92.152',3,1),(2,165,'1484056539','59.41.92.152',3,1),(2,166,'1484056547','59.41.92.152',3,1),(3,167,'1484056589','59.41.92.152',3,1),(2,168,'1484057199','59.41.92.152',3,1),(2,169,'1484057380','59.41.92.152',3,1),(4,170,'1484057391','59.41.92.152',3,1),(4,171,'1484057420','59.41.92.152',3,1),(3,172,'1484057711','59.41.92.152',3,1),(2,173,'1484057739','59.41.92.152',3,1),(2,174,'1484057745','59.41.92.152',3,1),(4,175,'1484057979','59.41.92.152',3,1),(4,176,'1484058025','59.41.92.152',3,1),(4,177,'1484058091','59.41.92.152',3,1),(4,178,'1484058113','59.41.92.152',3,1),(3,179,'1484058198','59.41.92.152',3,1),(4,180,'1484058252','59.41.92.152',3,1),(2,181,'1484058323','59.41.92.152',3,1),(4,182,'1484058477','59.41.92.152',3,1),(3,183,'1484058495','59.41.92.152',3,1),(3,184,'1484058553','59.41.92.152',3,1),(3,185,'1484058634','59.41.92.152',3,1),(4,186,'1484058637','59.41.92.152',3,1),(2,187,'1484058661','59.41.92.152',3,1),(4,188,'1484058750','59.41.92.152',3,1),(2,189,'1484058759','59.41.92.152',3,1),(4,190,'1484058827','59.41.92.152',3,1),(2,191,'1484058829','59.41.92.152',3,1),(2,192,'1484058845','59.41.92.152',3,1),(2,193,'1484058858','59.41.92.152',3,1),(4,194,'1484058870','59.41.92.152',3,1),(3,195,'1484058887','59.41.92.152',3,1),(2,196,'1484058910','59.41.92.152',3,1),(3,197,'1484058956','59.41.92.152',3,1),(4,198,'1484058959','59.41.92.152',3,1),(2,199,'1484059566','59.41.92.152',3,1),(2,200,'1484059574','59.41.92.152',3,1),(2,201,'1484059578','59.41.92.152',3,1),(1,202,'1484059621','120.85.77.33',3,1),(2,203,'1484059623','59.41.92.152',3,1),(2,204,'1484059628','59.41.92.152',3,1),(1,205,'1484059628','120.85.77.33',3,1),(3,206,'1484060042','59.41.92.152',3,1),(2,207,'1484060067','59.41.92.152',3,1),(2,208,'1484060068','59.41.92.152',3,1),(2,209,'1484060103','59.41.92.152',3,1),(2,210,'1484060188','59.41.92.152',3,1),(4,211,'1484063015','59.41.92.152',3,1),(3,212,'1484063570','119.9.108.51',3,1),(3,213,'1484063603','119.9.108.51',3,1),(2,214,'1484066693','59.41.92.152',3,1),(2,215,'1484066714','59.41.92.152',3,1),(2,216,'1484066812','59.41.92.152',3,1),(2,217,'1484066830','59.41.92.152',3,1),(2,218,'1484066894','59.41.92.152',3,1),(2,219,'1484066898','59.41.92.152',3,1),(2,220,'1484066908','59.41.92.152',3,1),(2,221,'1484066934','59.41.92.152',3,1),(2,222,'1484066997','59.41.92.152',3,1),(2,223,'1484067060','59.41.92.152',3,1),(2,224,'1484067215','59.41.92.152',3,1),(2,225,'1484067256','59.41.92.152',3,1),(2,226,'1484067279','59.41.92.152',3,1),(2,227,'1484067282','59.41.92.152',3,1),(2,228,'1484067731','59.41.92.152',3,1),(2,229,'1484067734','59.41.92.152',3,1),(2,230,'1484067743','59.41.92.152',3,1),(2,231,'1484068804','59.41.92.152',3,1),(2,232,'1484068814','59.41.92.152',3,1),(2,233,'1484068934','59.41.92.152',3,1),(2,234,'1484068951','59.41.92.152',3,1),(4,235,'1484069120','59.41.92.152',3,1),(3,236,'1484069130','59.41.92.152',3,1),(2,237,'1484069982','59.41.92.152',3,1),(3,238,'1484070066','59.41.92.152',3,1),(6,239,'1484070380','113.67.156.103',3,1),(2,240,'1484078381','59.41.92.152',3,1),(2,241,'1484079273','59.41.92.152',3,1),(2,242,'1484079291','59.41.92.152',3,1),(1,243,'1484095744','59.41.92.225',3,1),(7,244,'1484097813','59.41.92.225',3,1),(7,245,'1484098100','59.41.92.225',3,1),(8,246,'1484098172','59.41.92.225',3,1),(3,247,'1484098759','59.41.92.225',3,1),(3,248,'1484098871','59.41.92.225',3,1),(3,249,'1484098874','59.41.92.225',3,1),(3,250,'1484098936','59.41.92.225',3,1),(3,251,'1484098957','59.41.92.225',3,1),(3,252,'1484100310','59.41.92.225',3,1),(3,253,'1484100312','59.41.92.225',3,1),(3,254,'1484100383','59.41.92.225',3,1),(9,255,'1484102446','59.41.92.225',3,1),(10,256,'1484104029','59.41.92.225',3,1),(11,257,'1484104667','59.41.92.225',3,1),(1,258,'1484105458','59.41.92.225',3,1),(1,259,'1484129234','59.41.92.225',3,1),(11,260,'1484134068','59.41.92.225',3,1),(6,261,'1484143704','113.67.156.103',3,1),(11,262,'1484145070','113.67.156.103',3,1),(12,263,'1484147899','117.73.240.140',3,1),(13,264,'1484153370','117.73.240.140',3,1),(14,265,'1484155509','117.73.240.140',3,1),(7,266,'1484184225','59.41.65.222',3,1),(1,267,'1484188488','59.41.65.222',3,1),(1,268,'1484205416','59.41.65.222',3,1),(1,269,'1484207563','59.41.65.222',3,1),(2,270,'1484216581','59.41.65.222',3,1),(1,271,'1484216588','59.41.65.222',3,1),(15,272,'1484218015','101.104.16.117',1,1),(15,273,'1484218429','101.104.16.117',1,1),(15,274,'1484218460','101.104.16.117',1,1),(15,275,'1484218490','101.104.16.117',3,1),(14,276,'1484271845','117.73.240.173',3,1),(6,277,'1484275654','59.41.65.115',3,1),(2,278,'1484298038','59.41.65.115',3,1),(16,279,'1484298078','59.41.65.115',3,1),(2,280,'1484299294','59.41.65.115',3,1),(2,281,'1484305890','59.41.65.115',3,1),(3,282,'1484318173','183.48.47.9',3,1),(4,283,'1484361058','45.32.84.31',3,1),(3,284,'1484369039','59.41.65.115',3,1),(3,285,'1484374563','59.41.65.115',3,1),(1,286,'1484378839','120.85.77.160',3,1),(9,287,'1484380153','59.41.65.115',3,1),(9,288,'1484389182','59.41.65.115',3,1),(3,289,'1484392221','59.41.65.115',3,1),(6,290,'1484394368','59.41.65.115',3,1),(11,291,'1484394419','59.41.65.115',3,1),(7,292,'1484534456','59.41.93.110',3,1),(6,293,'1484536205','59.41.93.110',3,1),(8,294,'1484545578','59.41.93.110',3,1),(1,295,'1484617081','59.41.65.208',3,1),(1,296,'1484667047','120.85.77.170',3,1),(11,297,'1484722092','58.62.53.86',3,1),(1,298,'1484725965','59.41.65.208',3,1),(3,299,'1484727652','59.41.65.208',3,1),(2,300,'1484736447','59.41.65.208',3,1),(1,301,'1484736548','59.41.65.208',3,1),(1,302,'1484823713','59.41.65.26',3,1),(7,303,'1484826844','45.32.84.31',3,1),(1,304,'1484874551','59.41.65.26',3,1),(7,305,'1484879585','45.32.84.31',3,1),(1,306,'1484879737','59.41.65.26',3,1),(8,307,'1484891433','59.41.92.155',3,1),(1,308,'1484891515','59.41.92.155',3,1),(4,309,'1485440880','223.104.1.197',3,1),(1,310,'1486091371','59.41.64.60',3,1),(17,311,'1486191186','59.41.64.60',3,1),(8,312,'1486191605','183.236.19.67',3,1),(17,313,'1486191876','59.41.64.60',3,1),(1,314,'1486373780','59.41.64.76',3,1),(7,315,'1486373797','59.41.64.76',3,1),(18,316,'1486429467','59.41.64.75',3,2),(18,317,'1486429474','59.41.64.75',3,2),(2,318,'1486521439','59.41.64.75',3,1),(7,319,'1486524953','59.41.64.75',3,1),(8,320,'1486544220','59.41.64.75',3,1),(8,321,'1486544535','59.41.64.75',3,1),(2,322,'1486544536','59.41.64.75',3,1),(8,323,'1486544748','59.41.64.75',3,1),(1,324,'1486610245','59.41.92.243',3,1),(1,325,'1486610886','59.41.92.243',3,1),(1,326,'1486623500','59.41.92.243',3,1),(1,327,'1486632470','59.41.92.243',3,1),(1,328,'1486712198','59.41.92.243',3,1),(8,329,'1486714370','59.41.92.243',3,1),(3,330,'1486974275','59.41.93.197',3,1),(13,331,'1487035210','59.41.93.197',3,1),(14,332,'1487035333','59.41.93.197',3,1),(14,333,'1487035613','59.41.93.197',3,1),(14,334,'1487035667','59.41.93.197',3,1),(1,335,'1487039337','59.41.93.197',3,1),(3,336,'1487042062','59.41.93.197',3,1),(1,337,'1487051483','59.41.93.197',3,1),(19,338,'1487054697','59.41.93.197',3,1),(8,339,'1487055349','59.41.93.197',3,1),(20,340,'1487055526','59.41.93.197',3,1),(8,341,'1487058392','59.41.93.197',3,1),(8,342,'1487125598','59.41.93.17',3,1),(4,343,'1487143085','59.41.93.17',3,1),(4,344,'1487143204','59.41.93.17',3,1),(1,345,'1487152102','59.41.93.17',3,1),(1,346,'1487152418','59.41.93.17',3,1),(3,347,'1487155664','59.41.93.17',3,1),(1,348,'1487207607','59.41.93.17',3,1),(1,349,'1487208604','59.41.93.17',3,1),(18,350,'1487216870','59.41.93.17',3,2),(1,351,'1487293875','59.41.93.17',3,1),(1,352,'1487294259','59.41.93.17',3,1),(8,353,'1487299491','59.41.92.207',3,1),(1,354,'1487300125','59.41.92.207',3,1),(1,355,'1487315078','59.41.92.88',3,1),(8,356,'1487317305','59.41.92.88',3,1),(1,357,'1487383364','59.41.64.19',3,1),(6,358,'1487390942','59.41.64.19',3,1),(11,359,'1487391671','59.41.64.19',3,1),(1,360,'1487409648','59.41.93.160',3,1),(8,361,'1487409932','59.41.93.160',3,1),(1,362,'1487417626','120.85.77.165',3,1),(13,363,'1487552631','59.41.93.160',3,1),(8,364,'1487559432','59.41.93.160',3,1),(1,365,'1487559800','59.41.93.160',3,1);
/*!40000 ALTER TABLE `kts_user_login_log` ENABLE KEYS */;
UNLOCK TABLES;

--
-- Table structure for table `kts_user_message`
--

DROP TABLE IF EXISTS `kts_user_message`;
/*!40101 SET @saved_cs_client     = @@character_set_client */;
/*!40101 SET character_set_client = utf8 */;
CREATE TABLE `kts_user_message` (
  `u_m_id` int(10) unsigned NOT NULL AUTO_INCREMENT,
  `user_id` int(10) unsigned NOT NULL COMMENT '用户ID',
  `message_id` int(10) unsigned NOT NULL COMMENT '消息推送表ID',
  `read_time` int(10) unsigned DEFAULT NULL COMMENT '接受时间',
  PRIMARY KEY (`u_m_id`)
) ENGINE=InnoDB AUTO_INCREMENT=5 DEFAULT CHARSET=utf8mb4 COMMENT='接受消息推送表';
/*!40101 SET character_set_client = @saved_cs_client */;

--
-- Dumping data for table `kts_user_message`
--

LOCK TABLES `kts_user_message` WRITE;
/*!40000 ALTER TABLE `kts_user_message` DISABLE KEYS */;
INSERT INTO `kts_user_message` VALUES (1,2,1,1484071907),(2,8,1,1484209347),(3,1,1,1486433664),(4,14,1,1487040280);
/*!40000 ALTER TABLE `kts_user_message` ENABLE KEYS */;
UNLOCK TABLES;

--
-- Table structure for table `kts_user_money_log`
--

DROP TABLE IF EXISTS `kts_user_money_log`;
/*!40101 SET @saved_cs_client     = @@character_set_client */;
/*!40101 SET character_set_client = utf8 */;
CREATE TABLE `kts_user_money_log` (
  `log_id` mediumint(8) unsigned NOT NULL AUTO_INCREMENT COMMENT '日志id',
  `user_id` mediumint(8) unsigned NOT NULL COMMENT '用户id',
  `before_money` decimal(10,2) NOT NULL DEFAULT '0.00' COMMENT '变动前金额',
  `after_money` decimal(10,2) NOT NULL DEFAULT '0.00' COMMENT '变动后金额',
  `change_money` decimal(10,2) unsigned NOT NULL DEFAULT '0.00' COMMENT '变动金额',
  `pay_points` mediumint(9) NOT NULL COMMENT '支付积分',
  `change_time` int(10) unsigned NOT NULL COMMENT '变动时间',
  `title` varchar(20) NOT NULL COMMENT '标题',
  `pay_user_name` varchar(255) NOT NULL COMMENT '付款人',
  `order_sn` varchar(50) DEFAULT NULL COMMENT '订单编号',
  `order_id` int(10) DEFAULT NULL COMMENT '订单id',
  `is_inc` tinyint(1) unsigned NOT NULL DEFAULT '1' COMMENT '是否收入 1收入 2支出 ',
  PRIMARY KEY (`log_id`),
  KEY `user_id` (`user_id`)
) ENGINE=InnoDB DEFAULT CHARSET=utf8mb4;
/*!40101 SET character_set_client = @saved_cs_client */;

--
-- Dumping data for table `kts_user_money_log`
--

LOCK TABLES `kts_user_money_log` WRITE;
/*!40000 ALTER TABLE `kts_user_money_log` DISABLE KEYS */;
/*!40000 ALTER TABLE `kts_user_money_log` ENABLE KEYS */;
UNLOCK TABLES;

--
-- Table structure for table `kts_user_third_login`
--

DROP TABLE IF EXISTS `kts_user_third_login`;
/*!40101 SET @saved_cs_client     = @@character_set_client */;
/*!40101 SET character_set_client = utf8 */;
CREATE TABLE `kts_user_third_login` (
  `user_id` int(10) NOT NULL,
  `ty` int(100) NOT NULL COMMENT 'QQ:1 WX:2',
  `openid` varchar(100) NOT NULL,
  PRIMARY KEY (`ty`,`openid`),
  UNIQUE KEY `user_id` (`user_id`,`ty`) USING BTREE
) ENGINE=InnoDB DEFAULT CHARSET=utf8mb4;
/*!40101 SET character_set_client = @saved_cs_client */;

--
-- Dumping data for table `kts_user_third_login`
--

LOCK TABLES `kts_user_third_login` WRITE;
/*!40000 ALTER TABLE `kts_user_third_login` DISABLE KEYS */;
INSERT INTO `kts_user_third_login` VALUES (15,1,'0CCC368DAA3AAA98DFBB67F2F7094435');
/*!40000 ALTER TABLE `kts_user_third_login` ENABLE KEYS */;
UNLOCK TABLES;

--
-- Table structure for table `kts_user_xq`
--

DROP TABLE IF EXISTS `kts_user_xq`;
/*!40101 SET @saved_cs_client     = @@character_set_client */;
/*!40101 SET character_set_client = utf8 */;
CREATE TABLE `kts_user_xq` (
  `user_id` int(10) unsigned NOT NULL COMMENT '用户ID',
  `sex` char(20) DEFAULT '男' COMMENT '性别 默认男 ',
  `city` varchar(200) DEFAULT NULL COMMENT '城市',
  `introduce` varchar(255) DEFAULT NULL COMMENT '用户简介',
  `create_time` int(10) unsigned NOT NULL COMMENT '注册时间',
  `shop_name` varchar(255) DEFAULT NULL COMMENT '店铺名称',
  `source` varchar(200) DEFAULT NULL COMMENT '注册来源',
  `share_num` int(10) unsigned NOT NULL DEFAULT '0' COMMENT '分享次数',
  `sell_num` int(10) unsigned NOT NULL DEFAULT '0' COMMENT '出售书本',
  PRIMARY KEY (`user_id`)
) ENGINE=InnoDB DEFAULT CHARSET=utf8mb4 COMMENT='用户详情表';
/*!40101 SET character_set_client = @saved_cs_client */;

--
-- Dumping data for table `kts_user_xq`
--

LOCK TABLES `kts_user_xq` WRITE;
/*!40000 ALTER TABLE `kts_user_xq` DISABLE KEYS */;
INSERT INTO `kts_user_xq` VALUES (1,'男',NULL,'将计就妓',1484046784,NULL,'1',12,2),(2,'男',NULL,'啊啊啊啊啊啊啊啊啊啊好好',1484048112,NULL,'1',2,0),(3,'男',NULL,'撑起雨伞全世界在下雨',1484048299,NULL,'1',1,0),(4,'男',NULL,NULL,1484049044,NULL,'1',0,1),(5,'男',NULL,NULL,1484055643,NULL,'1',0,0),(6,'男',NULL,'建筑理想空间',1484070380,NULL,'1',20,3),(7,'男',NULL,'Lucas',1484097813,NULL,'1',1,1),(8,'男',NULL,NULL,1484098172,NULL,'1',0,0),(9,'男',NULL,NULL,1484102446,NULL,'1',2,0),(10,'男',NULL,NULL,1484104029,NULL,'1',0,0),(11,'男',NULL,'五彩缤纷',1484104667,NULL,'1',9,1),(12,'男',NULL,NULL,1484147899,NULL,'1',2,0),(13,'男',NULL,NULL,1484153370,NULL,'1',13,0),(14,'男',NULL,NULL,1484155509,NULL,'1',2,0),(15,'男',NULL,NULL,1484218015,NULL,'1',0,0),(16,'男',NULL,NULL,1484298078,NULL,'1',0,0),(17,'男',NULL,NULL,1486191186,NULL,'1',4,0),(18,'男',NULL,NULL,1486429467,NULL,'2',1,0),(19,'男',NULL,NULL,1487054697,NULL,'1',0,0),(20,'男',NULL,NULL,1487055526,NULL,'1',0,0);
/*!40000 ALTER TABLE `kts_user_xq` ENABLE KEYS */;
UNLOCK TABLES;

--
-- Table structure for table `kts_withdrawals`
--

DROP TABLE IF EXISTS `kts_withdrawals`;
/*!40101 SET @saved_cs_client     = @@character_set_client */;
/*!40101 SET character_set_client = utf8 */;
CREATE TABLE `kts_withdrawals` (
  `id` int(11) NOT NULL AUTO_INCREMENT COMMENT '提现申请表',
  `user_id` int(11) DEFAULT '0' COMMENT '用户id',
  `create_time` int(11) DEFAULT '0' COMMENT '申请日期',
  `money` decimal(10,2) DEFAULT '0.00' COMMENT '提现金额',
  `bank_name` varchar(32) CHARACTER SET utf8mb4 COLLATE utf8mb4_bin DEFAULT '' COMMENT '银行名称 如支付宝 微信 中国银行 农业银行等',
  `account_bank` varchar(32) CHARACTER SET utf8mb4 COLLATE utf8mb4_bin DEFAULT '' COMMENT '银行账号：支付宝 微信 中国银行 农业银行',
  `account_name` varchar(32) CHARACTER SET utf8mb4 COLLATE utf8mb4_bin DEFAULT '' COMMENT '银行账户名 可以是支付宝可以其他银行',
  `remark` varchar(1024) CHARACTER SET utf8mb4 COLLATE utf8mb4_bin DEFAULT '' COMMENT '提现备注',
  `status` tinyint(1) DEFAULT '0' COMMENT '提现状态0申请中1申请成功2申请失败',
  PRIMARY KEY (`id`)
) ENGINE=InnoDB DEFAULT CHARSET=utf8mb4;
/*!40101 SET character_set_client = @saved_cs_client */;

--
-- Dumping data for table `kts_withdrawals`
--

LOCK TABLES `kts_withdrawals` WRITE;
/*!40000 ALTER TABLE `kts_withdrawals` DISABLE KEYS */;
/*!40000 ALTER TABLE `kts_withdrawals` ENABLE KEYS */;
UNLOCK TABLES;
/*!40103 SET TIME_ZONE=@OLD_TIME_ZONE */;

/*!40101 SET SQL_MODE=@OLD_SQL_MODE */;
/*!40014 SET FOREIGN_KEY_CHECKS=@OLD_FOREIGN_KEY_CHECKS */;
/*!40014 SET UNIQUE_CHECKS=@OLD_UNIQUE_CHECKS */;
/*!40101 SET CHARACTER_SET_CLIENT=@OLD_CHARACTER_SET_CLIENT */;
/*!40101 SET CHARACTER_SET_RESULTS=@OLD_CHARACTER_SET_RESULTS */;
/*!40101 SET COLLATION_CONNECTION=@OLD_COLLATION_CONNECTION */;
/*!40111 SET SQL_NOTES=@OLD_SQL_NOTES */;

-- Dump completed on 2017-02-20 11:06:09
